<?xml version="1.0"?>
<!--Isa_TCPIP_Modbus_Chiller-->
<APC_DDF xmlns:xsi="http://www.w3.org/2001/XMLSchema-instance" xsi:noNamespaceSchemaLocation="http://localhost/ddf_schema/apc_ddf_1_5.xsd"
        ddfid ="isa_SNMP_Chiller_imperial" ddfname="Isa_SNMP_Chiller (Imperial Units)"
        ddfversion="2" canremove="yes">
  <schemaVersion>1.6</schemaVersion>

  <device deviceid="isa_SNMP_Chiller_imperial_header">
    <oidMustExist ruleid="isa" oid=".1.3.6.1.4.1.99001.2.1" istree="yes" />
    <setProductData ruleid="typedata" field="type">Cooling Device</setProductData>
    <setProductData ruleid="vendordata" field="vendor">Uniflair/Schneider-Electric</setProductData>
    <setProductData ruleid="modeldata" field="model">ISA</setProductData>
    
      <suppressRule ruleid="suppresscorevendordata" suppressid="core/mib2data/vendordata"/>
       <suppressRule ruleid="suppresscoremodeldata" suppressid="core/mib2data/modeldata"/>
       <suppressRule ruleid="suppresscoretypedata" suppressid="core/mib2data/typedata"/>
    
  </device>

  <device deviceid="isa_SNMP_Chiller_imperial_sensors">
    <oidMustExist ruleid="isa" oid=".1.3.6.1.4.1.99001.2.1" istree="yes" />

    <!--Analog Variables -->
    <numSensor ruleid="circuit_1_water_outlet_temperature_Sensor">
      <type>temp</type>
      <sensorId>CIRCUIT_1_WATER_OUTLET_TEMPERATURE</sensorId>
      <value>
		<div>
		<op>
			<sub>
			<op>
            <getOid>.1.3.6.1.4.1.99001.2.1.2.1.0</getOid>
			</op>
			<op>320</op>
			</sub>
		</op>
		<op>18</op>
		</div>
      </value>
      <valueInc>0.1</valueInc>
      <label>Circuit 1 Water Outlet Temperature</label>
      <sensorSet>Analog</sensorSet>
    </numSensor>

    <numSensor ruleid="circuit_2_water_outlet_temperature_Sensor">
      <type>temp</type>
      <sensorId>CIRCUIT_2_WATER_OUTLET_TEMPERATURE</sensorId>
      <value>
		<div>
		<op>
			<sub>
			<op>
            <getOid>.1.3.6.1.4.1.99001.2.1.2.2.0</getOid>
			</op>
			<op>320</op>
			</sub>
		</op>
		<op>18</op>
		</div>
      </value>
      <valueInc>0.1</valueInc>
      <label>Circuit 2 Water Outlet Temperature</label>
      <sensorSet>Analog</sensorSet>
    </numSensor>

    <numSensor ruleid="water_outlet_temperature_used_by_regulator_Sensor">
      <type>temp</type>
      <sensorId>WATER_OUTLET_TEMPERATURE_USED_BY_REGULATOR</sensorId>
      <value>
		<div>
		<op>
			<sub>
			<op>
            <getOid>.1.3.6.1.4.1.99001.2.1.2.3.0</getOid>
			</op>
			<op>320</op>
			</sub>
		</op>
		<op>18</op>
		</div>
      </value>
      <valueInc>0.1</valueInc>
      <label>Water Outlet Temperature Used By Regulator</label>
      <sensorSet>Analog</sensorSet>
    </numSensor>

    <numSensor ruleid="water_inlet_temperature_Sensor">
      <type>temp</type>
      <sensorId>WATER_INLET_TEMPERATURE</sensorId>
      <value>
		<div>
		<op>
			<sub>
			<op>
            <getOid>.1.3.6.1.4.1.99001.2.1.2.4.0</getOid>
			</op>
			<op>320</op>
			</sub>
		</op>
		<op>18</op>
		</div>
      </value>
      <valueInc>0.1</valueInc>
      <label>Water Inlet Temperature</label>
      <sensorSet>Analog</sensorSet>
    </numSensor>

    <numSensor ruleid="outdoor_temperature_Sensor">
      <type>temp</type>
      <sensorId>OUTDOOR_TEMPERATURE</sensorId>
      <value>
		<div>
		<op>
			<sub>
			<op>
            <getOid>.1.3.6.1.4.1.99001.2.1.2.5.0</getOid>
			</op>
			<op>320</op>
			</sub>
		</op>
		<op>18</op>
		</div>
      </value>
      <valueInc>0.1</valueInc>
      <label>Outdoor Temperature</label>
      <sensorSet>Analog</sensorSet>
    </numSensor>

    <numSensor ruleid="heat_recover_water_inlet_temperature_Sensor">
      <type>temp</type>
      <sensorId>HEAT_RECOVER_WATER_INLET_TEMPERATURE</sensorId>
      <value>
		<div>
		<op>
			<sub>
			<op>
            <getOid>.1.3.6.1.4.1.99001.2.1.2.6.0</getOid>
			</op>
			<op>320</op>
			</sub>
		</op>
		<op>18</op>
		</div>
      </value>
      <valueInc>0.1</valueInc>
      <label>Heat Recover Water Inlet Temperature</label>
      <sensorSet>Analog</sensorSet>
    </numSensor>

    <numSensor ruleid="circuit_1_condensing_pressure_Sensor">
      <type>pressure</type>
		<units>psi</units>
      <sensorId>CIRCUIT_1_CONDENSING_PRESSURE</sensorId>
      <value>
        <mult>
          <op>
            <getOid>.1.3.6.1.4.1.99001.2.1.2.7.0</getOid>
          </op>
          <op>0.689475728</op>
        </mult>
      </value>
      <valueInc>0.1</valueInc>
      <label>Circuit 1 Condensing Pressure</label>
      <sensorSet>Analog</sensorSet>
    </numSensor>

    <numSensor ruleid="circuit_2_condensing_pressure_Sensor">
      <type>pressure</type>
		<units>psi</units>
      <sensorId>CIRCUIT_2_CONDENSING_PRESSURE</sensorId>
      <value>
        <mult>
          <op>
            <getOid>.1.3.6.1.4.1.99001.2.1.2.8.0</getOid>
          </op>
          <op>0.689475728</op>
        </mult>
      </value>
      <valueInc>0.1</valueInc>
      <label>Circuit 2 Condensing Pressure</label>
      <sensorSet>Analog</sensorSet>
    </numSensor>

    <numSensor ruleid="circuit_1_evaporating_pressure_Sensor">
      <type>pressure</type>
		<units>psi</units>
      <sensorId>CIRCUIT_1_EVAPORATING_PRESSURE</sensorId>
      <value>
        <mult>
          <op>
            <getOid>.1.3.6.1.4.1.99001.2.1.2.9.0</getOid>
          </op>
          <op>0.689475728</op>
        </mult>
      </value>
      <valueInc>0.1</valueInc>
      <label>Circuit 1 Evaporating Pressure</label>
      <sensorSet>Analog</sensorSet>
    </numSensor>

    <numSensor ruleid="circuit_2_evaporating_pressure_Sensor">
      <type>pressure</type>
		<units>psi</units>
      <sensorId>CIRCUIT_2_EVAPORATING_PRESSURE</sensorId>
      <value>
        <mult>
          <op>
            <getOid>.1.3.6.1.4.1.99001.2.1.2.10.0</getOid>
          </op>
          <op>0.689475728</op>
        </mult>
      </value>
      <valueInc>0.1</valueInc>
      <label>Circuit 2 Evaporating Pressure</label>
      <sensorSet>Analog</sensorSet>
    </numSensor>

    <numSensor ruleid="circuit_1_condensing_temperature_Sensor">
      <type>temp</type>
      <sensorId>CIRCUIT_1_CONDENSING_TEMPERATURE</sensorId>
      <value>
		<div>
		<op>
			<sub>
			<op>
            <getOid>.1.3.6.1.4.1.99001.2.1.2.11.0</getOid>
			</op>
			<op>320</op>
			</sub>
		</op>
		<op>18</op>
		</div>
      </value>
      <valueInc>0.1</valueInc>
      <label>Circuit 1 Condensing Temperature</label>
      <sensorSet>Analog</sensorSet>
    </numSensor>

    <numSensor ruleid="circuit_2_condensing_temperature_Sensor">
      <type>temp</type>
      <sensorId>CIRCUIT_2_CONDENSING_TEMPERATURE</sensorId>
      <value>
		<div>
		<op>
			<sub>
			<op>
            <getOid>.1.3.6.1.4.1.99001.2.1.2.12.0</getOid>
			</op>
			<op>320</op>
			</sub>
		</op>
		<op>18</op>
		</div>
      </value>
      <valueInc>0.1</valueInc>
      <label>Circuit 2 Condensing Temperature</label>
      <sensorSet>Analog</sensorSet>
    </numSensor>

    <numSensor ruleid="circuit_1_evaporating_temperature_Sensor">
      <type>temp</type>
      <sensorId>CIRCUIT_1_EVAPORATING_TEMPERATURE</sensorId>
      <value>
		<div>
		<op>
			<sub>
			<op>
            <getOid>.1.3.6.1.4.1.99001.2.1.2.13.0</getOid>
			</op>
			<op>320</op>
			</sub>
		</op>
		<op>18</op>
		</div>
      </value>
      <valueInc>0.1</valueInc>
      <label>Circuit 1 Evaporating Temperature</label>
      <sensorSet>Analog</sensorSet>
    </numSensor>

    <numSensor ruleid="circuit_2_evaporating_temperature_Sensor">
      <type>temp</type>
      <sensorId>CIRCUIT_2_EVAPORATING_TEMPERATURE</sensorId>
      <value>
		<div>
		<op>
			<sub>
			<op>
            <getOid>.1.3.6.1.4.1.99001.2.1.2.14.0</getOid>
			</op>
			<op>320</op>
			</sub>
		</op>
		<op>18</op>
		</div>
      </value>
      <valueInc>0.1</valueInc>
      <label>Circuit 2 Evaporating Temperature</label>
      <sensorSet>Analog</sensorSet>
    </numSensor>

    <numSensor ruleid="fan_speed_modulation_Sensor">
      <type>pctofcapacity</type>
      <sensorId>FAN_SPEED_MODULATION</sensorId>
      <value>
        <mult>
          <op>
            <getOid>.1.3.6.1.4.1.99001.2.1.2.15.0</getOid>
          </op>
          <op>0.1</op>
        </mult>
      </value>
      <valueInc>0.1</valueInc>
      <label>Fan Speed Modulation</label>
      <sensorSet>Analog</sensorSet>
    </numSensor>

    <numSensor ruleid="delivery_water_temperature_actual_set_point_Sensor">
      <type>temp</type>
      <sensorId>DELIVERY_WATER_TEMPERATURE_ACTUAL_SET_POINT</sensorId>
      <value>
		<div>
		<op>
			<sub>
			<op>
            <getOid>.1.3.6.1.4.1.99001.2.1.2.16.0</getOid>
			</op>
			<op>320</op>
			</sub>
		</op>
		<op>18</op>
		</div>
      </value>
      <valueInc>0.1</valueInc>
      <label>Delivery Water Temperature Actual Set Point</label>
      <sensorSet>Analog</sensorSet>
    </numSensor>

    <numSensor ruleid="delivery_water_temperature_maximum_hysteresi_Sensor">
      <type>temp</type>
      <sensorId>DELIVERY_WATER_TEMPERATURE_MAXIMUM_HYSTERESI</sensorId>
      <value>
		<div>
		<op>
			<sub>
			<op>
            <getOid>.1.3.6.1.4.1.99001.2.1.2.17.0</getOid>
			</op>
			<op>320</op>
			</sub>
		</op>
		<op>18</op>
		</div>
      </value>
      <valueInc>0.1</valueInc>
      <label>Delivery Water Temperature Maximum Hysteresi</label>
      <sensorSet>Analog</sensorSet>
    </numSensor>

    <numSensor ruleid="circuit_1_superheating_Sensor">
      <type>temp</type>
      <sensorId>CIRCUIT_1_SUPERHEATING</sensorId>
      <value>
		<div>
		<op>
			<sub>
			<op>
            <getOid>.1.3.6.1.4.1.99001.2.1.2.18.0</getOid>
			</op>
			<op>320</op>
			</sub>
		</op>
		<op>18</op>
		</div>
      </value>
      <valueInc>0.1</valueInc>
      <label>Circuit 1 Superheating</label>
      <sensorSet>Analog</sensorSet>
    </numSensor>

    <numSensor ruleid="circuit_2_superheating_Sensor">
      <type>temp</type>
      <sensorId>CIRCUIT_2_SUPERHEATING</sensorId>
      <value>
		<div>
		<op>
			<sub>
			<op>
            <getOid>.1.3.6.1.4.1.99001.2.1.2.19.0</getOid>
			</op>
			<op>320</op>
			</sub>
		</op>
		<op>18</op>
		</div>
      </value>
      <valueInc>0.1</valueInc>
      <label>Circuit 2 Superheating</label>
      <sensorSet>Analog</sensorSet>
    </numSensor>

    <numSensor ruleid="circuit_1_saturation_temperature_evd400_Sensor">
      <type>temp</type>
      <sensorId>CIRCUIT_1_SATURATION_TEMPERATURE_EVD400</sensorId>
      <value>
		<div>
		<op>
			<sub>
			<op>
            <getOid>.1.3.6.1.4.1.99001.2.1.2.20.0</getOid>
			</op>
			<op>320</op>
			</sub>
		</op>
		<op>18</op>
		</div>
      </value>
      <valueInc>0.1</valueInc>
      <label>Circuit 1 Saturation Temperature Evd400</label>
      <sensorSet>Analog</sensorSet>
    </numSensor>

    <numSensor ruleid="circuit_2_saturation_temperature_evd400_Sensor">
      <type>temp</type>
      <sensorId>CIRCUIT_2_SATURATION_TEMPERATURE_EVD400</sensorId>
      <value>
		<div>
		<op>
			<sub>
			<op>
            <getOid>.1.3.6.1.4.1.99001.2.1.2.21.0</getOid>
			</op>
			<op>320</op>
			</sub>
		</op>
		<op>18</op>
		</div>
      </value>
      <valueInc>0.1</valueInc>
      <label>Circuit 2 Saturation Temperature Evd400</label>
      <sensorSet>Analog</sensorSet>
    </numSensor>

    <numSensor ruleid="compressor_1_frequency_Sensor">
      <type>frequency</type>
      <sensorId>COMPRESSOR_1_FREQUENCY</sensorId>
      <value>
        <mult>
          <op>
            <getOid>.1.3.6.1.4.1.99001.2.1.2.164.0</getOid>
          </op>
          <op>0.1</op>
        </mult>
      </value>
      <valueInc>0.1</valueInc>
      <label>Compressor 1 Frequency</label>
      <sensorSet>Analog</sensorSet>
    </numSensor>

    <!-- Integer Variables -->

    <stateSensor ruleid="compressor_1_status_Sensor">
      <type>state</type>
      <sensorId>COMPRESSOR_1_STATUS</sensorId>
      <value>
        <mapValue mapid="comp-status-vm">
            <getOid>.1.3.6.1.4.1.99001.2.1.3.1.0</getOid>
        </mapValue>
      </value>
      <label>Compressor 1 Status</label>
      <enum>comp-status-em</enum>
      <sensorSet>Integer</sensorSet>
    </stateSensor>

    <stateSensor ruleid="compressor_2_status_Sensor">
      <type>state</type>
      <sensorId>COMPRESSOR_2_STATUS</sensorId>
      <value>
        <mapValue mapid="comp-status-vm">
            <getOid>.1.3.6.1.4.1.99001.2.1.3.2.0</getOid>
        </mapValue>
      </value>
      <label>Compressor 2 Status</label>
      <enum>comp-status-em</enum>
      <sensorSet>Integer</sensorSet>
    </stateSensor>

    <stateSensor ruleid="pump_1_status_Sensor">
      <type>state</type>
      <sensorId>PUMP_1_STATUS</sensorId>
      <value>
        <mapValue mapid="comp-status-vm">
            <getOid>.1.3.6.1.4.1.99001.2.1.3.3.0</getOid>
        </mapValue>
      </value>
      <label>Pump 1 Status</label>
      <enum>comp-status-em</enum>
      <sensorSet>Integer</sensorSet>
    </stateSensor>

    <stateSensor ruleid="pump_2_status_Sensor">
      <type>state</type>
      <sensorId>PUMP_2_STATUS</sensorId>
      <value>
        <mapValue mapid="comp-status-vm">
            <getOid>.1.3.6.1.4.1.99001.2.1.3.4.0</getOid>
        </mapValue>
      </value>
      <label>Pump 2 Status</label>
      <enum>comp-status-em</enum>
      <sensorSet>Integer</sensorSet>
    </stateSensor>

    <stateSensor ruleid="fc_pump_status_Sensor">
      <type>state</type>
      <sensorId>FC_PUMP_STATUS</sensorId>
      <value>
        <mapValue mapid="comp-status-vm">
            <getOid>.1.3.6.1.4.1.99001.2.1.3.5.0</getOid>
        </mapValue>
      </value>
      <label>FC Pump Status</label>
      <enum>comp-status-em</enum>
      <sensorSet>Integer</sensorSet>
    </stateSensor>

    <stateSensor ruleid="actual_set_point_mode_Sensor">
      <type>state</type>
      <sensorId>ACTUAL_SET_POINT_MODE</sensorId>
      <value>
        <mapValue mapid="setpoint-mode-vm">
            <getOid>.1.3.6.1.4.1.99001.2.1.3.6.0</getOid>
        </mapValue>
      </value>
      <label>Actual Set Point Mode</label>
      <enum>setpoint-mode-em</enum>
      <sensorSet>Integer</sensorSet>
    </stateSensor>

    <numSensor ruleid="compressor_1_hour_counter_Sensor">
      <type>timeinhrs</type>
      <sensorId>COMPRESSOR_1_HOUR_COUNTER</sensorId>
      <value>
        <getOid>.1.3.6.1.4.1.99001.2.1.3.7.0</getOid>
      </value>
      <label>Compressor 1 Hour Counter</label>
      <sensorSet>Integer</sensorSet>
    </numSensor>

    <numSensor ruleid="compressor_2_hour_counter_Sensor">
      <type>num</type>
      <sensorId>COMPRESSOR_2_HOUR_COUNTER</sensorId>
      <value>
        <getOid>.1.3.6.1.4.1.99001.2.1.3.8.0</getOid>
      </value>
      <label>Compressor 2 Hour Counter</label>
      <sensorSet>Integer</sensorSet>
    </numSensor>

    <numSensor ruleid="circulating_pump_1_hour_counter_Sensor">
      <type>num</type>
      <sensorId>CIRCULATING_PUMP_1_HOUR_COUNTER</sensorId>
      <value>
        <getOid>.1.3.6.1.4.1.99001.2.1.3.9.0</getOid>
      </value>
      <label>Circulating Pump 1 Hour Counter</label>
      <sensorSet>Integer</sensorSet>
    </numSensor>

    <numSensor ruleid="circulating_pump_2_hour_counter_Sensor">
      <type>num</type>
      <sensorId>CIRCULATING_PUMP_2_HOUR_COUNTER</sensorId>
      <value>
        <getOid>.1.3.6.1.4.1.99001.2.1.3.10.0</getOid>
      </value>
      <label>Circulating Pump 2 Hour Counter</label>
      <sensorSet>Integer</sensorSet>
    </numSensor>

    <numSensor ruleid="free_cooling_pump_hour_counter_Sensor">
      <type>num</type>
      <sensorId>FREE_COOLING_PUMP_HOUR_COUNTER</sensorId>
      <value>
        <getOid>.1.3.6.1.4.1.99001.2.1.3.11.0</getOid>
      </value>
      <label>Free-Cooling Pump Hour Counter</label>
      <sensorSet>Integer</sensorSet>
    </numSensor>

    <numSensor ruleid="compressor_1_starting_counter_Sensor">
      <type>num</type>
      <sensorId>COMPRESSOR_1_STARTING_COUNTER</sensorId>
      <value>
        <getOid>.1.3.6.1.4.1.99001.2.1.3.12.0</getOid>
      </value>
      <label>Compressor 1 Starting Counter</label>
      <sensorSet>Integer</sensorSet>
    </numSensor>

    <numSensor ruleid="compressor_1_starting_counter_x10_000_Sensor">
      <type>num</type>
      <sensorId>COMPRESSOR_1_STARTING_COUNTER_X10_000</sensorId>
      <value>
        <getOid>.1.3.6.1.4.1.99001.2.1.3.13.0</getOid>
      </value>
      <label>Compressor 1 Starting Counter X10,000</label>
      <sensorSet>Integer</sensorSet>
    </numSensor>

    <numSensor ruleid="compressor_2_starting_counter_Sensor">
      <type>num</type>
      <sensorId>COMPRESSOR_2_STARTING_COUNTER</sensorId>
      <value>
        <getOid>.1.3.6.1.4.1.99001.2.1.3.14.0</getOid>
      </value>
      <label>Compressor 2 Starting Counter</label>
      <sensorSet>Integer</sensorSet>
    </numSensor>

    <numSensor ruleid="compressor_2_starting_counter_x10_000_Sensor">
      <type>num</type>
      <sensorId>COMPRESSOR_2_STARTING_COUNTER_X10_000</sensorId>
      <value>
        <getOid>.1.3.6.1.4.1.99001.2.1.3.15.0</getOid>
      </value>
      <label>Compressor 2 Starting Counter X10,000</label>
      <sensorSet>Integer</sensorSet>
    </numSensor>

    <numSensor ruleid="circuit_1_defrost_counter_Sensor">
      <type>num</type>
      <sensorId>CIRCUIT_1_DEFROST_COUNTER</sensorId>
      <value>
        <getOid>.1.3.6.1.4.1.99001.2.1.3.16.0</getOid>
      </value>
      <label>Circuit 1 Defrost Counter</label>
      <sensorSet>Integer</sensorSet>
    </numSensor>

    <numSensor ruleid="circuit_1_defrost_counter_x10_000_Sensor">
      <type>num</type>
      <sensorId>CIRCUIT_1_DEFROST_COUNTER_X10_000</sensorId>
      <value>
        <getOid>.1.3.6.1.4.1.99001.2.1.3.17.0</getOid>
      </value>
      <label>Circuit 1 Defrost Counter X10,000</label>
      <sensorSet>Integer</sensorSet>
    </numSensor>

    <numSensor ruleid="circuit_2_defrost_counter_Sensor">
      <type>num</type>
      <sensorId>CIRCUIT_2_DEFROST_COUNTER</sensorId>
      <value>
        <getOid>.1.3.6.1.4.1.99001.2.1.3.18.0</getOid>
      </value>
      <label>Circuit 2 Defrost Counter</label>
      <sensorSet>Integer</sensorSet>
    </numSensor>

    <numSensor ruleid="circuit_2_defrost_counter_x10_000_Sensor">
      <type>num</type>
      <sensorId>CIRCUIT_2_DEFROST_COUNTER_X10_000</sensorId>
      <value>
        <getOid>.1.3.6.1.4.1.99001.2.1.3.19.0</getOid>
      </value>
      <label>Circuit 2 Defrost Counter X10,000</label>
      <sensorSet>Integer</sensorSet>
    </numSensor>

    <numSensor ruleid="both_circuit_defrost_counter_Sensor">
      <type>num</type>
      <sensorId>BOTH_CIRCUIT_DEFROST_COUNTER</sensorId>
      <value>
        <getOid>.1.3.6.1.4.1.99001.2.1.3.20.0</getOid>
      </value>
      <label>Both Circuit Defrost Counter</label>
      <sensorSet>Integer</sensorSet>
    </numSensor>

    <numSensor ruleid="both_circuit_defrost_counter_x10_000_Sensor">
      <type>num</type>
      <sensorId>BOTH_CIRCUIT_DEFROST_COUNTER_X10_000</sensorId>
      <value>
        <getOid>.1.3.6.1.4.1.99001.2.1.3.21.0</getOid>
      </value>
      <label>Both Circuit Defrost Counter X10,000</label>
      <sensorSet>Integer</sensorSet>
    </numSensor>

    <numSensor ruleid="non_performing_defrost_counter_Sensor">
      <type>num</type>
      <sensorId>NON_PERFORMING_DEFROST_COUNTER</sensorId>
      <value>
        <getOid>.1.3.6.1.4.1.99001.2.1.3.22.0</getOid>
      </value>
      <label>Non Performing Defrost Counter</label>
      <sensorSet>Integer</sensorSet>
    </numSensor>

    <numSensor ruleid="non_performing_defrost_counter_x10_000_Sensor">
      <type>num</type>
      <sensorId>NON_PERFORMING_DEFROST_COUNTER_X10_000</sensorId>
      <value>
        <getOid>.1.3.6.1.4.1.99001.2.1.3.23.0</getOid>
      </value>
      <label>Non Performing Defrost Counter X10,000</label>
      <sensorSet>Integer</sensorSet>
    </numSensor>

    <stateSensor ruleid="unit_type_Sensor">
      <type>state</type>
      <sensorId>UNIT_TYPE</sensorId>
      <value>
        <mapValue mapid="unit-type-vm">
            <getOid>.1.3.6.1.4.1.99001.2.1.3.24.0</getOid>
        </mapValue>
      </value>
      <label>Unit Type</label>
      <enum>unit-type-em</enum>
      <sensorSet>Integer</sensorSet>
    </stateSensor>

    <stateSensor ruleid="circulating_pump_configuration_Sensor">
      <type>state</type>
      <sensorId>CIRCULATING_PUMP_CONFIGURATION</sensorId>
      <value>
        <mapValue mapid="circ-pumps-vm">
            <getOid>.1.3.6.1.4.1.99001.2.1.3.25.0</getOid>
        </mapValue>
      </value>
      <label>Circulating Pump Configuration</label>
      <enum>circ-pumps-em</enum>
      <sensorSet>Integer</sensorSet>
    </stateSensor>

    <numSensor ruleid="total_of_units_connected_in_lan_Sensor">
      <type>num</type>
      <sensorId>TOTAL_OF_UNITS_CONNECTED_IN_LAN</sensorId>
      <value>
        <getOid>.1.3.6.1.4.1.99001.2.1.3.26.0</getOid>
      </value>
      <label>Total Of Units Connected In Lan</label>
      <sensorSet>Integer</sensorSet>
    </numSensor>

    <numSensor ruleid="last_defrost_length_Sensor">
      <type>sec</type>
      <sensorId>LAST_DEFROST_LENGTH</sensorId>
      <value>
        <getOid>.1.3.6.1.4.1.99001.2.1.3.27.0</getOid>
      </value>
      <label>Last Defrost Length</label>
      <sensorSet>Integer</sensorSet>
    </numSensor>

    <numSensor ruleid="circuit_1_exv_position_Sensor">
      <type>num</type>
      <sensorId>CIRCUIT_1_EXV_POSITION</sensorId>
      <value>
        <getOid>.1.3.6.1.4.1.99001.2.1.3.33.0</getOid>
      </value>
      <valueInc>1.0</valueInc>
      <label>Circuit 1 Exv Position</label>
      <sensorSet>Integer</sensorSet>
    </numSensor>

    <numSensor ruleid="circuit_2_exv_position_Sensor">
      <type>num</type>
      <sensorId>CIRCUIT_2_EXV_POSITION</sensorId>
      <value>
        <getOid>.1.3.6.1.4.1.99001.2.1.3.34.0</getOid>
      </value>
      <valueInc>1.0</valueInc>
      <label>Circuit 2 Exv Position</label>
      <sensorSet>Integer</sensorSet>
    </numSensor>

    <numSensor ruleid="dead_zone_Sensor">
      <type>num</type>
      <sensorId>DEAD_ZONE</sensorId>
      <value>
        <getOid>.1.3.6.1.4.1.99001.2.1.3.71.0</getOid>
      </value>
      <valueInc>1.0</valueInc>
      <label>Dead Zone</label>
      <sensorSet>Integer</sensorSet>
    </numSensor>

    <numSensor ruleid="inverter_speed_modulation_Sensor">
      <type>pctofcapacity</type>
      <sensorId>INVERTER_SPEED_MODULATION</sensorId>
      <value>
        <getOid>.1.3.6.1.4.1.99001.2.1.3.77.0</getOid>
      </value>
      <label>Inverter Speed Modulation</label>
      <sensorSet>Integer</sensorSet>
    </numSensor>

    <!-- Digital Variables -->
    <stateSensor ruleid="system_on_Sensor">
      <type>state</type>
      <sensorId>SYSTEM_ON</sensorId>
      <value>
        <mapValue mapid="on-off-vm">
            <getOid>.1.3.6.1.4.1.99001.2.1.1.1.0</getOid>
        </mapValue>
      </value>
      <label>System On</label>
      <enum>on-off-em</enum>
      <sensorSet>Digital</sensorSet>
    </stateSensor>

    <stateSensor ruleid="compressor_1_Sensor">
      <type>state</type>
      <sensorId>COMPRESSOR_1</sensorId>
      <value>
        <mapValue mapid="on-off-vm">
            <getOid>.1.3.6.1.4.1.99001.2.1.1.2.0</getOid>
        </mapValue>
      </value>
      <label>Compressor 1</label>
      <enum>on-off-em</enum>
      <sensorSet>Digital</sensorSet>
    </stateSensor>

    <stateSensor ruleid="compressor_2_Sensor">
      <type>state</type>
      <sensorId>COMPRESSOR_2</sensorId>
      <value>
        <mapValue mapid="on-off-vm">
            <getOid>.1.3.6.1.4.1.99001.2.1.1.3.0</getOid>
        </mapValue>
      </value>
      <label>Compressor 2</label>
      <enum>on-off-em</enum>
      <sensorSet>Digital</sensorSet>
    </stateSensor>

    <stateSensor ruleid="circulating_pump_1_Sensor">
      <type>state</type>
      <sensorId>CIRCULATING_PUMP_1</sensorId>
      <value>
        <mapValue mapid="on-off-vm">
            <getOid>.1.3.6.1.4.1.99001.2.1.1.4.0</getOid>
        </mapValue>
      </value>
      <label>Circulating Pump 1</label>
      <enum>on-off-em</enum>
      <sensorSet>Digital</sensorSet>
    </stateSensor>

    <stateSensor ruleid="circulating_pump_2_Sensor">
      <type>state</type>
      <sensorId>CIRCULATING_PUMP_2</sensorId>
      <value>
        <mapValue mapid="on-off-vm">
            <getOid>.1.3.6.1.4.1.99001.2.1.1.5.0</getOid>
        </mapValue>
      </value>
      <label>Circulating Pump 2</label>
      <enum>on-off-em</enum>
      <sensorSet>Digital</sensorSet>
    </stateSensor>

    <stateSensor ruleid="free_cooling_Sensor">
      <type>state</type>
      <sensorId>FREE_COOLING</sensorId>
      <value>
        <mapValue mapid="on-off-vm">
            <getOid>.1.3.6.1.4.1.99001.2.1.1.6.0</getOid>
        </mapValue>
      </value>
      <label>Free-cooling</label>
      <enum>on-off-em</enum>
      <sensorSet>Digital</sensorSet>
    </stateSensor>

    <stateSensor ruleid="winter_mode_Sensor">
      <type>state</type>
      <sensorId>WINTER_MODE</sensorId>
      <value>
        <mapValue mapid="on-off-vm">
            <getOid>.1.3.6.1.4.1.99001.2.1.1.7.0</getOid>
        </mapValue>
      </value>
      <label>Winter mode</label>
      <enum>on-off-em</enum>
      <sensorSet>Digital</sensorSet>
    </stateSensor>

    <stateSensor ruleid="heat_recovery_Sensor">
      <type>state</type>
      <sensorId>HEAT_RECOVERY</sensorId>
      <value>
        <mapValue mapid="on-off-vm">
            <getOid>.1.3.6.1.4.1.99001.2.1.1.8.0</getOid>
        </mapValue>
      </value>
      <label>Heat recovery</label>
      <enum>on-off-em</enum>
      <sensorSet>Digital</sensorSet>
    </stateSensor>

    <stateSensor ruleid="antifreeze_heaters_Sensor">
      <type>state</type>
      <sensorId>ANTIFREEZE_HEATERS</sensorId>
      <value>
        <mapValue mapid="on-off-vm">
            <getOid>.1.3.6.1.4.1.99001.2.1.1.9.0</getOid>
        </mapValue>
      </value>
      <label>Antifreeze heaters</label>
      <enum>on-off-em</enum>
      <sensorSet>Digital</sensorSet>
    </stateSensor>

    <stateSensor ruleid="circuit_1_defrost_Sensor">
      <type>state</type>
      <sensorId>CIRCUIT_1_DEFROST</sensorId>
      <value>
        <mapValue mapid="on-off-vm">
            <getOid>.1.3.6.1.4.1.99001.2.1.1.10.0</getOid>
        </mapValue>
      </value>
      <label>Circuit 1 Defrost</label>
      <enum>on-off-em</enum>
      <sensorSet>Digital</sensorSet>
    </stateSensor>

    <stateSensor ruleid="circuit_2_defrost_Sensor">
      <type>state</type>
      <sensorId>CIRCUIT_2_DEFROST</sensorId>
      <value>
        <mapValue mapid="on-off-vm">
            <getOid>.1.3.6.1.4.1.99001.2.1.1.11.0</getOid>
        </mapValue>
      </value>
      <label>Circuit 2 Defrost</label>
      <enum>on-off-em</enum>
      <sensorSet>Digital</sensorSet>
    </stateSensor>

    <stateSensor ruleid="defrost_limits_Sensor">
      <type>state</type>
      <sensorId>DEFROST_LIMITS</sensorId>
      <value>
        <mapValue mapid="normal-alarm-vm">
            <getOid>.1.3.6.1.4.1.99001.2.1.1.25.0</getOid>
        </mapValue>
      </value>
      <label>Defrost Not Possible Alarm</label>
      <enum>normal-alarm-em</enum>
      <sensorSet>Digital</sensorSet>
    </stateSensor>
     <stateSensor ruleid="general-alarm-state_Sensor">
      <type>state</type>
      <sensorId>general-alarm-state</sensorId>
      <value>
        <mapValue mapid="normal-alarm-vm">
            <getOid>.1.3.6.1.4.1.99001.2.1.1.14.0</getOid>
        </mapValue>
      </value>
      <label>General-alarm-state</label>
      <enum>normal-alarm-em</enum>
      <sensorSet>Digital</sensorSet>
    </stateSensor>
    
     <stateSensor ruleid="second-level-alarm-state-Sensor">
      <type>state</type>
      <sensorId>second-level-alarm-state</sensorId>
      <value>
        <mapValue mapid="normal-alarm-vm">
            <getOid>.1.3.6.1.4.1.99001.2.1.1.15.0</getOid>
        </mapValue>
      </value>
      <label>Second-level-alarm-state</label>
      <enum>normal-alarm-em</enum>
      <sensorSet>Digital</sensorSet>
    </stateSensor>
    
     <stateSensor ruleid="wrong-password-alarm-Sensor">
      <type>state</type>
      <sensorId>wrong-password-alarm</sensorId>
      <value>
        <mapValue mapid="normal-alarm-vm">
            <getOid>.1.3.6.1.4.1.99001.2.1.1.16.0</getOid>
        </mapValue>
      </value>
      <label>Wrong password alarm</label>
      <enum>normal-alarm-em</enum>
      <sensorSet>Digital</sensorSet>
    </stateSensor>

     <stateSensor ruleid="wrong-phase-sequence-alarm-Sensor">
      <type>state</type>
      <sensorId>wrong-phase-sequence-alarm</sensorId>
      <value>
        <mapValue mapid="normal-alarm-vm">
            <getOid>.1.3.6.1.4.1.99001.2.1.1.17.0</getOid>
        </mapValue>
      </value>
      <label>Wrong phase sequence alarm</label>
      <enum>normal-alarm-em</enum>
      <sensorSet>Digital</sensorSet>
    </stateSensor>

     <stateSensor ruleid="loss-of-water-flow-alarm-Sensor">
      <type>state</type>
      <sensorId>loss-of-water-flow-alarm</sensorId>
      <value>
        <mapValue mapid="normal-alarm-vm">
            <getOid>.1.3.6.1.4.1.99001.2.1.1.18.0</getOid>
        </mapValue>
      </value>
      <label>Loss of water flow alarm</label>
      <enum>normal-alarm-em</enum>
      <sensorSet>Digital</sensorSet>
    </stateSensor>
    
         <stateSensor ruleid="water-inlet-high-temperature-alarm-Sensor">
      <type>state</type>
      <sensorId>water-inlet-high-temperature-alarm</sensorId>
      <value>
        <mapValue mapid="normal-alarm-vm">
            <getOid>.1.3.6.1.4.1.99001.2.1.1.19.0</getOid>
        </mapValue>
      </value>
      <label>Water Inlet High Temperature alarm</label>
      <enum>normal-alarm-em</enum>
      <sensorSet>Digital</sensorSet>
    </stateSensor>

         <stateSensor ruleid="water-inlet-low-temperature-alarm-Sensor">
      <type>state</type>
      <sensorId>water-inlet-low-temperature-alarm</sensorId>
      <value>
        <mapValue mapid="normal-alarm-vm">
            <getOid>.1.3.6.1.4.1.99001.2.1.1.20.0</getOid>
        </mapValue>
      </value>
      <label>Water Inlet Low Temperature alarm</label>
      <enum>normal-alarm-em</enum>
      <sensorSet>Digital</sensorSet>
    </stateSensor>

         <stateSensor ruleid="circulating-pump-1-overload-alarm-Sensor">
      <type>state</type>
      <sensorId>circulating-pump-1-overload-alarm</sensorId>
      <value>
        <mapValue mapid="normal-alarm-vm">
            <getOid>.1.3.6.1.4.1.99001.2.1.1.21.0</getOid>
        </mapValue>
      </value>
      <label>Circulating Pump 1 Overload Alarm </label>
      <enum>normal-alarm-em</enum>
      <sensorSet>Digital</sensorSet>
    </stateSensor>

         <stateSensor ruleid="circulating-pump-2-overload-alarm-Sensor">
      <type>state</type>
      <sensorId>circulating-pump-2-overload-alarm</sensorId>
      <value>
        <mapValue mapid="normal-alarm-vm">
            <getOid>.1.3.6.1.4.1.99001.2.1.1.22.0</getOid>
        </mapValue>
      </value>
      <label>Circulating Pump 2 Overload Alarm </label>
      <enum>normal-alarm-em</enum>
      <sensorSet>Digital</sensorSet>
    </stateSensor>

         <stateSensor ruleid="free-cooling-pump-overload-alarm-Sensor">
      <type>state</type>
      <sensorId>free-cooling-pump-overload-alarm</sensorId>
      <value>
        <mapValue mapid="normal-alarm-vm">
            <getOid>.1.3.6.1.4.1.99001.2.1.1.23.0</getOid>
        </mapValue>
      </value>
      <label>Free-Cooling Pump Overload Alarm </label>
      <enum>normal-alarm-em</enum>
      <sensorSet>Digital</sensorSet>
    </stateSensor>

        <stateSensor ruleid="interrupted-lan-alarm-Sensor">
      <type>state</type>
      <sensorId>interrupted-lan-alarm</sensorId>
      <value>
        <mapValue mapid="normal-alarm-vm">
            <getOid>.1.3.6.1.4.1.99001.2.1.1.24.0</getOid>
        </mapValue>
      </value>
      <label>Interrupted Lan Alarm </label>
      <enum>normal-alarm-em</enum>
      <sensorSet>Digital</sensorSet>
    </stateSensor>
    
    
        <stateSensor ruleid="low-pressure-1-prealarm-Sensor">
      <type>state</type>
      <sensorId>low-pressure-1-prealarm</sensorId>
      <value>
        <mapValue mapid="normal-alarm-vm">
            <getOid>.1.3.6.1.4.1.99001.2.1.1.26.0</getOid>
        </mapValue>
      </value>
      <label>Low Pressure 1 Prealarm</label>
      <enum>normal-alarm-em</enum>
      <sensorSet>Digital</sensorSet> 
    </stateSensor>
    
            <stateSensor ruleid="low-pressure-2-prealarm-Sensor">
      <type>state</type>
      <sensorId>low-pressure-2-prealarm</sensorId>
      <value>
        <mapValue mapid="normal-alarm-vm">
            <getOid>.1.3.6.1.4.1.99001.2.1.1.27.0</getOid>
        </mapValue>
      </value>
      <label>Low Pressure 2 Prealarm</label>
      <enum>normal-alarm-em</enum>
      <sensorSet>Digital</sensorSet> 
    </stateSensor>

 <stateSensor ruleid="low-pressure-1-alarm-Sensor">
      <type>state</type>
      <sensorId>low-pressure-1-alarm</sensorId>
      <value>
        <mapValue mapid="normal-alarm-vm">
            <getOid>.1.3.6.1.4.1.99001.2.1.1.28.0</getOid>
        </mapValue>
      </value>
      <label>Low Pressure 1 alarm</label>
      <enum>normal-alarm-em</enum>
      <sensorSet>Digital</sensorSet> 
    </stateSensor>
    
            <stateSensor ruleid="low-pressure-2-alarm-Sensor">
      <type>state</type>
      <sensorId>low-pressure-2-alarm</sensorId>
      <value>
        <mapValue mapid="normal-alarm-vm">
            <getOid>.1.3.6.1.4.1.99001.2.1.1.29.0</getOid>
        </mapValue>
      </value>
      <label>Low Pressure 2 alarm</label>
      <enum>normal-alarm-em</enum>
      <sensorSet>Digital</sensorSet> 
    </stateSensor>

    <stateSensor ruleid="high-pressure-1-alarm-Sensor">
      <type>state</type>
      <sensorId>high-pressure-1-alarm</sensorId>
      <value>
        <mapValue mapid="normal-alarm-vm">
            <getOid>.1.3.6.1.4.1.99001.2.1.1.30.0</getOid>
        </mapValue>
      </value>
      <label>High Pressure 1 alarm</label>
      <enum>normal-alarm-em</enum>
      <sensorSet>Digital</sensorSet> 
    </stateSensor>
    
            <stateSensor ruleid="high-pressure-2-alarm-Sensor">
      <type>state</type>
      <sensorId>high-pressure-2-alarm</sensorId>
      <value>
        <mapValue mapid="normal-alarm-vm">
            <getOid>.1.3.6.1.4.1.99001.2.1.1.31.0</getOid>
        </mapValue>
      </value>
      <label>High Pressure 2 alarm</label>
      <enum>normal-alarm-em</enum>
      <sensorSet>Digital</sensorSet> 
    </stateSensor>
    
        <stateSensor ruleid="compressor-1-overload-alarm-Sensor">
      <type>state</type>
      <sensorId>compressor-1-overload-alarm</sensorId>
      <value>
        <mapValue mapid="normal-alarm-vm">
            <getOid>.1.3.6.1.4.1.99001.2.1.1.32.0</getOid>
        </mapValue>
      </value>
      <label>Compressor 1 Overload alarm</label>
      <enum>normal-alarm-em</enum>
      <sensorSet>Digital</sensorSet> 
    </stateSensor>
    
        <stateSensor ruleid="compressor-2-overload-alarm-Sensor">
      <type>state</type>
      <sensorId>compressor-2-overload-alarm</sensorId>
      <value>
        <mapValue mapid="normal-alarm-vm">
            <getOid>.1.3.6.1.4.1.99001.2.1.1.33.0</getOid>
        </mapValue>
      </value>
      <label>Compressor 2 Overload alarm</label>
      <enum>normal-alarm-em</enum>
      <sensorSet>Digital</sensorSet> 
    </stateSensor>

    
        <stateSensor ruleid="circuit-1-antifreeze-alarm-Sensor">
      <type>state</type>
      <sensorId>circuit-1-antibreeze-alarm</sensorId>
      <value>
        <mapValue mapid="normal-alarm-vm">
            <getOid>.1.3.6.1.4.1.99001.2.1.1.34.0</getOid>
        </mapValue>
      </value>
      <label>Circuit 1 Antibreeze alarm</label>
      <enum>normal-alarm-em</enum>
      <sensorSet>Digital</sensorSet> 
    </stateSensor>

        <stateSensor ruleid="circuit-2-antifreeze-alarm-Sensor">
      <type>state</type>
      <sensorId>circuit-2-antibreeze-alarm</sensorId>
      <value>
        <mapValue mapid="normal-alarm-vm">
            <getOid>.1.3.6.1.4.1.99001.2.1.1.35.0</getOid>
        </mapValue>
      </value>
      <label>Circuit 2 Antibreeze alarm</label>
      <enum>normal-alarm-em</enum>
      <sensorSet>Digital</sensorSet> 
    </stateSensor>

        <stateSensor ruleid="water-inlet-temp_-sensor-failure/disconnected-Sensor">
      <type>state</type>
      <sensorId>water-inlet-temp_-sensor-failure/disconnected</sensorId>
      <value>
        <mapValue mapid="normal-alarm-vm">
            <getOid>.1.3.6.1.4.1.99001.2.1.1.36.0</getOid>
        </mapValue>
      </value>
      <label>Water Inlet-Temp_-Sensor-Failure/Disconnected</label>
      <enum>normal-alarm-em</enum>
      <sensorSet>Digital</sensorSet> 
    </stateSensor>

        <stateSensor ruleid="water-outlet-temp_-sensor-failure/disconnected-Sensor">
      <type>state</type>
      <sensorId>water-outlet-temp_-sensor-failure/disconnected</sensorId>
      <value>
        <mapValue mapid="normal-alarm-vm">
            <getOid>.1.3.6.1.4.1.99001.2.1.1.37.0</getOid>
        </mapValue>
      </value>
      <label>Water Outlet-Temp_-Sensor-Failure/Disconnected</label>
      <enum>normal-alarm-em</enum>
      <sensorSet>Digital</sensorSet> 
    </stateSensor>

        <stateSensor ruleid="water-outlet-2-temp_-sensor-failure/disconnected-Sensor">
      <type>state</type>
      <sensorId>water-outlet-2-temp_-sensor-failure/disconnected</sensorId>
      <value>
        <mapValue mapid="normal-alarm-vm">
            <getOid>.1.3.6.1.4.1.99001.2.1.1.38.0</getOid>
        </mapValue>
      </value>
      <label>Water Outlet-2-Temp_-Sensor-Failure/Disconnected</label>
      <enum>normal-alarm-em</enum>
      <sensorSet>Digital</sensorSet> 
    </stateSensor>

       <stateSensor ruleid="outdoor-air-temp_-sensor-failure/disconnected-Sensor">
      <type>state</type>
      <sensorId>outdoor-air-temp_-sensor-failure/disconnected</sensorId>
      <value>
        <mapValue mapid="normal-alarm-vm">
            <getOid>.1.3.6.1.4.1.99001.2.1.1.39.0</getOid>
        </mapValue>
      </value>
      <label>Outdoor air-temp_-sensor-failure/disconnected</label>
      <enum>normal-alarm-em</enum>
      <sensorSet>Digital</sensorSet> 
    </stateSensor>

     <stateSensor ruleid="condensing-1-press_-sensor-failure/disconnected-Sensor">
      <type>state</type>
      <sensorId>condensing-1-press_-sensor-failure/disconnected</sensorId>
      <value>
        <mapValue mapid="normal-alarm-vm">
            <getOid>.1.3.6.1.4.1.99001.2.1.1.40.0</getOid>
        </mapValue>
      </value>
      <label>Condensing 1-press_-sensor-failure/disconnected</label>
      <enum>normal-alarm-em</enum>
      <sensorSet>Digital</sensorSet> 
    </stateSensor>
    
         <stateSensor ruleid="condensing-2-press_-sensor-failure/disconnected-Sensor">
      <type>state</type>
      <sensorId>condensing-2-press_-sensor-failure/disconnected</sensorId>
      <value>
        <mapValue mapid="normal-alarm-vm">
            <getOid>.1.3.6.1.4.1.99001.2.1.1.41.0</getOid>
        </mapValue>
      </value>
      <label>Condensing 2-press_-sensor-failure/disconnected</label>
      <enum>normal-alarm-em</enum>
      <sensorSet>Digital</sensorSet> 
    </stateSensor>

         <stateSensor ruleid="evaporating-1-press_-sensor-failure/disconnected-Sensor">
      <type>state</type>
      <sensorId>evaporating-1-press_-sensor-failure/disconnected</sensorId>
      <value>
        <mapValue mapid="normal-alarm-vm">
            <getOid>.1.3.6.1.4.1.99001.2.1.1.42.0</getOid>
        </mapValue>
      </value>
      <label>Evaporating-1-press_-sensor-failure/disconnected</label>
      <enum>normal-alarm-em</enum>
      <sensorSet>Digital</sensorSet> 
    </stateSensor>

         <stateSensor ruleid="evaporating-2-press_-sensor-failure/disconnected-Sensor">
      <type>state</type>
      <sensorId>evaporating-2-press_-sensor-failure/disconnected</sensorId>
      <value>
        <mapValue mapid="normal-alarm-vm">
            <getOid>.1.3.6.1.4.1.99001.2.1.1.43.0</getOid>
        </mapValue>
      </value>
      <label>Evaporating-2-press_-sensor-failure/disconnected</label>
      <enum>normal-alarm-em</enum>
      <sensorSet>Digital</sensorSet> 
    </stateSensor>

    <stateSensor ruleid="compressor-1:-hour-counter-threshold-alarm-Sensor">
      <type>state</type>
      <sensorId>compressor-1:-hour-counter-threshold-alarm</sensorId>
      <value>
        <mapValue mapid="normal-alarm-vm">
            <getOid>.1.3.6.1.4.1.99001.2.1.1.44.0</getOid>
        </mapValue>
      </value>
      <label>Compressor-1:Hour Counter Threshold Alarm</label>
      <enum>normal-alarm-em</enum>
      <sensorSet>Digital</sensorSet> 
    </stateSensor>

    <stateSensor ruleid="compressor-2:-hour-counter-threshold-alarm-Sensor">
      <type>state</type>
      <sensorId>compressor-2:-hour-counter-threshold-alarm</sensorId>
      <value>
        <mapValue mapid="normal-alarm-vm">
            <getOid>.1.3.6.1.4.1.99001.2.1.1.45.0</getOid>
        </mapValue>
      </value>
      <label>Compressor-2:Hour Counter Threshold Alarm</label>
      <enum>normal-alarm-em</enum>
      <sensorSet>Digital</sensorSet> 
    </stateSensor>
    
        <stateSensor ruleid="circulating-pump-1:-hour-counter-threshold-alarm-Sensor">
      <type>state</type>
      <sensorId>circulating-pump-1:-hour-counter-threshold-alarm</sensorId>
      <value>
        <mapValue mapid="normal-alarm-vm">
            <getOid>.1.3.6.1.4.1.99001.2.1.1.46.0</getOid>
        </mapValue>
      </value>
      <label>Circulating-pump-1:Hour Counter Threshold Alarm</label>
      <enum>normal-alarm-em</enum>
      <sensorSet>Digital</sensorSet> 
    </stateSensor>

    <stateSensor ruleid="circulating-pump-2:-hour-counter-threshold-alarm-Sensor">
      <type>state</type>
      <sensorId>circulating-pump-2:-hour-counter-threshold-alarm</sensorId>
      <value>
        <mapValue mapid="normal-alarm-vm">
            <getOid>.1.3.6.1.4.1.99001.2.1.1.47.0</getOid>
        </mapValue>
      </value>
      <label>Circulating-pump-2:Hour Counter Threshold Alarm</label>
      <enum>normal-alarm-em</enum>
      <sensorSet>Digital</sensorSet> 
    </stateSensor>

   <stateSensor ruleid="free-cooling-pump:-hour-counter-threshold-alarm-Sensor">
      <type>state</type>
      <sensorId>free-cooling-pump:-hour-counter-threshold-alarm</sensorId>
      <value>
        <mapValue mapid="normal-alarm-vm">
            <getOid>.1.3.6.1.4.1.99001.2.1.1.48.0</getOid>
        </mapValue>
      </value>
      <label>Free-cooling pump: Hour Counter Threshold alarm</label>
      <enum>normal-alarm-em</enum>
      <sensorSet>Digital</sensorSet> 
    </stateSensor>



    <stateSensor ruleid="circuit-1-pump-down-failed-Sensor">
      <type>state</type>
      <sensorId>circuit-1-pump-down-failed-</sensorId>
      <value>
        <mapValue mapid="normal-alarm-vm">
            <getOid>.1.3.6.1.4.1.99001.2.1.1.53.0</getOid>
        </mapValue>
      </value>
      <label>Circuit 1 Pump-down Failed Alarm</label>
      <enum>normal-alarm-em</enum>
      <sensorSet>Digital</sensorSet>
    </stateSensor>

    <stateSensor ruleid="circuit-2-pump-down-failed-Sensor">
      <type>state</type>
      <sensorId>circuit-2-pump-down-failed-</sensorId>
      <value>
        <mapValue mapid="normal-alarm-vm">
            <getOid>.1.3.6.1.4.1.99001.2.1.1.54.0</getOid>
        </mapValue>
      </value>
      <label>Circuit 2 Pump-down Failed Alarm</label>
      <enum>normal-alarm-em</enum>
      <sensorSet>Digital</sensorSet>
    </stateSensor>

    <stateSensor ruleid="high_condensing_temperature_Sensor">
      <type>state</type>
      <sensorId>HIGH_CONDENSING_TEMPERATURE</sensorId>
      <value>
        <mapValue mapid="normal-alarm-vm">
            <getOid>.1.3.6.1.4.1.99001.2.1.1.55.0</getOid>
        </mapValue>
      </value>
      <label>High Condensing Temperature Alarm</label>
      <enum>normal-alarm-em</enum>
      <sensorSet>Digital</sensorSet>
    </stateSensor>

    <stateSensor ruleid="circuit_1_refrigerant_shut_off_valve_Sensor">
      <type>state</type>
      <sensorId>CIRCUIT_1_REFRIGERANT_SHUT_OFF_VALVE</sensorId>
      <value>
        <mapValue mapid="normal-alarm-vm">
            <getOid>.1.3.6.1.4.1.99001.2.1.1.56.0</getOid>
        </mapValue>
      </value>
      <label>Circuit 1 Refrigerant shut-off valve</label>
      <enum>on-off-em</enum>
      <sensorSet>Digital</sensorSet>
    </stateSensor>

    <stateSensor ruleid="circuit_2_refrigerant_shut_off_valve_Sensor">
      <type>state</type>
      <sensorId>CIRCUIT_2_REFRIGERANT_SHUT_OFF_VALVE</sensorId>
      <value>
        <mapValue mapid="normal-alarm-vm">
            <getOid>.1.3.6.1.4.1.99001.2.1.1.57.0</getOid>
        </mapValue>
      </value>
      <label>Circuit 2 Refrigerant shut-off valve</label>
      <enum>on-off-em</enum>
      <sensorSet>Digital</sensorSet>
    </stateSensor>

    <stateSensor ruleid="number_of_stand_by_units_Sensor">
      <type>state</type>
      <sensorId>NUMBER_OF_STAND_BY_UNITS</sensorId>
      <value>
        <mapValue mapid="num-standby-units-vm">
            <getOid>.1.3.6.1.4.1.99001.2.1.1.58.0</getOid>
        </mapValue>
      </value>
      <label>Number Of Stand-by Units</label>
      <enum>num-standby-units-em</enum>
      <sensorSet>Digital</sensorSet>
    </stateSensor>

    <stateSensor ruleid="defrost_circuit_1_Sensor">
      <type>state</type>
      <sensorId>DEFROST_CIRCUIT_1</sensorId>
      <value>
        <mapValue mapid="normal-alarm-vm">
            <getOid>.1.3.6.1.4.1.99001.2.1.1.74.0</getOid>
        </mapValue>
      </value>
      <label>Defrost circuit 1</label>
      <enum>on-off-em</enum>
      <sensorSet>Digital</sensorSet>
    </stateSensor>

    <stateSensor ruleid="defrost_circuit_2_Sensor">
      <type>state</type>
      <sensorId>DEFROST_CIRCUIT_2</sensorId>
      <value>
        <mapValue mapid="normal-alarm-vm">
            <getOid>.1.3.6.1.4.1.99001.2.1.1.75.0</getOid>
        </mapValue>
      </value>
      <label>Defrost circuit 2</label>
      <enum>on-off-em</enum>
      <sensorSet>Digital</sensorSet>
    </stateSensor>
    
    
    <stateSensor ruleid="fans-thermal-alarm-Sensor">
      <type>state</type>
      <sensorId>fans-thermal-alarm</sensorId>
      <value>
        <mapValue mapid="normal-alarm-vm">
            <getOid>.1.3.6.1.4.1.99001.2.1.1.77.0</getOid>
        </mapValue>
      </value>
      <label>Fans Thermal Alarm</label>
      <enum>normal-alarm-em</enum>
      <sensorSet>Digital</sensorSet>
    </stateSensor>

    <stateSensor ruleid="etv_oil_compressor_1_Sensor">
      <type>state</type>
      <sensorId>ETV_OIL_COMPRESSOR_1</sensorId>
      <value>
        <mapValue mapid="normal-alarm-vm">
            <getOid>.1.3.6.1.4.1.99001.2.1.1.81.0</getOid>
        </mapValue>
      </value>
      <label>ETV Oil Compressor 1</label>
      <enum>on-off-em</enum>
      <sensorSet>Digital</sensorSet>
    </stateSensor>

    <stateSensor ruleid="etv_oil_compressor_2_Sensor">
      <type>state</type>
      <sensorId>ETV_OIL_COMPRESSOR_2</sensorId>
      <value>
        <mapValue mapid="normal-alarm-vm">
            <getOid>.1.3.6.1.4.1.99001.2.1.1.82.0</getOid>
        </mapValue>
      </value>
      <label>ETV Oil Compressor 2</label>
      <enum>on-off-em</enum>
      <sensorSet>Digital</sensorSet>
    </stateSensor>
    
        
    <stateSensor ruleid="etv-oil-compressor-1-alarm-Sensor">
      <type>state</type>
      <sensorId>etv-oil-compressor-1-alarm</sensorId>
      <value>
        <mapValue mapid="normal-alarm-vm">
            <getOid>.1.3.6.1.4.1.99001.2.1.1.83.0</getOid>
        </mapValue>
      </value>
      <label>ETV Oil Compressor 1 alarm</label>
      <enum>normal-alarm-em</enum>
      <sensorSet>Digital</sensorSet>
    </stateSensor>

    
    <stateSensor ruleid="etv-oil-compressor-2-alarm-Sensor">
      <type>state</type>
      <sensorId>etv-oil-compressor-2-alarm</sensorId>
      <value>
        <mapValue mapid="normal-alarm-vm">
            <getOid>.1.3.6.1.4.1.99001.2.1.1.84.0</getOid>
        </mapValue>
      </value>
      <label>ETV Oil Compressor 2 alarm</label>
      <enum>normal-alarm-em</enum>
      <sensorSet>Digital</sensorSet>
    </stateSensor>
    
        <stateSensor ruleid="inverter-compressor-alarm-Sensor">
      <type>state</type>
      <sensorId>inverter-compressor-alarm</sensorId>
      <value>
        <mapValue mapid="normal-alarm-vm">
            <getOid>.1.3.6.1.4.1.99001.2.1.1.111.0</getOid>
        </mapValue>
      </value>
      <label>Inverter Compressor Alarm</label>
      <enum>normal-alarm-em</enum>
      <sensorSet>Digital</sensorSet>
    </stateSensor>

        <stateSensor ruleid="inverter-pump-alarm-Sensor">
      <type>state</type>
      <sensorId>inverter-pump-alarm</sensorId>
      <value>
        <mapValue mapid="normal-alarm-vm">
            <getOid>.1.3.6.1.4.1.99001.2.1.1.112.0</getOid>
        </mapValue>
      </value>
      <label>Inverter Pump Alarm</label>
      <enum>normal-alarm-em</enum>
      <sensorSet>Digital</sensorSet>
    </stateSensor>

        <stateSensor ruleid="offline-pcoe-board-Sensor">
      <type>state</type>
      <sensorId>offline-pcoe-board</sensorId>
      <value>
        <mapValue mapid="normal-alarm-vm">
            <getOid>.1.3.6.1.4.1.99001.2.1.1.113.0</getOid>
        </mapValue>
      </value>
      <label>Offline pCOe board</label>
      <enum>normal-alarm-em</enum>
      <sensorSet>Digital</sensorSet>
    </stateSensor>

        <stateSensor ruleid="water-inlet-pressure-probe-alarm-Sensor">
      <type>state</type>
      <sensorId>water-inlet-pressure-probe-alarm</sensorId>
      <value>
        <mapValue mapid="normal-alarm-vm">
            <getOid>.1.3.6.1.4.1.99001.2.1.1.114.0</getOid>
        </mapValue>
      </value>
      <label>Water Inlet Pressure Probe Alarm</label>
      <enum>normal-alarm-em</enum>
      <sensorSet>Digital</sensorSet>
    </stateSensor>
    
            <stateSensor ruleid="water-outlet-pressure-probe-alarm-Sensor">
      <type>state</type>
      <sensorId>water-outlet-pressure-probe-alarm</sensorId>
      <value>
        <mapValue mapid="normal-alarm-vm">
            <getOid>.1.3.6.1.4.1.99001.2.1.1.115.0</getOid>
        </mapValue>
      </value>
      <label>Water Outlet Pressure Probe Alarm</label>
      <enum>normal-alarm-em</enum>
      <sensorSet>Digital</sensorSet>
    </stateSensor>

           <stateSensor ruleid="electronic-thermostatic-valve-alarm-Sensor">
      <type>state</type>
      <sensorId>electronic-thermostatic-valve-alarm</sensorId>
      <value>
        <mapValue mapid="normal-alarm-vm">
            <getOid>.1.3.6.1.4.1.99001.2.1.1.122.0</getOid>
        </mapValue>
      </value>
      <label>Electronic Thermostatic Valve Alarm</label>
      <enum>normal-alarm-em</enum>
      <sensorSet>Digital</sensorSet>
    </stateSensor>

           <stateSensor ruleid="t-lan-communication-alarm-Sensor">
      <type>state</type>
      <sensorId>t-lan-communication-alarm</sensorId>
      <value>
        <mapValue mapid="normal-alarm-vm">
            <getOid>.1.3.6.1.4.1.99001.2.1.1.141.0</getOid>
        </mapValue>
      </value>
      <label>T Lan Communication Alarm</label>
      <enum>normal-alarm-em</enum>
      <sensorSet>Digital</sensorSet>
    </stateSensor>


    <valueMap ruleid="on-off-vm">
      <valueIn>0</valueIn>  <valueOut>0</valueOut>
      <valueIn>1</valueIn>  <valueOut>1</valueOut>
      <valueIn>*</valueIn>  <valueOut>2</valueOut>
    </valueMap>

    <enumMap ruleid="on-off-em">
      <label>Off</label>
      <label>On</label>
      <label>Unknown</label>
    </enumMap>

    <valueMap ruleid="normal-alarm-vm">
      <valueIn>0</valueIn>  <valueOut>0</valueOut>
      <valueIn>1</valueIn>  <valueOut>1</valueOut>
      <valueIn>*</valueIn>  <valueOut>2</valueOut>
    </valueMap>

    <enumMap ruleid="normal-alarm-em">
      <label>Normal</label>
      <label>Alarm</label>
      <label>Unknown</label>
    </enumMap>

    <valueMap ruleid="unit-type-vm">
      <valueIn>0</valueIn>  <valueOut>0</valueOut>
      <valueIn>1</valueIn>  <valueOut>1</valueOut>
      <valueIn>2</valueIn>  <valueOut>2</valueOut>
      <valueIn>3</valueIn>  <valueOut>3</valueOut>
      <valueIn>4</valueIn>  <valueOut>4</valueOut>
      <valueIn>5</valueIn>  <valueOut>5</valueOut>
      <valueIn>*</valueIn>  <valueOut>6</valueOut>
    </valueMap>

    <enumMap ruleid="unit-type-em">
      <label>STD Chiller</label>
      <label>Low Temp Chiller</label>
      <label>Chiller + Heat Rectifier</label>
      <label>Heat Pump</label>
      <label>Heat Pump + Heat Rectifier</label>
      <label>Chiller + Energy Saving</label>
      <label>Unknown</label>
    </enumMap>

    <valueMap ruleid="circ-pumps-vm">
      <valueIn>0</valueIn>  <valueOut>0</valueOut>
      <valueIn>1</valueIn>  <valueOut>1</valueOut>
      <valueIn>2</valueIn>  <valueOut>2</valueOut>
      <valueIn>*</valueIn>  <valueOut>3</valueOut>
    </valueMap>

    <enumMap ruleid="circ-pumps-em">
      <label>Zero</label>
      <label>One</label>
      <label>Two</label>
      <label>Unknown</label>
    </enumMap>

    <valueMap ruleid="comp-status-vm">
      <valueIn>0</valueIn>  <valueOut>0</valueOut>
      <valueIn>1</valueIn>  <valueOut>1</valueOut>
      <valueIn>2</valueIn>  <valueOut>2</valueOut>
      <valueIn>3</valueIn>  <valueOut>3</valueOut>
      <valueIn>*</valueIn>  <valueOut>4</valueOut>
    </valueMap>

    <enumMap ruleid="comp-status-em">
      <label>Off</label>
      <label>On</label>
      <label>AL</label>
      <label>Pump Down</label>
      <label>Unknown</label>
    </enumMap>

    <valueMap ruleid="setpoint-mode-vm">
      <valueIn>0</valueIn>  <valueOut>0</valueOut>
      <valueIn>1</valueIn>  <valueOut>1</valueOut>
      <valueIn>2</valueIn>  <valueOut>2</valueOut>
      <valueIn>3</valueIn>  <valueOut>3</valueOut>
      <valueIn>4</valueIn>  <valueOut>4</valueOut>
      <valueIn>*</valueIn>  <valueOut>5</valueOut>
    </valueMap>

    <enumMap ruleid="setpoint-mode-em">
      <label>STD Chiller</label>
      <label>T. Ext Compens.</label>
      <label>OPT SetP</label>
      <label>Setback SetP</label>
      <label>Remote Offset</label>
      <label>Unknown</label>
    </enumMap>

    <valueMap ruleid="num-standby-units-vm">
      <valueIn>0</valueIn>  <valueOut>0</valueOut>
      <valueIn>1</valueIn>  <valueOut>1</valueOut>
      <valueIn>*</valueIn>  <valueOut>2</valueOut>
    </valueMap>

    <enumMap ruleid="num-standby-units-em">
      <label>One</label>
      <label>Two</label>
      <label>Unknown</label>
    </enumMap>

		<alarmFlags ruleid="general-alarm-state">
			<value><getOid>.1.3.6.1.4.1.99001.2.1.1.14.0</getOid></value>
			<alarmFlagsTest match="1">
				<name>
					<activeText>General Alarm State</activeText>
					<inactiveText>General Alarm State Cleared</inactiveText>
				</name>
				<severity>warning</severity>
				<category>System</category>
				<description>
					<activeText>A General Alarm State condition exists.</activeText>
					<inactiveText>A General Alarm State condition no longer exists.</inactiveText>
				</description>
			</alarmFlagsTest>
		</alarmFlags>
		<alarmFlags ruleid="second-level-alarm-state">
			<value><getOid>.1.3.6.1.4.1.99001.2.1.1.15.0</getOid></value>
			<alarmFlagsTest match="1">
				<name>
					<activeText>Second Level Alarm State</activeText>
					<inactiveText>Second Level Alarm State Cleared</inactiveText>
				</name>
				<severity>warning</severity>
				<category>System</category>
				<description>
					<activeText>A 2nd Level Alarm State condition exists.</activeText>
					<inactiveText>A 2nd Level Alarm State condition no longer exists.</inactiveText>
				</description>
			</alarmFlagsTest>
		</alarmFlags>
		<alarmFlags ruleid="wrong-password-alarm">
			<value><getOid>.1.3.6.1.4.1.99001.2.1.1.16.0</getOid></value>
			<alarmFlagsTest match="1">
				<name>
					<activeText>Wrong Password Alarm</activeText>
					<inactiveText>Wrong Password Alarm Cleared</inactiveText>
				</name>
				<severity>warning</severity>
				<category>System</category>
				<description>
					<activeText>A Wrong Password Alarm condition exists.</activeText>
					<inactiveText>A Wrong Password Alarm condition no longer exists.</inactiveText>
				</description>
			</alarmFlagsTest>
		</alarmFlags>
		<alarmFlags ruleid="wrong-phase-sequence-alarm">
			<value><getOid>.1.3.6.1.4.1.99001.2.1.1.17.0</getOid></value>
			<alarmFlagsTest match="1">
				<name>
					<activeText>Wrong Phase Sequence Alarm</activeText>
					<inactiveText>Wrong Phase Sequence Alarm Cleared</inactiveText>
				</name>
				<severity>warning</severity>
				<category>System</category>
				<description>
					<activeText>A Wrong Phase Sequence Alarm condition exists.</activeText>
					<inactiveText>A Wrong Phase Sequence Alarm condition no longer exists.</inactiveText>
				</description>
			</alarmFlagsTest>
		</alarmFlags>
		<alarmFlags ruleid="loss-of-water-flow-alarm">
			<value><getOid>.1.3.6.1.4.1.99001.2.1.1.18.0</getOid></value>
			<alarmFlagsTest match="1">
				<name>
					<activeText>Loss of Water Flow Alarm</activeText>
					<inactiveText>Loss of Water Flow Alarm Cleared</inactiveText>
				</name>
				<severity>warning</severity>
				<category>System</category>
				<description>
					<activeText>A Loss of Water Flow Alarm condition exists.</activeText>
					<inactiveText>A Loss of Water Flow Alarm condition no longer exists.</inactiveText>
				</description>
			</alarmFlagsTest>
		</alarmFlags>
		<alarmFlags ruleid="water-inlet-high-temperature-alarm">
			<value><getOid>.1.3.6.1.4.1.99001.2.1.1.19.0</getOid></value>
			<alarmFlagsTest match="1">
				<name>
					<activeText>Water Inlet High Temperature Alarm</activeText>
					<inactiveText>Water Inlet High Temperature Alarm Cleared</inactiveText>
				</name>
				<severity>warning</severity>
				<category>System</category>
				<description>
					<activeText>A Water Inlet High Temperature Alarm condition exists.</activeText>
					<inactiveText>A Water Inlet High Temperature Alarm condition no longer exists.</inactiveText>
				</description>
			</alarmFlagsTest>
		</alarmFlags>
		<alarmFlags ruleid="water-inlet-low-temperature-alarm">
			<value><getOid>.1.3.6.1.4.1.99001.2.1.1.20.0</getOid></value>
			<alarmFlagsTest match="1">
				<name>
					<activeText>Water Inlet Low Temperature Alarm</activeText>
					<inactiveText>Water Inlet Low Temperature Alarm Cleared</inactiveText>
				</name>
				<severity>warning</severity>
				<category>System</category>
				<description>
					<activeText>A Water Inlet Low Temperature Alarm condition exists.</activeText>
					<inactiveText>A Water Inlet Low Temperature Alarm condition no longer exists.</inactiveText>
				</description>
			</alarmFlagsTest>
		</alarmFlags>
		<alarmFlags ruleid="circulating-pump-1-overload-alarm">
			<value><getOid>.1.3.6.1.4.1.99001.2.1.1.21.0</getOid></value>
			<alarmFlagsTest match="1">
				<name>
					<activeText>Circulating Pump 1 Overload Alarm</activeText>
					<inactiveText>Circulating Pump 1 Overload Alarm Cleared</inactiveText>
				</name>
				<severity>warning</severity>
				<category>System</category>
				<description>
					<activeText>A Circulating Pump 1 Overload Alarm condition exists.</activeText>
					<inactiveText>A Circulating Pump 1 Overload Alarm condition no longer exists.</inactiveText>
				</description>
			</alarmFlagsTest>
		</alarmFlags>
		<alarmFlags ruleid="circulating-pump-2-overload-alarm">
			<value><getOid>.1.3.6.1.4.1.99001.2.1.1.22.0</getOid></value>
			<alarmFlagsTest match="1">
				<name>
					<activeText>Circulating Pump 2 Overload Alarm</activeText>
					<inactiveText>Circulating Pump 2 Overload Alarm Cleared</inactiveText>
				</name>
				<severity>warning</severity>
				<category>System</category>
				<description>
					<activeText>A Circulating Pump 2 Overload Alarm condition exists.</activeText>
					<inactiveText>A Circulating Pump 2 Overload Alarm condition no longer exists.</inactiveText>
				</description>
			</alarmFlagsTest>
		</alarmFlags>
		<alarmFlags ruleid="free-cooling-pump-overload-alarm">
			<value><getOid>.1.3.6.1.4.1.99001.2.1.1.23.0</getOid></value>
			<alarmFlagsTest match="1">
				<name>
					<activeText>Free-Cooling Pump Overload Alarm</activeText>
					<inactiveText>Free-Cooling Pump Overload Alarm Cleared</inactiveText>
				</name>
				<severity>warning</severity>
				<category>System</category>
				<description>
					<activeText>A Free-Cooling Pump Overload Alarm condition exists.</activeText>
					<inactiveText>A Free-Cooling Pump Overload Alarm condition no longer exists.</inactiveText>
				</description>
			</alarmFlagsTest>
		</alarmFlags>
		<alarmFlags ruleid="interrupted-lan-alarm">
			<value><getOid>.1.3.6.1.4.1.99001.2.1.1.24.0</getOid></value>
			<alarmFlagsTest match="1">
				<name>
					<activeText>Interrupted LAN Alarm</activeText>
					<inactiveText>Interrupted LAN Alarm Cleared</inactiveText>
				</name>
				<severity>warning</severity>
				<category>System</category>
				<description>
					<activeText>A Interrupted LAN Alarm condition exists.</activeText>
					<inactiveText>A Interrupted LAN Alarm condition no longer exists.</inactiveText>
				</description>
			</alarmFlagsTest>
		</alarmFlags>
		<alarmFlags ruleid="low-pressure-1-prealarm-(auto-reset)">
			<value><getOid>.1.3.6.1.4.1.99001.2.1.1.26.0</getOid></value>
			<alarmFlagsTest match="1">
				<name>
					<activeText>Low Pressure 1 Prealarm (Auto Reset)</activeText>
					<inactiveText>Low Pressure 1 Prealarm (Auto Reset) Cleared</inactiveText>
				</name>
				<severity>warning</severity>
				<category>System</category>
				<description>
					<activeText>A Low Pressure 1 Prealarm (Auto Reset) condition exists.</activeText>
					<inactiveText>A Low Pressure 1 Prealarm (Auto Reset) condition no longer exists.</inactiveText>
				</description>
			</alarmFlagsTest>
		</alarmFlags>
		<alarmFlags ruleid="low-pressure-2-prealarm-(auto-reset)">
			<value><getOid>.1.3.6.1.4.1.99001.2.1.1.27.0</getOid></value>
			<alarmFlagsTest match="1">
				<name>
					<activeText>Low Pressure 2 Prealarm (Auto Reset)</activeText>
					<inactiveText>Low Pressure 2 Prealarm (Auto Reset) Cleared</inactiveText>
				</name>
				<severity>warning</severity>
				<category>System</category>
				<description>
					<activeText>A Low Pressure 2 Prealarm (Auto Reset) condition exists.</activeText>
					<inactiveText>A Low Pressure 2 Prealarm (Auto Reset) condition no longer exists.</inactiveText>
				</description>
			</alarmFlagsTest>
		</alarmFlags>
		<alarmFlags ruleid="low-pressure-1-alarm">
			<value><getOid>.1.3.6.1.4.1.99001.2.1.1.28.0</getOid></value>
			<alarmFlagsTest match="1">
				<name>
					<activeText>Low Pressure 1 Alarm</activeText>
					<inactiveText>Low Pressure 1 Alarm Cleared</inactiveText>
				</name>
				<severity>warning</severity>
				<category>System</category>
				<description>
					<activeText>A Low Pressure 1 Alarm condition exists.</activeText>
					<inactiveText>A Low Pressure 1 Alarm condition no longer exists.</inactiveText>
				</description>
			</alarmFlagsTest>
		</alarmFlags>
		<alarmFlags ruleid="low-pressure-2-alarm">
			<value><getOid>.1.3.6.1.4.1.99001.2.1.1.29.0</getOid></value>
			<alarmFlagsTest match="1">
				<name>
					<activeText>Low Pressure 2 Alarm</activeText>
					<inactiveText>Low Pressure 2 Alarm Cleared</inactiveText>
				</name>
				<severity>warning</severity>
				<category>System</category>
				<description>
					<activeText>A Low Pressure 2 Alarm condition exists.</activeText>
					<inactiveText>A Low Pressure 2 Alarm condition no longer exists.</inactiveText>
				</description>
			</alarmFlagsTest>
		</alarmFlags>
		<alarmFlags ruleid="high-pressure-1-alarm">
			<value><getOid>.1.3.6.1.4.1.99001.2.1.1.30.0</getOid></value>
			<alarmFlagsTest match="1">
				<name>
					<activeText>High Pressure 1 Alarm</activeText>
					<inactiveText>High Pressure 1 Alarm Cleared</inactiveText>
				</name>
				<severity>warning</severity>
				<category>System</category>
				<description>
					<activeText>A High Pressure 1 Alarm condition exists.</activeText>
					<inactiveText>A High Pressure 1 Alarm condition no longer exists.</inactiveText>
				</description>
			</alarmFlagsTest>
		</alarmFlags>
		<alarmFlags ruleid="high-pressure-2-alarm">
			<value><getOid>.1.3.6.1.4.1.99001.2.1.1.31.0</getOid></value>
			<alarmFlagsTest match="1">
				<name>
					<activeText>High Pressure 2 Alarm</activeText>
					<inactiveText>High Pressure 2 Alarm Cleared</inactiveText>
				</name>
				<severity>warning</severity>
				<category>System</category>
				<description>
					<activeText>A High Pressure 2 Alarm condition exists.</activeText>
					<inactiveText>A High Pressure 2 Alarm condition no longer exists.</inactiveText>
				</description>
			</alarmFlagsTest>
		</alarmFlags>
		<alarmFlags ruleid="compressor-1-overload-alarm">
			<value><getOid>.1.3.6.1.4.1.99001.2.1.1.32.0</getOid></value>
			<alarmFlagsTest match="1">
				<name>
					<activeText>Compressor 1 Overload Alarm</activeText>
					<inactiveText>Compressor 1 Overload Alarm Cleared</inactiveText>
				</name>
				<severity>warning</severity>
				<category>System</category>
				<description>
					<activeText>A Compressor 1 Overload Alarm condition exists.</activeText>
					<inactiveText>A Compressor 1 Overload Alarm condition no longer exists.</inactiveText>
				</description>
			</alarmFlagsTest>
		</alarmFlags>
		<alarmFlags ruleid="compressor-2-overload-alarm">
			<value><getOid>.1.3.6.1.4.1.99001.2.1.1.33.0</getOid></value>
			<alarmFlagsTest match="1">
				<name>
					<activeText>Compressor 2 Overload Alarm</activeText>
					<inactiveText>Compressor 2 Overload Alarm Cleared</inactiveText>
				</name>
				<severity>warning</severity>
				<category>System</category>
				<description>
					<activeText>A Compressor 2 Overload Alarm condition exists.</activeText>
					<inactiveText>A Compressor 2 Overload Alarm condition no longer exists.</inactiveText>
				</description>
			</alarmFlagsTest>
		</alarmFlags>
		<alarmFlags ruleid="circuit-1-antifreeze-alarm">
			<value><getOid>.1.3.6.1.4.1.99001.2.1.1.34.0</getOid></value>
			<alarmFlagsTest match="1">
				<name>
					<activeText>Circuit 1 Antifreeze Alarm</activeText>
					<inactiveText>Circuit 1 Antifreeze Alarm Cleared</inactiveText>
				</name>
				<severity>warning</severity>
				<category>System</category>
				<description>
					<activeText>A Circuit 1 Antifreeze Alarm condition exists.</activeText>
					<inactiveText>A Circuit 1 Antifreeze Alarm condition no longer exists.</inactiveText>
				</description>
			</alarmFlagsTest>
		</alarmFlags>
		<alarmFlags ruleid="circuit-2-antifreeze-alarm">
			<value><getOid>.1.3.6.1.4.1.99001.2.1.1.35.0</getOid></value>
			<alarmFlagsTest match="1">
				<name>
					<activeText>Circuit 2 Antifreeze Alarm</activeText>
					<inactiveText>Circuit 2 Antifreeze Alarm Cleared</inactiveText>
				</name>
				<severity>warning</severity>
				<category>System</category>
				<description>
					<activeText>A Circuit 2 Antifreeze Alarm condition exists.</activeText>
					<inactiveText>A Circuit 2 Antifreeze Alarm condition no longer exists.</inactiveText>
				</description>
			</alarmFlagsTest>
		</alarmFlags>
		<alarmFlags ruleid="water-inlet-temp_-sensor-failure/disconnected">
			<value><getOid>.1.3.6.1.4.1.99001.2.1.1.36.0</getOid></value>
			<alarmFlagsTest match="1">
				<name>
					<activeText>Water Inlet Temp. Sensor Failure/Disconnected</activeText>
					<inactiveText>Water Inlet Temp. Sensor Failure/Disconnected Cleared</inactiveText>
				</name>
				<severity>warning</severity>
				<category>System</category>
				<description>
					<activeText>A Water Inlet Temp. Sensor Failure/Disconnected condition exists.</activeText>
					<inactiveText>A Water Inlet Temp. Sensor Failure/Disconnected condition no longer exists.</inactiveText>
				</description>
			</alarmFlagsTest>
		</alarmFlags>
		<alarmFlags ruleid="water-outlet-temp_-sensor-failure/disconnected">
			<value><getOid>.1.3.6.1.4.1.99001.2.1.1.37.0</getOid></value>
			<alarmFlagsTest match="1">
				<name>
					<activeText>Water Outlet Temp. Sensor Failure/Disconnected</activeText>
					<inactiveText>Water Outlet Temp. Sensor Failure/Disconnected Cleared</inactiveText>
				</name>
				<severity>warning</severity>
				<category>System</category>
				<description>
					<activeText>A Water Outlet Temp. Sensor Failure/Disconnected condition exists.</activeText>
					<inactiveText>A Water Outlet Temp. Sensor Failure/Disconnected condition no longer exists.</inactiveText>
				</description>
			</alarmFlagsTest>
		</alarmFlags>
		<alarmFlags ruleid="water-outlet-2-temp_-sensor-failure/disconnected">
			<value><getOid>.1.3.6.1.4.1.99001.2.1.1.38.0</getOid></value>
			<alarmFlagsTest match="1">
				<name>
					<activeText>Water Outlet 2 Temp. Sensor Failure/Disconnected</activeText>
					<inactiveText>Water Outlet 2 Temp. Sensor Failure/Disconnected Cleared</inactiveText>
				</name>
				<severity>warning</severity>
				<category>System</category>
				<description>
					<activeText>A Water Outlet 2 Temp. Sensor Failure/Disconnected condition exists.</activeText>
					<inactiveText>A Water Outlet 2 Temp. Sensor Failure/Disconnected condition no longer exists.</inactiveText>
				</description>
			</alarmFlagsTest>
		</alarmFlags>
		<alarmFlags ruleid="outdoor-air-temp_-sensor-failure/disconnected">
			<value><getOid>.1.3.6.1.4.1.99001.2.1.1.39.0</getOid></value>
			<alarmFlagsTest match="1">
				<name>
					<activeText>Outdoor Air Temp. Sensor Failure/Disconnected</activeText>
					<inactiveText>Outdoor Air Temp. Sensor Failure/Disconnected Cleared</inactiveText>
				</name>
				<severity>warning</severity>
				<category>System</category>
				<description>
					<activeText>A Outdoor Air Temp. Sensor Failure/Disconnected condition exists.</activeText>
					<inactiveText>A Outdoor Air Temp. Sensor Failure/Disconnected condition no longer exists.</inactiveText>
				</description>
			</alarmFlagsTest>
		</alarmFlags>
		<alarmFlags ruleid="condensing-1-press_-sensor-failure/disconnected">
			<value><getOid>.1.3.6.1.4.1.99001.2.1.1.40.0</getOid></value>
			<alarmFlagsTest match="1">
				<name>
					<activeText>Condensing 1 Press. Sensor Failure/Disconnected</activeText>
					<inactiveText>Condensing 1 Press. Sensor Failure/Disconnected Cleared</inactiveText>
				</name>
				<severity>warning</severity>
				<category>System</category>
				<description>
					<activeText>A Condensing 1 Press. Sensor Failure/Disconnected condition exists.</activeText>
					<inactiveText>A Condensing 1 Press. Sensor Failure/Disconnected condition no longer exists.</inactiveText>
				</description>
			</alarmFlagsTest>
		</alarmFlags>
		<alarmFlags ruleid="condensing-2-press_-sensor-failure/disconnected">
			<value><getOid>.1.3.6.1.4.1.99001.2.1.1.41.0</getOid></value>
			<alarmFlagsTest match="1">
				<name>
					<activeText>Condensing 2 Press. Sensor Failure/Disconnected</activeText>
					<inactiveText>Condensing 2 Press. Sensor Failure/Disconnected Cleared</inactiveText>
				</name>
				<severity>warning</severity>
				<category>System</category>
				<description>
					<activeText>A Condensing 2 Press. Sensor Failure/Disconnected condition exists.</activeText>
					<inactiveText>A Condensing 2 Press. Sensor Failure/Disconnected condition no longer exists.</inactiveText>
				</description>
			</alarmFlagsTest>
		</alarmFlags>
		<alarmFlags ruleid="evaporating-1-press_-sensor-failure/disconnected">
			<value><getOid>.1.3.6.1.4.1.99001.2.1.1.42.0</getOid></value>
			<alarmFlagsTest match="1">
				<name>
					<activeText>Evaporating 1 Press. Sensor Failure/Disconnected</activeText>
					<inactiveText>Evaporating 1 Press. Sensor Failure/Disconnected Cleared</inactiveText>
				</name>
				<severity>warning</severity>
				<category>System</category>
				<description>
					<activeText>A Evaporating 1 Press. Sensor Failure/Disconnected condition exists.</activeText>
					<inactiveText>A Evaporating 1 Press. Sensor Failure/Disconnected condition no longer exists.</inactiveText>
				</description>
			</alarmFlagsTest>
		</alarmFlags>
		<alarmFlags ruleid="evaporating-2-press_-sensor-failure/disconnected">
			<value><getOid>.1.3.6.1.4.1.99001.2.1.1.43.0</getOid></value>
			<alarmFlagsTest match="1">
				<name>
					<activeText>Evaporating 2 Press. Sensor Failure/Disconnected</activeText>
					<inactiveText>Evaporating 2 Press. Sensor Failure/Disconnected Cleared</inactiveText>
				</name>
				<severity>warning</severity>
				<category>System</category>
				<description>
					<activeText>A Evaporating 2 Press. Sensor Failure/Disconnected condition exists.</activeText>
					<inactiveText>A Evaporating 2 Press. Sensor Failure/Disconnected condition no longer exists.</inactiveText>
				</description>
			</alarmFlagsTest>
		</alarmFlags>
		<alarmFlags ruleid="compressor-1:-hour-counter-threshold-alarm">
			<value><getOid>.1.3.6.1.4.1.99001.2.1.1.44.0</getOid></value>
			<alarmFlagsTest match="1">
				<name>
					<activeText>Compressor 1: Hour Counter Threshold Alarm</activeText>
					<inactiveText>Compressor 1: Hour Counter Threshold Alarm Cleared</inactiveText>
				</name>
				<severity>warning</severity>
				<category>System</category>
				<description>
					<activeText>A Compressor 1: Hour Counter Threshold Alarm condition exists.</activeText>
					<inactiveText>A Compressor 1: Hour Counter Threshold Alarm condition no longer exists.</inactiveText>
				</description>
			</alarmFlagsTest>
		</alarmFlags>
		<alarmFlags ruleid="compressor-2:-hour-counter-threshold-alarm">
			<value><getOid>.1.3.6.1.4.1.99001.2.1.1.45.0</getOid></value>
			<alarmFlagsTest match="1">
				<name>
					<activeText>Compressor 2: Hour Counter Threshold Alarm</activeText>
					<inactiveText>Compressor 2: Hour Counter Threshold Alarm Cleared</inactiveText>
				</name>
				<severity>warning</severity>
				<category>System</category>
				<description>
					<activeText>A Compressor 2: Hour Counter Threshold Alarm condition exists.</activeText>
					<inactiveText>A Compressor 2: Hour Counter Threshold Alarm condition no longer exists.</inactiveText>
				</description>
			</alarmFlagsTest>
		</alarmFlags>
		<alarmFlags ruleid="circulating-pump-1:-hour-counter-threshold-alarm">
			<value><getOid>.1.3.6.1.4.1.99001.2.1.1.46.0</getOid></value>
			<alarmFlagsTest match="1">
				<name>
					<activeText>Circulating Pump 1: Hour Counter Threshold Alarm</activeText>
					<inactiveText>Circulating Pump 1: Hour Counter Threshold Alarm Cleared</inactiveText>
				</name>
				<severity>warning</severity>
				<category>System</category>
				<description>
					<activeText>A Circulating Pump 1: Hour Counter Threshold Alarm condition exists.</activeText>
					<inactiveText>A Circulating Pump 1: Hour Counter Threshold Alarm condition no longer exists.</inactiveText>
				</description>
			</alarmFlagsTest>
		</alarmFlags>
		<alarmFlags ruleid="circulating-pump-2:-hour-counter-threshold-alarm">
			<value><getOid>.1.3.6.1.4.1.99001.2.1.1.47.0</getOid></value>
			<alarmFlagsTest match="1">
				<name>
					<activeText>Circulating Pump 2: Hour Counter Threshold Alarm</activeText>
					<inactiveText>Circulating Pump 2: Hour Counter Threshold Alarm Cleared</inactiveText>
				</name>
				<severity>warning</severity>
				<category>System</category>
				<description>
					<activeText>A Circulating Pump 2: Hour Counter Threshold Alarm condition exists.</activeText>
					<inactiveText>A Circulating Pump 2: Hour Counter Threshold Alarm condition no longer exists.</inactiveText>
				</description>
			</alarmFlagsTest>
		</alarmFlags>
		<alarmFlags ruleid="free-cooling-pump:-hour-counter-threshold-alarm">
			<value><getOid>.1.3.6.1.4.1.99001.2.1.1.48.0</getOid></value>
			<alarmFlagsTest match="1">
				<name>
					<activeText>Free-Cooling Pump: Hour Counter Threshold Alarm</activeText>
					<inactiveText>Free-Cooling Pump: Hour Counter Threshold Alarm Cleared</inactiveText>
				</name>
				<severity>warning</severity>
				<category>System</category>
				<description>
					<activeText>A Free-Cooling Pump: Hour Counter Threshold Alarm condition exists.</activeText>
					<inactiveText>A Free-Cooling Pump: Hour Counter Threshold Alarm condition no longer exists.</inactiveText>
				</description>
			</alarmFlagsTest>
		</alarmFlags>
		<alarmFlags ruleid="circuit-1-pump-down-failed">
			<value><getOid>.1.3.6.1.4.1.99001.2.1.1.53.0</getOid></value>
			<alarmFlagsTest match="1">
				<name>
					<activeText>Circuit 1 Pump-down failed</activeText>
					<inactiveText>Circuit 1 Pump-down failed Cleared</inactiveText>
				</name>
				<severity>warning</severity>
				<category>System</category>
				<description>
					<activeText>A Circuit 1 Pump-down failed condition exists.</activeText>
					<inactiveText>A Circuit 1 Pump-down failed no longer exists.</inactiveText>
				</description>
			</alarmFlagsTest>
		</alarmFlags>
		
				<alarmFlags ruleid="circuit-2-pump-down-failed">
			<value><getOid>.1.3.6.1.4.1.99001.2.1.1.54.0</getOid></value>
			<alarmFlagsTest match="1">
				<name>
					<activeText>Circuit 2 Pump-down failed</activeText>
					<inactiveText>Circuit 2 Pump-down failed Cleared</inactiveText>
				</name>
				<severity>warning</severity>
				<category>System</category>
				<description>
					<activeText>A Circuit 2 Pump-down failed condition exists.</activeText>
					<inactiveText>A Circuit 2 Pump-down failed no longer exists.</inactiveText>
				</description>
			</alarmFlagsTest>
		</alarmFlags>


		<alarmFlags ruleid="fans-thermal-alarm">
			<value><getOid>.1.3.6.1.4.1.99001.2.1.1.77.0</getOid></value>
			<alarmFlagsTest match="1">
				<name>
					<activeText>Fans Thermal Alarm</activeText>
					<inactiveText>Fans Thermal Alarm Cleared</inactiveText>
				</name>
				<severity>warning</severity>
				<category>System</category>
				<description>
					<activeText>A Fans Thermal Alarm condition exists.</activeText>
					<inactiveText>A Fans Thermal Alarm condition no longer exists.</inactiveText>
				</description>
			</alarmFlagsTest>
		</alarmFlags>
		<alarmFlags ruleid="etv-oil-compressor-1-alarm">
			<value><getOid>.1.3.6.1.4.1.99001.2.1.1.83.0</getOid></value>
			<alarmFlagsTest match="1">
				<name>
					<activeText>ETV Oil Compressor 1 Alarm</activeText>
					<inactiveText>ETV Oil Compressor 1 Alarm Cleared</inactiveText>
				</name>
				<severity>warning</severity>
				<category>System</category>
				<description>
					<activeText>A ETV Oil Compressor 1 Alarm condition exists.</activeText>
					<inactiveText>A ETV Oil Compressor 1 Alarm condition no longer exists.</inactiveText>
				</description>
			</alarmFlagsTest>
		</alarmFlags>
		<alarmFlags ruleid="etv-oil-compressor-2-alarm">
			<value><getOid>.1.3.6.1.4.1.99001.2.1.1.84.0</getOid></value>
			<alarmFlagsTest match="1">
				<name>
					<activeText>ETV Oil Compressor 2 Alarm</activeText>
					<inactiveText>ETV Oil Compressor 2 Alarm Cleared</inactiveText>
				</name>
				<severity>warning</severity>
				<category>System</category>
				<description>
					<activeText>A ETV Oil Compressor 2 Alarm condition exists.</activeText>
					<inactiveText>A ETV Oil Compressor 2 Alarm condition no longer exists.</inactiveText>
				</description>
			</alarmFlagsTest>
		</alarmFlags>
		<alarmFlags ruleid="inverter-compressor-alarm">
			<value><getOid>.1.3.6.1.4.1.99001.2.1.1.111.0</getOid></value>
			<alarmFlagsTest match="1">
				<name>
					<activeText>Inverter Compressor Alarm</activeText>
					<inactiveText>Inverter Compressor Alarm Cleared</inactiveText>
				</name>
				<severity>warning</severity>
				<category>System</category>
				<description>
					<activeText>A Inverter Compressor Alarm condition exists.</activeText>
					<inactiveText>A Inverter Compressor Alarm condition no longer exists.</inactiveText>
				</description>
			</alarmFlagsTest>
		</alarmFlags>
		<alarmFlags ruleid="inverter-pump-alarm">
			<value><getOid>.1.3.6.1.4.1.99001.2.1.1.112.0</getOid></value>
			<alarmFlagsTest match="1">
				<name>
					<activeText>Inverter Pump Alarm</activeText>
					<inactiveText>Inverter Pump Alarm Cleared</inactiveText>
				</name>
				<severity>warning</severity>
				<category>System</category>
				<description>
					<activeText>A Inverter Pump Alarm condition exists.</activeText>
					<inactiveText>A Inverter Pump Alarm condition no longer exists.</inactiveText>
				</description>
			</alarmFlagsTest>
		</alarmFlags>
		<alarmFlags ruleid="offline-pcoe-board">
			<value><getOid>.1.3.6.1.4.1.99001.2.1.1.113.0</getOid></value>
			<alarmFlagsTest match="1">
				<name>
					<activeText>Offline pCOe Board</activeText>
					<inactiveText>Offline pCOe Board Cleared</inactiveText>
				</name>
				<severity>warning</severity>
				<category>System</category>
				<description>
					<activeText>A Offline pCOe Board condition exists.</activeText>
					<inactiveText>A Offline pCOe Board condition no longer exists.</inactiveText>
				</description>
			</alarmFlagsTest>
		</alarmFlags>
		<alarmFlags ruleid="water-inlet-pressure-probe-alarm">
			<value><getOid>.1.3.6.1.4.1.99001.2.1.1.114.0</getOid></value>
			<alarmFlagsTest match="1">
				<name>
					<activeText>Water Inlet Pressure Probe Alarm</activeText>
					<inactiveText>Water Inlet Pressure Probe Alarm Cleared</inactiveText>
				</name>
				<severity>warning</severity>
				<category>System</category>
				<description>
					<activeText>A Water Inlet Pressure Probe Alarm condition exists.</activeText>
					<inactiveText>A Water Inlet Pressure Probe Alarm condition no longer exists.</inactiveText>
				</description>
			</alarmFlagsTest>
		</alarmFlags>
		<alarmFlags ruleid="water-outlet-pressure-probe-alarm">
			<value><getOid>.1.3.6.1.4.1.99001.2.1.1.115.0</getOid></value>
			<alarmFlagsTest match="1">
				<name>
					<activeText>Water Outlet Pressure Probe Alarm</activeText>
					<inactiveText>Water Outlet Pressure Probe Alarm Cleared</inactiveText>
				</name>
				<severity>warning</severity>
				<category>System</category>
				<description>
					<activeText>A Water Outlet Pressure Probe Alarm condition exists.</activeText>
					<inactiveText>A Water Outlet Pressure Probe Alarm condition no longer exists.</inactiveText>
				</description>
			</alarmFlagsTest>
		</alarmFlags>
		<alarmFlags ruleid="electronic-thermostatic-valve-alarm">
			<value><getOid>.1.3.6.1.4.1.99001.2.1.1.122.0</getOid></value>
			<alarmFlagsTest match="1">
				<name>
					<activeText>Electronic Thermostatic Valve Alarm</activeText>
					<inactiveText>Electronic Thermostatic Valve Alarm Cleared</inactiveText>
				</name>
				<severity>warning</severity>
				<category>System</category>
				<description>
					<activeText>A Electronic Thermostatic Valve Alarm condition exists.</activeText>
					<inactiveText>A Electronic Thermostatic Valve Alarm condition no longer exists.</inactiveText>
				</description>
			</alarmFlagsTest>
		</alarmFlags>
		<alarmFlags ruleid="t-lan-communication-alarm">
			<value><getOid>.1.3.6.1.4.1.99001.2.1.1.141.0</getOid></value>
			<alarmFlagsTest match="1">
				<name>
					<activeText>t-LAN Communication Alarm</activeText>
					<inactiveText>t-LAN Communication Alarm Cleared</inactiveText>
				</name>
				<severity>warning</severity>
				<category>System</category>
				<description>
					<activeText>A t-LAN Communication Alarm condition exists.</activeText>
					<inactiveText>A t-LAN Communication Alarm condition no longer exists.</inactiveText>
				</description>
			</alarmFlagsTest>
		</alarmFlags>
  </device>
</APC_DDF>

