<?xml version="1.0"?>
<!-- uniflair_sp_uniflair_wm_uniflair_mb_telnew_SNMP_CCU -->
<APC_DDF xmlns:xsi="http://www.w3.org/2001/XMLSchema-instance" xsi:noNamespaceSchemaLocation="http://localhost/ddf_schema/apc_ddf_1_5.xsd"
        ddfid ="uniflair_sp_uniflair_wm_uniflair_mb_telnew_SNMP_CCU" ddfname="uniflair_sp_uniflair_wm_uniflair_mb_telnew_SNMP_CCU"
        ddfversion ="3" canremove="yes">
  <schemaVersion>1.5</schemaVersion>

  <device deviceid="uniflair_sp_uniflair_wm_uniflair_mb_telnew_SNMP_CCU_header">
    <oidMustExist ruleid="uniflair_sp_uniflair_wm_uniflair_mb_telnew_SNMP_CCU" oid=".1.3.6.1.4.1.9839.2.1" istree="yes" />
    
         <suppressRule ruleid="suppresscorevendordata" suppressid="core/mib2data/vendordata"/>
     <suppressRule ruleid="suppresscoremodeldata" suppressid="core/mib2data/modeldata"/>
     <suppressRule ruleid="suppresscoretypedata" suppressid="core/mib2data/typedata"/>
    
    <setProductData ruleid="typedata" field="type">Cooling Device</setProductData>
    <setProductData ruleid="vendordata" field="vendor">Uniflair/Schneider-Electric</setProductData>
    <setProductData ruleid="modeldata" field="model">uniflair_sp_uniflair_wm_uniflair_mb_telnew_SNMP_CCU</setProductData>

  </device>

  <device deviceid="uniflair_sp_uniflair_wm_uniflair_mb_telnew_SNMP_CCU_sensors">
    <oidMustExist ruleid="uniflair_sp_uniflair_wm_uniflair_mb_telnew_SNMP_CCU" oid=".1.3.6.1.4.1.9839.2.1" istree="yes" />
		
		<!-- Digital Sensors -->

		<stateSensor ruleid="digital_system_on_fan_sensor">
            <type>state</type>
            <sensorId>digital_system_on_fan</sensorId>
            <value>
                <getOid>.1.3.6.1.4.1.9839.2.1.1.1.0</getOid>
            </value>
            <label>System On (Fan)</label>
            <enum>digital_on_off_em</enum>
            <sensorSet>Digital Sensors</sensorSet>
        </stateSensor>

		<stateSensor ruleid="digital_compressor_sensor">
            <type>state</type>
            <sensorId>digital_compressor</sensorId>
            <value>
                <getOid>.1.3.6.1.4.1.9839.2.1.1.2.0</getOid>
            </value>
            <label>Compressor</label>
            <enum>digital_on_off_em</enum>
            <sensorSet>Digital Sensors</sensorSet>
        </stateSensor>

		<stateSensor ruleid="digital_heater_sensor">
            <type>state</type>
            <sensorId>digital_heater</sensorId>
            <value>
                <getOid>.1.3.6.1.4.1.9839.2.1.1.3.0</getOid>
            </value>
            <label>Heater</label>
            <enum>digital_on_off_em</enum>
            <sensorSet>Digital Sensors</sensorSet>
        </stateSensor>

		<stateSensor ruleid="digital_free_cooling_condition_sensor">
            <type>state</type>
            <sensorId>digital_free_cooling_condition</sensorId>
            <value>
                <getOid>.1.3.6.1.4.1.9839.2.1.1.4.0</getOid>
            </value>
            <label>Free-cooling Condition</label>
            <enum>digital_on_off_em</enum>
            <sensorSet>Digital Sensors</sensorSet>
        </stateSensor>

		
		<stateSensor ruleid="digital_high_pressure_alarm_sensor">
            <type>state</type>
            <sensorId>digital_high_pressure_alarm</sensorId>
            <value>
				<mapValue mapid="normal_alarm_vm">
					<getOid>.1.3.6.1.4.1.9839.2.1.1.5.0</getOid>
				</mapValue>
            </value>
            <label>High Pressure Alarm</label>
            <enum>normal_alarm_em</enum>
            <sensorSet>Alarm Sensors</sensorSet>
        </stateSensor>

		<stateSensor ruleid="digital_low_pressure_alarm_sensor">
            <type>state</type>
            <sensorId>digital_low_pressure_alarm</sensorId>
            <value>
				<mapValue mapid="normal_alarm_vm">
					<getOid>.1.3.6.1.4.1.9839.2.1.1.6.0</getOid>
				</mapValue>
            </value>
            <label>Low Pressure Alarm</label>
            <enum>normal_alarm_em</enum>
            <sensorSet>Alarm Sensors</sensorSet>
        </stateSensor>

		<stateSensor ruleid="digital_wrong_phase_sequence_alarm_sensor">
            <type>state</type>
            <sensorId>digital_wrong_phase_sequence_alarm</sensorId>
            <value>
				<mapValue mapid="normal_alarm_vm">
					<getOid>.1.3.6.1.4.1.9839.2.1.1.8.0</getOid>
				</mapValue>
            </value>
            <label>Wrong phase sequence alarm (No GEMINI)</label>
            <enum>normal_alarm_em</enum>
            <sensorSet>Alarm Sensors</sensorSet>
        </stateSensor>

		<stateSensor ruleid="digital_fan_thermal_protection_alarm_sensor">
            <type>state</type>
            <sensorId>digital_fan_thermal_protection_alarm</sensorId>
            <value>
				<mapValue mapid="normal_alarm_vm">
					<getOid>.1.3.6.1.4.1.9839.2.1.1.9.0</getOid>
				</mapValue>
            </value>
            <label>Fan thermal protection Alarm (Klixon) (No GEMINI)</label>
            <enum>normal_alarm_em</enum>
            <sensorSet>Alarm Sensors</sensorSet>
        </stateSensor>

		<stateSensor ruleid="digital_loss_of_airflow_alarm_sensor">
            <type>state</type>
            <sensorId>digital_loss_of_airflow_alarm</sensorId>
            <value>
				<mapValue mapid="normal_alarm_vm">
					<getOid>.1.3.6.1.4.1.9839.2.1.1.10.0</getOid>
				</mapValue>
            </value>
            <label>Loss of Air Flow Alarm</label>
            <enum>normal_alarm_em</enum>
            <sensorSet>Alarm Sensors</sensorSet>
        </stateSensor>

		<stateSensor ruleid="digital_heater_overheating_alarm_sensor">
            <type>state</type>
            <sensorId>digital_heater_overheating_alarm</sensorId>
            <value>
				<mapValue mapid="normal_alarm_vm">
					<getOid>.1.3.6.1.4.1.9839.2.1.1.11.0</getOid>
				</mapValue>
            </value>
            <label>Heater Overheating Alarm</label>
            <enum>normal_alarm_em</enum>
            <sensorSet>Alarm Sensors</sensorSet>
        </stateSensor>

		<stateSensor ruleid="digital_clogged_filter_alarm_sensor">
            <type>state</type>
            <sensorId>digital_clogged_filter_alarm</sensorId>
            <value>
				<mapValue mapid="normal_alarm_vm">
					<getOid>.1.3.6.1.4.1.9839.2.1.1.12.0</getOid>
				</mapValue>
            </value>
            <label>Clogged Filter Alarm</label>
            <enum>normal_alarm_em</enum>
            <sensorSet>Alarm Sensors</sensorSet>
        </stateSensor>

		<stateSensor ruleid="digital_room_high_temp_alarm_1st_level_sensor">
            <type>state</type>
            <sensorId>digital_room_high_temp_alarm_1st_level</sensorId>
            <value>
				<mapValue mapid="normal_alarm_vm">
					<getOid>.1.3.6.1.4.1.9839.2.1.1.13.0</getOid>
				</mapValue>
            </value>
            <label>Room High Temp. Alarm (1st Level Alarm)</label>
            <enum>normal_alarm_em</enum>
            <sensorSet>Alarm Sensors</sensorSet>
        </stateSensor>

		<stateSensor ruleid="digital_room_low_temp_alarm_sensor">
            <type>state</type>
            <sensorId>digital_room_low_temp_alarm</sensorId>
            <value>
				<mapValue mapid="normal_alarm_vm">
					<getOid>.1.3.6.1.4.1.9839.2.1.1.14.0</getOid>
				</mapValue>
            </value>
            <label>Room Low Temp. Alarm</label>
            <enum>normal_alarm_em</enum>
            <sensorSet>Alarm Sensors</sensorSet>
        </stateSensor>

		<stateSensor ruleid="digital_main_sensor_failure_alarm_sensor">
            <type>state</type>
            <sensorId>digital_main_sensor_failure_alarm</sensorId>
            <value>
				<mapValue mapid="normal_alarm_vm">
					<getOid>.1.3.6.1.4.1.9839.2.1.1.15.0</getOid>
				</mapValue>
            </value>
            <label>Main Sensor Failure/Disconnected</label>
            <enum>normal_alarm_em</enum>
            <sensorSet>Alarm Sensors</sensorSet>
        </stateSensor>
		
		<stateSensor ruleid="digital_auxiliary_sensor_failure_alarm_sensor">
            <type>state</type>
            <sensorId>digital_auxiliary_sensor_failure_alarm</sensorId>
            <value>
				<mapValue mapid="normal_alarm_vm">
					<getOid>.1.3.6.1.4.1.9839.2.1.1.16.0</getOid>
				</mapValue>
            </value>
            <label>Auxiliary Sensor Failure/Disconnected</label>
            <enum>normal_alarm_em</enum>
            <sensorSet>Alarm Sensors</sensorSet>
        </stateSensor>

		<stateSensor ruleid="digital_lan_connection_failure_alarm_sensor">
            <type>state</type>
            <sensorId>digital_lan_connection_failure_alarm</sensorId>
            <value>
				<mapValue mapid="normal_alarm_vm">
					<getOid>.1.3.6.1.4.1.9839.2.1.1.17.0</getOid>
				</mapValue>
            </value>
            <label>LAN Connection Failure</label>
            <enum>normal_alarm_em</enum>
            <sensorSet>Alarm Sensors</sensorSet>
        </stateSensor>

		<stateSensor ruleid="digital_room_high_temp_alarm_2nd_level_sensor">
            <type>state</type>
            <sensorId>digital_room_high_temp_alarm_2nd_level</sensorId>
            <value>
				<mapValue mapid="normal_alarm_vm">
					<getOid>.1.3.6.1.4.1.9839.2.1.1.18.0</getOid>
				</mapValue>
            </value>
            <label>Room High Temp. Alarm (2nd Level Alarm)</label>
            <enum>normal_alarm_em</enum>
            <sensorSet>Alarm Sensors</sensorSet>
        </stateSensor>

		<stateSensor ruleid="digital_air_filter_hour_counter_threshold_alarm_sensor">
            <type>state</type>
            <sensorId>digital_air_filter_hour_counter_threshold_alarm</sensorId>
            <value>
				<mapValue mapid="normal_alarm_vm">
					<getOid>.1.3.6.1.4.1.9839.2.1.1.19.0</getOid>
				</mapValue>
            </value>
            <label>Air Filter: hour counter threshold Alarm</label>
            <enum>normal_alarm_em</enum>
            <sensorSet>Alarm Sensors</sensorSet>
        </stateSensor>

		<stateSensor ruleid="digital_air_conditioning_unit_hour_counter_threshold_alarm_sensor">
            <type>state</type>
            <sensorId>digital_air_conditioning_unit_hour_counter_threshold_alarm</sensorId>
            <value>
				<mapValue mapid="normal_alarm_vm">
					<getOid>.1.3.6.1.4.1.9839.2.1.1.20.0</getOid>
				</mapValue>
            </value>
            <label>Air Conditioning Unit: hour counter threshold Alarm</label>
            <enum>normal_alarm_em</enum>
            <sensorSet>Alarm Sensors</sensorSet>
        </stateSensor>

		<stateSensor ruleid="digital_compressor_hour_counter_threshold_alarm_sensor">
            <type>state</type>
            <sensorId>digital_compressor_hour_counter_threshold_alarm</sensorId>
            <value>
				<mapValue mapid="normal_alarm_vm">
					<getOid>.1.3.6.1.4.1.9839.2.1.1.21.0</getOid>
				</mapValue>
            </value>
            <label>Compressor: hour counter threshold Alarm</label>
            <enum>normal_alarm_em</enum>
            <sensorSet>Alarm Sensors</sensorSet>
        </stateSensor>

		<stateSensor ruleid="digital_heater_hour_counter_threshold_alarm_sensor">
            <type>state</type>
            <sensorId>digital_heater_hour_counter_threshold_alarm</sensorId>
            <value>
				<mapValue mapid="normal_alarm_vm">
					<getOid>.1.3.6.1.4.1.9839.2.1.1.22.0</getOid>
				</mapValue>
            </value>
            <label>Heater: hour counter threshold Alarm</label>
            <enum>normal_alarm_em</enum>
            <sensorSet>Alarm Sensors</sensorSet>
        </stateSensor>

		<stateSensor ruleid="general_alarm_sensor">
            <type>state</type>
            <sensorId>general_alarm</sensorId>
            <value>
				<mapValue mapid="normal_alarm_vm">
					<getOid>.1.3.6.1.4.1.9839.2.1.1.23.0</getOid>
				</mapValue>
            </value>
            <label>General Alarm</label>
            <enum>normal_alarm_em</enum>
            <sensorSet>Alarm Sensors</sensorSet>
        </stateSensor>

		
		<stateSensor ruleid="digital_local_area_network_running_alarm_sensor">
            <type>state</type>
            <sensorId>digital_local_area_network_running_alarm</sensorId>
            <value>
				<mapValue mapid="digital_on_off_vm">
					<getOid>.1.3.6.1.4.1.9839.2.1.1.30.0</getOid>
				</mapValue>
            </value>
            <label>Local Area Network running</label>
            <enum>digital_on_off_em</enum>
            <sensorSet>Alarm Sensors</sensorSet>
        </stateSensor>

		<stateSensor ruleid="digital_no_lan_present_sensor">
            <type>state</type>
            <sensorId>digital_no_lan_present</sensorId>
            <value>
				<mapValue mapid="digital_on_off_vm">
					<getOid>.1.3.6.1.4.1.9839.2.1.1.31.0</getOid>
				</mapValue>
            </value>
            <label>No LAN Present</label>
            <enum>digital_on_off_em</enum>
            <sensorSet>Digital Sensors</sensorSet>
        </stateSensor>

		<stateSensor ruleid="digital_cooling_mode_sensor">
            <type>state</type>
            <sensorId>digital_cooling_mode</sensorId>
            <value>
				<mapValue mapid="digital_on_off_vm">
					<getOid>.1.3.6.1.4.1.9839.2.1.1.32.0</getOid>
				</mapValue>
            </value>
            <label>Cooling Mode</label>
            <enum>digital_on_off_em</enum>
            <sensorSet>Digital Sensors</sensorSet>
        </stateSensor>
		
		<stateSensor ruleid="digital_heating_mode_sensor">
            <type>state</type>
            <sensorId>digital_heating_mode</sensorId>
            <value>
				<mapValue mapid="digital_on_off_vm">
					<getOid>.1.3.6.1.4.1.9839.2.1.1.33.0</getOid>
				</mapValue>
            </value>
            <label>Heating Mode</label>
            <enum>digital_on_off_em</enum>
            <sensorSet>Digital Sensors</sensorSet>
        </stateSensor>
		
		<stateSensor ruleid="digital_reheating_mode_sensor">
            <type>state</type>
            <sensorId>digital_reheating_mode</sensorId>
            <value>
				<mapValue mapid="digital_on_off_vm">
					<getOid>.1.3.6.1.4.1.9839.2.1.1.34.0</getOid>
				</mapValue>
            </value>
            <label>Re-heating Mode</label>
            <enum>digital_on_off_em</enum>
            <sensorSet>Digital Sensors</sensorSet>
        </stateSensor>

		<stateSensor ruleid="digital_dehumidification_mode_sensor">
            <type>state</type>
            <sensorId>digital_dehumidification_mode</sensorId>
            <value>
				<mapValue mapid="digital_on_off_vm">
					<getOid>.1.3.6.1.4.1.9839.2.1.1.35.0</getOid>
				</mapValue>
            </value>
            <label>Dehumidification Mode</label>
            <enum>digital_on_off_em</enum>
            <sensorSet>Digital Sensors</sensorSet>
        </stateSensor>
        
		<stateSensor ruleid="digital_addressable_alarm_state_alarm_sensor">
            <type>state</type>
            <sensorId>digital_addressable_alarm_state_alarm</sensorId>
            <value>
				<mapValue mapid="normal_alarm_vm">
					<getOid>.1.3.6.1.4.1.9839.2.1.1.36.0</getOid>
				</mapValue>
            </value>
            <label>Addressable Alarm State</label>
            <enum>normal_alarm_em</enum>
            <sensorSet>Alarm Sensors</sensorSet>
        </stateSensor>
		

		<stateSensor ruleid="digital_unit_in_manual_or_forced_mode_sensor">
            <type>state</type>
            <sensorId>digital_unit_in_manual_or_forced_mode</sensorId>
            <value>
				<mapValue mapid="digital_on_off_vm">
					<getOid>.1.3.6.1.4.1.9839.2.1.1.37.0</getOid>
				</mapValue>
            </value>
            <label>Unit in Manual of Forced Mode</label>
            <enum>digital_on_off_em</enum>
            <sensorSet>Digital Sensors</sensorSet>
        </stateSensor>
      			
		<stateSensor ruleid="digital_fan_alarm_sensor">
            <type>state</type>
            <sensorId>digital_fan_alarm</sensorId>
            <value>
				<mapValue mapid="normal_alarm_vm">
					<getOid>.1.3.6.1.4.1.9839.2.1.1.38.0</getOid>
				</mapValue>
            </value>
            <label>Fan Alarm</label>
            <enum>normal_alarm_em</enum>
            <sensorSet>Alarm Sensors</sensorSet>
        </stateSensor>

		<alarmFlags ruleid="high-pressure-alarm">
			<value><getOid>.1.3.6.1.4.1.9839.2.1.1.5.0</getOid></value>
			<alarmFlagsTest match="1">
				<name>
					<activeText>High Pressure Alarm</activeText>
					<inactiveText>High Pressure Alarm Cleared</inactiveText>
				</name>
				<severity>warning</severity>
				<category>System</category>
				<description>
					<activeText>A High Pressure Alarm condition exists.</activeText>
					<inactiveText>A High Pressure Alarm condition no longer exists.</inactiveText>
				</description>
			</alarmFlagsTest>
		</alarmFlags>
		<alarmFlags ruleid="low-pressure-alarm">
			<value><getOid>.1.3.6.1.4.1.9839.2.1.1.6.0</getOid></value>
			<alarmFlagsTest match="1">
				<name>
					<activeText>Low Pressure Alarm</activeText>
					<inactiveText>Low Pressure Alarm Cleared</inactiveText>
				</name>
				<severity>warning</severity>
				<category>System</category>
				<description>
					<activeText>A Low Pressure Alarm condition exists.</activeText>
					<inactiveText>A Low Pressure Alarm condition no longer exists.</inactiveText>
				</description>
			</alarmFlagsTest>
		</alarmFlags>
		<alarmFlags ruleid="wrong-phase-sequence-alarm-(no-gemini)">
			<value><getOid>.1.3.6.1.4.1.9839.2.1.1.8.0</getOid></value>
			<alarmFlagsTest match="1">
				<name>
					<activeText>Wrong Phase Sequence Alarm (No GEMINI)</activeText>
					<inactiveText>Wrong Phase Sequence Alarm (No GEMINI) Cleared</inactiveText>
				</name>
				<severity>warning</severity>
				<category>System</category>
				<description>
					<activeText>A Wrong Phase Sequence Alarm (No GEMINI) condition exists.</activeText>
					<inactiveText>A Wrong Phase Sequence Alarm (No GEMINI) condition no longer exists.</inactiveText>
				</description>
			</alarmFlagsTest>
		</alarmFlags>
		<alarmFlags ruleid="fan-thermal-protection-alarm-(klixon)-(no-gemini)">
			<value><getOid>.1.3.6.1.4.1.9839.2.1.1.9.0</getOid></value>
			<alarmFlagsTest match="1">
				<name>
					<activeText>Fan Thermal Protection Alarm (Klixon) (No GEMINI)</activeText>
					<inactiveText>Fan Thermal Protection Alarm (Klixon) (No GEMINI) Cleared</inactiveText>
				</name>
				<severity>warning</severity>
				<category>System</category>
				<description>
					<activeText>A Fan Thermal Protection Alarm (Klixon) (No GEMINI) condition exists.</activeText>
					<inactiveText>A Fan Thermal Protection Alarm (Klixon) (No GEMINI) condition no longer exists.</inactiveText>
				</description>
			</alarmFlagsTest>
		</alarmFlags>
		<alarmFlags ruleid="loss-of-air-flow-alarm">
			<value><getOid>.1.3.6.1.4.1.9839.2.1.1.10.0</getOid></value>
			<alarmFlagsTest match="1">
				<name>
					<activeText>Loss of Air Flow Alarm</activeText>
					<inactiveText>Loss of Air Flow Alarm Cleared</inactiveText>
				</name>
				<severity>warning</severity>
				<category>System</category>
				<description>
					<activeText>A Loss of Air Flow Alarm condition exists.</activeText>
					<inactiveText>A Loss of Air Flow Alarm condition no longer exists.</inactiveText>
				</description>
			</alarmFlagsTest>
		</alarmFlags>
		<alarmFlags ruleid="heater-overheating-alarm">
			<value><getOid>.1.3.6.1.4.1.9839.2.1.1.11.0</getOid></value>
			<alarmFlagsTest match="1">
				<name>
					<activeText>Heater Overheating Alarm</activeText>
					<inactiveText>Heater Overheating Alarm Cleared</inactiveText>
				</name>
				<severity>warning</severity>
				<category>System</category>
				<description>
					<activeText>A Heater Overheating Alarm condition exists.</activeText>
					<inactiveText>A Heater Overheating Alarm condition no longer exists.</inactiveText>
				</description>
			</alarmFlagsTest>
		</alarmFlags>
		<alarmFlags ruleid="clogged-filter-alarm">
			<value><getOid>.1.3.6.1.4.1.9839.2.1.1.12.0</getOid></value>
			<alarmFlagsTest match="1">
				<name>
					<activeText>Clogged Filter Alarm</activeText>
					<inactiveText>Clogged Filter Alarm Cleared</inactiveText>
				</name>
				<severity>warning</severity>
				<category>System</category>
				<description>
					<activeText>A Clogged Filter Alarm condition exists.</activeText>
					<inactiveText>A Clogged Filter Alarm condition no longer exists.</inactiveText>
				</description>
			</alarmFlagsTest>
		</alarmFlags>
		<alarmFlags ruleid="room-high-temp-alarm-(1st-level-alarm)">
			<value><getOid>.1.3.6.1.4.1.9839.2.1.1.13.0</getOid></value>
			<alarmFlagsTest match="1">
				<name>
					<activeText>Room High Temp Alarm (1st Level Alarm)</activeText>
					<inactiveText>Room High Temp Alarm (1st Level Alarm) Cleared</inactiveText>
				</name>
				<severity>warning</severity>
				<category>System</category>
				<description>
					<activeText>A Room High Temp Alarm (1st Level Alarm) condition exists.</activeText>
					<inactiveText>A Room High Temp Alarm (1st Level Alarm) condition no longer exists.</inactiveText>
				</description>
			</alarmFlagsTest>
		</alarmFlags>
		<alarmFlags ruleid="room-low-temp-alarm">
			<value><getOid>.1.3.6.1.4.1.9839.2.1.1.14.0</getOid></value>
			<alarmFlagsTest match="1">
				<name>
					<activeText>Room Low Temp Alarm</activeText>
					<inactiveText>Room Low Temp Alarm Cleared</inactiveText>
				</name>
				<severity>warning</severity>
				<category>System</category>
				<description>
					<activeText>A Room Low Temp Alarm condition exists.</activeText>
					<inactiveText>A Room Low Temp Alarm condition no longer exists.</inactiveText>
				</description>
			</alarmFlagsTest>
		</alarmFlags>
		<alarmFlags ruleid="main-sensor-failure/disconnected">
			<value><getOid>.1.3.6.1.4.1.9839.2.1.1.15.0</getOid></value>
			<alarmFlagsTest match="1">
				<name>
					<activeText>Main Sensor Failure/Disconnected</activeText>
					<inactiveText>Main Sensor Failure/Disconnected Cleared</inactiveText>
				</name>
				<severity>warning</severity>
				<category>System</category>
				<description>
					<activeText>A Main Sensor Failure/Disconnected condition exists.</activeText>
					<inactiveText>A Main Sensor Failure/Disconnected condition no longer exists.</inactiveText>
				</description>
			</alarmFlagsTest>
		</alarmFlags>
		<alarmFlags ruleid="auxiliary-sensor-failure/disconnected">
			<value><getOid>.1.3.6.1.4.1.9839.2.1.1.16.0</getOid></value>
			<alarmFlagsTest match="1">
				<name>
					<activeText>Auxiliary Sensor Failure/Disconnected</activeText>
					<inactiveText>Auxiliary Sensor Failure/Disconnected Cleared</inactiveText>
				</name>
				<severity>warning</severity>
				<category>System</category>
				<description>
					<activeText>A Auxiliary Sensor Failure/Disconnected condition exists.</activeText>
					<inactiveText>A Auxiliary Sensor Failure/Disconnected condition no longer exists.</inactiveText>
				</description>
			</alarmFlagsTest>
		</alarmFlags>
		<alarmFlags ruleid="lan-connection-failure">
			<value><getOid>.1.3.6.1.4.1.9839.2.1.1.17.0</getOid></value>
			<alarmFlagsTest match="1">
				<name>
					<activeText>LAN Connection Failure</activeText>
					<inactiveText>LAN Connection Failure Cleared</inactiveText>
				</name>
				<severity>warning</severity>
				<category>System</category>
				<description>
					<activeText>A LAN Connection Failure condition exists.</activeText>
					<inactiveText>A LAN Connection Failure condition no longer exists.</inactiveText>
				</description>
			</alarmFlagsTest>
		</alarmFlags>
		<alarmFlags ruleid="room-high-temp-alarm-(2nd-level-alarm)">
			<value><getOid>.1.3.6.1.4.1.9839.2.1.1.18.0</getOid></value>
			<alarmFlagsTest match="1">
				<name>
					<activeText>Room High Temp Alarm (2nd Level Alarm)</activeText>
					<inactiveText>Room High Temp Alarm (2nd Level Alarm) Cleared</inactiveText>
				</name>
				<severity>warning</severity>
				<category>System</category>
				<description>
					<activeText>A Room High Temp Alarm (2nd Level Alarm) condition exists.</activeText>
					<inactiveText>A Room High Temp Alarm (2nd Level Alarm) condition no longer exists.</inactiveText>
				</description>
			</alarmFlagsTest>
		</alarmFlags>
		<alarmFlags ruleid="air-filter:-hour-counter-threshold-alarm">
			<value><getOid>.1.3.6.1.4.1.9839.2.1.1.19.0</getOid></value>
			<alarmFlagsTest match="1">
				<name>
					<activeText>Air Filter: Hour Counter Threshold Alarm</activeText>
					<inactiveText>Air Filter: Hour Counter Threshold Alarm Cleared</inactiveText>
				</name>
				<severity>warning</severity>
				<category>System</category>
				<description>
					<activeText>A Air Filter: Hour Counter Threshold Alarm condition exists.</activeText>
					<inactiveText>A Air Filter: Hour Counter Threshold Alarm condition no longer exists.</inactiveText>
				</description>
			</alarmFlagsTest>
		</alarmFlags>
		<alarmFlags ruleid="air-conditioning-unit:-hour-counter-threshold-alarm">
			<value><getOid>.1.3.6.1.4.1.9839.2.1.1.20.0</getOid></value>
			<alarmFlagsTest match="1">
				<name>
					<activeText>Air Conditioning Unit: Hour Counter Threshold Alarm</activeText>
					<inactiveText>Air Conditioning Unit: Hour Counter Threshold Alarm Cleared</inactiveText>
				</name>
				<severity>warning</severity>
				<category>System</category>
				<description>
					<activeText>A Air Conditioning Unit: Hour Counter Threshold Alarm condition exists.</activeText>
					<inactiveText>A Air Conditioning Unit: Hour Counter Threshold Alarm condition no longer exists.</inactiveText>
				</description>
			</alarmFlagsTest>
		</alarmFlags>
		<alarmFlags ruleid="compressor:-hour-counter-threshold-alarm">
			<value><getOid>.1.3.6.1.4.1.9839.2.1.1.21.0</getOid></value>
			<alarmFlagsTest match="1">
				<name>
					<activeText>Compressor: Hour Counter Threshold Alarm</activeText>
					<inactiveText>Compressor: Hour Counter Threshold Alarm Cleared</inactiveText>
				</name>
				<severity>warning</severity>
				<category>System</category>
				<description>
					<activeText>A Compressor: Hour Counter Threshold Alarm condition exists.</activeText>
					<inactiveText>A Compressor: Hour Counter Threshold Alarm condition no longer exists.</inactiveText>
				</description>
			</alarmFlagsTest>
		</alarmFlags>
		<alarmFlags ruleid="heater:-hour-counter-threshold-alarm">
			<value><getOid>.1.3.6.1.4.1.9839.2.1.1.22.0</getOid></value>
			<alarmFlagsTest match="1">
				<name>
					<activeText>Heater: Hour Counter Threshold Alarm</activeText>
					<inactiveText>Heater: Hour Counter Threshold Alarm Cleared</inactiveText>
				</name>
				<severity>warning</severity>
				<category>System</category>
				<description>
					<activeText>A Heater: Hour Counter Threshold Alarm condition exists.</activeText>
					<inactiveText>A Heater: Hour Counter Threshold Alarm condition no longer exists.</inactiveText>
				</description>
			</alarmFlagsTest>
		</alarmFlags>
      <alarmFlags ruleid="general_alarm">
			<value><getOid>.1.3.6.1.4.1.9839.2.1.1.23.0</getOid></value>
			<alarmFlagsTest match="1">
				<name>
					<activeText>General Alarm</activeText>
					<inactiveText>General Alarm Cleared</inactiveText>
				</name>
				<severity>warning</severity>
				<category>System</category>
				<description>
					<activeText>A General Alarm condition exists.</activeText>
					<inactiveText>A General Alarm condition no longer exists.</inactiveText>
				</description>
			</alarmFlagsTest>
		</alarmFlags>
		<alarmFlags ruleid="addressable-alarm-state">
			<value><getOid>.1.3.6.1.4.1.9839.2.1.1.36.0</getOid></value>
			<alarmFlagsTest match="1">
				<name>
					<activeText>Addressable Alarm State</activeText>
					<inactiveText>Addressable Alarm State Cleared</inactiveText>
				</name>
				<severity>warning</severity>
				<category>System</category>
				<description>
					<activeText>A Addressable Alarm State condition exists.</activeText>
					<inactiveText>A Addressable Alarm State condition no longer exists.</inactiveText>
				</description>
			</alarmFlagsTest>
		</alarmFlags>
		<alarmFlags ruleid="fan-alarm">
			<value><getOid>.1.3.6.1.4.1.9839.2.1.1.38.0</getOid></value>
			<alarmFlagsTest match="1">
				<name>
					<activeText>Fan Alarm</activeText>
					<inactiveText>Fan Alarm Cleared</inactiveText>
				</name>
				<severity>warning</severity>
				<category>System</category>
				<description>
					<activeText>A Fan Alarm condition exists.</activeText>
					<inactiveText>A Fan Alarm condition no longer exists.</inactiveText>
				</description>
			</alarmFlagsTest>
		</alarmFlags>

		<!-- Analog Sensors -->

		<numSensor ruleid="analog_room_temperature_sensor">
			<type>temp</type>
			<sensorId>analog_room_temperature</sensorId>
			<value>
				<mult>
					<op>
						<getOid>.1.3.6.1.4.1.9839.2.1.2.1.0</getOid>
					</op>
					<op>0.1</op>
				</mult>
			</value>
			<valueInc>0.1</valueInc>
		    <label>Room Temperature</label>
		    <sensorSet>Analog Sensors</sensorSet>
		</numSensor>

		<numSensor ruleid="analog_outdoor_temperature_sensor">
			<type>temp</type>
			<sensorId>analog_outdoor_temperature</sensorId>
			<value>
				<mult>
					<op>
						<getOid>.1.3.6.1.4.1.9839.2.1.2.2.0</getOid>
					</op>
					<op>0.1</op>
				</mult>
			</value>
			<valueInc>0.1</valueInc>
		    <label>Outdoor Temperature</label>
		    <sensorSet>Analog Sensors</sensorSet>
		</numSensor>

		<numSensor ruleid="analog_delivery_air_temperature_sensor">
			<type>temp</type>
			<sensorId>analog_delivery_air_temperature</sensorId>
			<value>
				<mult>
					<op>
						<getOid>.1.3.6.1.4.1.9839.2.1.2.3.0</getOid>
					</op>
					<op>0.1</op>
				</mult>
			</value>
			<valueInc>0.1</valueInc>
		    <label>Delivery Air Temperature</label>
		    <sensorSet>Analog Sensors</sensorSet>
		</numSensor>

		<numSensor ruleid="analog_condensing_temperature_sensor">
			<type>temp</type>
			<sensorId>analog_condensing_temperature</sensorId>
			<value>
				<mult>
					<op>
						<getOid>.1.3.6.1.4.1.9839.2.1.2.4.0</getOid>
					</op>
					<op>0.1</op>
				</mult>
			</value>
			<valueInc>0.1</valueInc>
		    <label>CondensingTemperature (if present)</label>
		    <sensorSet>Analog Sensors</sensorSet>
		</numSensor>

		<numSensor ruleid="analog_condensing_pressure_sensor">
			<type>pressure</type>
			<sensorId>analog_condensing_pressure</sensorId>
			<value>
				<mult>
					<op>
						<getOid>.1.3.6.1.4.1.9839.2.1.2.5.0</getOid>
					</op>
					<op>0.1</op>
				</mult>
			</value>
			<valueInc>0.1</valueInc>
		    <label>Condensing Pressure (if present)</label>
		    <sensorSet>Analog Sensors</sensorSet>
		</numSensor>


		<numSensor ruleid="analog_room_relative_humidity_sensor">
			<type>humidity</type>
			<sensorId>analog_room_relative_humidity</sensorId>
			<value>
				<mult>
					<op>
						<getOid>.1.3.6.1.4.1.9839.2.1.2.17.0</getOid>
					</op>
					<op>0.1</op>
				</mult>
			</value>
			<valueInc>0.1</valueInc>
		    <label>Room relative Humidity (if present)</label>
		    <sensorSet>Analog Sensors</sensorSet>
		</numSensor>

		<numSensor ruleid="analog_ext_relative_humidity_sensor">
			<type>humidity</type>
			<sensorId>analog_ext_relative_humidity</sensorId>
			<value>
				<mult>
					<op>
						<getOid>.1.3.6.1.4.1.9839.2.1.2.18.0</getOid>
					</op>
					<op>0.1</op>
				</mult>
			</value>
			<valueInc>0.1</valueInc>
		    <label>Ext. relative Humidity (if present)</label>
		    <sensorSet>Analog Sensors</sensorSet>
		</numSensor>

		<!-- Integer Sensors -->

		
		<numSensor ruleid="integer_y0_ramp_sensor">
			<type>fanspeed</type>
			<sensorId>integer_y0_ramp</sensorId>
			<value>
				<getOid>.1.3.6.1.4.1.9839.2.1.3.1.0</getOid>
			</value>
			<valueInc>1</valueInc>
		    <label>Y0 ramp (evap. fan speed 0-1000)</label>
		    <sensorSet>Integer Sensors</sensorSet>
		</numSensor>
	
		<numSensor ruleid="integer_y1_ramp_sensor">
			<type>fanspeed</type>
			<sensorId>integer_y0_ramp</sensorId>
			<value>
						<getOid>.1.3.6.1.4.1.9839.2.1.3.2.0</getOid>
			</value>
			<valueInc>1</valueInc>
		    <label>Y1 ramp (cond. fan speed 0-1000)</label>
		    <sensorSet>Integer Sensors</sensorSet>
		</numSensor>

		<numSensor ruleid="integer_air_filter_hour_counter_sensor">
			<type>timeinhrs</type>
			<sensorId>integer_air_filter_hour_counter</sensorId>
			<value>
						<getOid>.1.3.6.1.4.1.9839.2.1.3.3.0</getOid>
			</value>
			<valueInc>1</valueInc>
		    <label>Air filter hour counter</label>
		    <sensorSet>Integer Sensors</sensorSet>
		</numSensor>

		<numSensor ruleid="integer_unit_hour_counter_sensor">
			<type>timeinhrs</type>
			<sensorId>integer_unit_hour_counter</sensorId>
			<value>
						<getOid>.1.3.6.1.4.1.9839.2.1.3.4.0</getOid>
			</value>
			<valueInc>1</valueInc>
		    <label>Unit hour counter</label>
		    <sensorSet>Integer Sensors</sensorSet>
		</numSensor>

		<numSensor ruleid="integer_compressor_hour_counter_sensor">
			<type>timeinhrs</type>
			<sensorId>integer_compressor_hour_counter</sensorId>
			<value>
						<getOid>.1.3.6.1.4.1.9839.2.1.3.5.0</getOid>
			</value>
			<valueInc>1</valueInc>
		    <label>Compressor hour counter</label>
		    <sensorSet>Integer Sensors</sensorSet>
		</numSensor>

		<numSensor ruleid="integer_heater_hour_counter_sensor">
			<type>timeinhrs</type>
			<sensorId>integer_heater_hour_counter</sensorId>
			<value>
					<getOid>.1.3.6.1.4.1.9839.2.1.3.6.0</getOid>
			</value>
			<valueInc>1</valueInc>
		    <label>Heater hour counter</label>
		    <sensorSet>Integer Sensors</sensorSet>
		</numSensor>

		<numSensor ruleid="integer_damper_opening_sensor">
			<type>fanspeed</type>
			<sensorId>integer_damper_opening</sensorId>
			<value>
						<getOid>.1.3.6.1.4.1.9839.2.1.3.21.0</getOid>
			</value>
			<valueInc>1</valueInc>
		    <label>Damper Opening %(0-1000)</label>
		    <sensorSet>Integer Sensors</sensorSet>
		</numSensor>

	
		<!-- Enum and Value Maps -->

		<valueMap ruleid="normal_alarm_vm">
			<valueIn>0</valueIn>  <valueOut>0</valueOut>
			<valueIn>1</valueIn>  <valueOut>1</valueOut>
			<valueIn>*</valueIn>  <valueOut>2</valueOut>
		</valueMap>

		<enumMap ruleid="normal_alarm_em">
			<label>Normal</label>
		    <label>Alarm</label>
			<label>Unknown</label>
		</enumMap>

		<valueMap ruleid="digital_on_off_vm">
			<valueIn>0</valueIn>  <valueOut>0</valueOut>
			<valueIn>1</valueIn>  <valueOut>1</valueOut>
			<valueIn>*</valueIn>  <valueOut>2</valueOut>
		</valueMap>

		<enumMap ruleid="digital_on_off_em">
			<label>Off</label>
			<label>On</label>
			<label>Unknown</label>
		</enumMap>

	</device>
</APC_DDF>