<?xml version="1.0"?>
<!-- aranew_TCPIP_Modbus_chiller -->
<APC_DDF xmlns:xsi="http://www.w3.org/2001/XMLSchema-instance" xsi:noNamespaceSchemaLocation="http://localhost/ddf_schema/apc_ddf_1_5.xsd"
        ddfid ="aranew_SNMP_chiller" ddfname="aranew_SNMP_chiller"
        ddfversion ="1" canremove="yes">
  <schemaVersion>1.6</schemaVersion>

  <device deviceid="aranew_SNMP_chiller_header">
    <oidMustExist ruleid="araNEW" oid=".1.3.6.1.4.1.9839.2.1" istree="yes" />
    
      <suppressRule ruleid="suppresscorevendordata" suppressid="core/mib2data/vendordata"/>
       <suppressRule ruleid="suppresscoremodeldata" suppressid="core/mib2data/modeldata"/>
       <suppressRule ruleid="suppresscoretypedata" suppressid="core/mib2data/typedata"/>
    
    <setProductData ruleid="typedata" field="type">Cooling Device</setProductData>
    <setProductData ruleid="vendordata" field="vendor">Uniflair/Schneider-Electric</setProductData>
    <setProductData ruleid="modeldata" field="model">ARAnew</setProductData>

  </device>

  <device deviceid="aranew_SNMP_chiller_sensors">
    <oidMustExist ruleid="araNEW" oid=".1.3.6.1.4.1.9839.2.1" istree="yes" />

    <numSensor ruleid="water_outlet_temperature_Sensor">
      <type>temp</type>
      <sensorId>WATER_OUTLET_TEMPERATURE</sensorId>
      <value>
        <mult>
          <op>
            <getOid>.1.3.6.1.4.1.9839.2.1.2.1.0</getOid>
          </op>
          <op>0.1</op>
        </mult>
      </value>
      <valueInc>0.1</valueInc>
      <label>Water Outlet Temperature</label>
      <sensorSet>Analog</sensorSet>
    </numSensor>

    <numSensor ruleid="water_outlet_temperature_used_by_regulator_Sensor">
      <type>temp</type>
      <sensorId>WATER_OUTLET_TEMPERATURE_USED_BY_REGULATOR</sensorId>
      <value>
        <mult>
          <op>
            <getOid>.1.3.6.1.4.1.9839.2.1.2.2.0</getOid>
          </op>
          <op>0.1</op>
        </mult>
      </value>
      <valueInc>0.1</valueInc>
      <label>Water Outlet Temperature used by regulator</label>
      <sensorSet>Analog</sensorSet>
    </numSensor>

    <numSensor ruleid="water_inlet_temperature_Sensor">
      <type>temp</type>
      <sensorId>WATER_INLET_TEMPERATURE</sensorId>
      <value>
        <mult>
          <op>
            <getOid>.1.3.6.1.4.1.9839.2.1.2.3.0</getOid>
          </op>
          <op>0.1</op>
        </mult>
      </value>
      <valueInc>0.1</valueInc>
      <label>Water Inlet Temperature</label>
      <sensorSet>Analog</sensorSet>
    </numSensor>

    <numSensor ruleid="water_tank_water_temperature_Sensor">
      <type>temp</type>
      <sensorId>WATER_TANK_WATER_TEMPERATURE</sensorId>
      <value>
        <mult>
          <op>
            <getOid>.1.3.6.1.4.1.9839.2.1.2.4.0</getOid>
          </op>
          <op>0.1</op>
        </mult>
      </value>
      <valueInc>0.1</valueInc>
      <label>Water Tank Water Temperature</label>
      <sensorSet>Analog</sensorSet>
    </numSensor>

    <numSensor ruleid="outdoor_temperature_Sensor">
      <type>temp</type>
      <sensorId>OUTDOOR_TEMPERATURE</sensorId>
      <value>
        <mult>
          <op>
            <getOid>.1.3.6.1.4.1.9839.2.1.2.5.0</getOid>
          </op>
          <op>0.1</op>
        </mult>
      </value>
      <valueInc>0.1</valueInc>
      <label>Outdoor Temperature</label>
      <sensorSet>Analog</sensorSet>
    </numSensor>

    <numSensor ruleid="circuit_1_condensing_temperature_Sensor">
      <type>temp</type>
      <sensorId>CIRCUIT_1_CONDENSING_TEMPERATURE</sensorId>
      <value>
        <mult>
          <op>
            <getOid>.1.3.6.1.4.1.9839.2.1.2.6.0</getOid>
          </op>
          <op>0.1</op>
        </mult>
      </value>
      <valueInc>0.1</valueInc>
      <label>Circuit 1 Condensing Temperature</label>
      <sensorSet>Analog</sensorSet>
    </numSensor>

    <numSensor ruleid="circuit_2_condensing_temperature_Sensor">
      <type>temp</type>
      <sensorId>CIRCUIT_2_CONDENSING_TEMPERATURE</sensorId>
      <value>
        <mult>
          <op>
            <getOid>.1.3.6.1.4.1.9839.2.1.2.7.0</getOid>
          </op>
          <op>0.1</op>
        </mult>
      </value>
      <valueInc>0.1</valueInc>
      <label>Circuit 2 Condensing Temperature</label>
      <sensorSet>Analog</sensorSet>
    </numSensor>

    <numSensor ruleid="circuit_1_evaporating_temperature_Sensor">
      <type>temp</type>
      <sensorId>CIRCUIT_1_EVAPORATING_TEMPERATURE</sensorId>
      <value>
        <mult>
          <op>
            <getOid>.1.3.6.1.4.1.9839.2.1.2.8.0</getOid>
          </op>
          <op>0.1</op>
        </mult>
      </value>
      <valueInc>0.1</valueInc>
      <label>Circuit 1 Evaporating Temperature</label>
      <sensorSet>Analog</sensorSet>
    </numSensor>

    <numSensor ruleid="circuit_2_evaporating_temperature_Sensor">
      <type>temp</type>
      <sensorId>CIRCUIT_2_EVAPORATING_TEMPERATURE</sensorId>
      <value>
        <mult>
          <op>
            <getOid>.1.3.6.1.4.1.9839.2.1.2.9.0</getOid>
          </op>
          <op>0.1</op>
        </mult>
      </value>
      <valueInc>0.1</valueInc>
      <label>Circuit 2 Evaporating Temperature</label>
      <sensorSet>Analog</sensorSet>
    </numSensor>

    <numSensor ruleid="circuit_1_condensing_pressure_Sensor">
      <type>pressure</type>
      <sensorId>CIRCUIT_1_CONDENSING_PRESSURE</sensorId>
      <value>
        <mult>
          <op>
            <getOid>.1.3.6.1.4.1.9839.2.1.2.10.0</getOid>
          </op>
          <op>10</op>
        </mult>
      </value>
      <valueInc>100</valueInc>
      <label>Circuit 1 Condensing Pressure</label>
      <sensorSet>Analog</sensorSet>
    </numSensor>

    <numSensor ruleid="circuit_2_condensing_pressure_Sensor">
      <type>pressure</type>
      <sensorId>CIRCUIT_2_CONDENSING_PRESSURE</sensorId>
      <value>
        <mult>
          <op>
            <getOid>.1.3.6.1.4.1.9839.2.1.2.11.0</getOid>
          </op>
          <op>10</op>
        </mult>
      </value>
      <valueInc>100</valueInc>
      <label>Circuit 2 Condensing Pressure</label>
      <sensorSet>Analog</sensorSet>
    </numSensor>

    <numSensor ruleid="circuit_1_evaporating_pressure_Sensor">
      <type>pressure</type>
      <sensorId>CIRCUIT_1_EVAPORATING_PRESSURE</sensorId>
      <value>
        <mult>
          <op>
            <getOid>.1.3.6.1.4.1.9839.2.1.2.12.0</getOid>
          </op>
          <op>10</op>
        </mult>
      </value>
      <valueInc>100</valueInc>
      <label>Circuit 1 Evaporating Pressure</label>
      <sensorSet>Analog</sensorSet>
    </numSensor>

    <numSensor ruleid="circuit_2_evaporating_pressure_Sensor">
      <type>pressure</type>
      <sensorId>CIRCUIT_2_EVAPORATING_PRESSURE</sensorId>
      <value>
        <mult>
          <op>
            <getOid>.1.3.6.1.4.1.9839.2.1.2.13.0</getOid>
          </op>
          <op>10</op>
        </mult>
      </value>
      <valueInc>100</valueInc>
      <label>Circuit 2 Evaporating Pressure</label>
      <sensorSet>Analog</sensorSet>
    </numSensor>

    <numSensor ruleid="fan_speed_modulation_Sensor">
      <type>pctofcapacity</type>
      <sensorId>FAN_SPEED_MODULATION</sensorId>
      <value>
        <mult>
          <op>
            <getOid>.1.3.6.1.4.1.9839.2.1.2.14.0</getOid>
          </op>
          <op>0.1</op>
        </mult>
      </value>
      <valueInc>0.1</valueInc>
      <label>Fan Speed Modulation</label>
      <sensorSet>Analog</sensorSet>
    </numSensor>

    <numSensor ruleid="delivery_water_temperature_actual_setpoint_Sensor">
      <type>temp</type>
      <sensorId>DELIVERY_WATER_TEMPERATURE_ACTUAL_SETPOINT</sensorId>
      <value>
        <mult>
          <op>
            <getOid>.1.3.6.1.4.1.9839.2.1.2.15.0</getOid>
          </op>
          <op>0.1</op>
        </mult>
      </value>
      <valueInc>0.1</valueInc>
      <label>Delivery Water Temperature Actual Setpoint</label>
      <sensorSet>Analog</sensorSet>
    </numSensor>

    <numSensor ruleid="delivery_water_temperature_maximum_hysteresi_Sensor">
      <type>temp</type>
      <sensorId>DELIVERY_WATER_TEMPERATURE_MAXIMUM_HYSTERESI</sensorId>
      <value>
        <mult>
          <op>
            <getOid>.1.3.6.1.4.1.9839.2.1.2.16.0</getOid>
          </op>
          <op>0.1</op>
        </mult>
      </value>
      <valueInc>0.1</valueInc>
      <label>Delivery Water Temperature Maximum Hysteresi</label>
      <sensorSet>Analog</sensorSet>
    </numSensor>

	<!-- Integer Sensors (SNMP Only) -->
    <numSensor ruleid="compressor_1_run_hours_Sensor">
      <type>timeinhrs</type>
      <sensorId>COMPRESSOR_1_RUN_HOURS</sensorId>
      <value>
        <getOid>.1.3.6.1.4.1.9839.2.1.3.1.0</getOid>
      </value>
      <label>Compressor 1 Run Hours</label>
      <sensorSet>Integer</sensorSet>
    </numSensor>

    <numSensor ruleid="compressor_2_run_hours_Sensor">
      <type>timeinhrs</type>
      <sensorId>COMPRESSOR_2_RUN_HOURS</sensorId>
      <value>
        <getOid>.1.3.6.1.4.1.9839.2.1.3.2.0</getOid>
      </value>
      <label>Compressor 2 Run Hours</label>
      <sensorSet>Integer</sensorSet>
    </numSensor>

    <numSensor ruleid="compressor_3_run_hours_Sensor">
      <type>timeinhrs</type>
      <sensorId>COMPRESSOR_3_RUN_HOURS</sensorId>
      <value>
        <getOid>.1.3.6.1.4.1.9839.2.1.3.3.0</getOid>
      </value>
      <label>Compressor 3 Run Hours</label>
      <sensorSet>Integer</sensorSet>
    </numSensor>

    <numSensor ruleid="compressor_4_run_hours_Sensor">
      <type>timeinhrs</type>
      <sensorId>COMPRESSOR_4_RUN_HOURS</sensorId>
      <value>
        <getOid>.1.3.6.1.4.1.9839.2.1.3.4.0</getOid>
      </value>
      <label>Compressor 4 Run Hours</label>
      <sensorSet>Integer</sensorSet>
    </numSensor>

    <numSensor ruleid="circulating_pump_1_run_hours_Sensor">
      <type>timeinhrs</type>
      <sensorId>CIRCULATING_PUMP_1_RUN_HOURS</sensorId>
      <value>
        <getOid>.1.3.6.1.4.1.9839.2.1.3.5.0</getOid>
      </value>
      <label>Circulating Pump 1 Run Hours</label>
      <sensorSet>Integer</sensorSet>
    </numSensor>

    <numSensor ruleid="circulating_pump_2_run_hours_Sensor">
      <type>timeinhrs</type>
      <sensorId>CIRCULATING_PUMP_2_RUN_HOURS</sensorId>
      <value>
        <getOid>.1.3.6.1.4.1.9839.2.1.3.6.0</getOid>
      </value>
      <label>Circulating Pump 2 Run Hours</label>
      <sensorSet>Integer</sensorSet>
    </numSensor>

    <numSensor ruleid="free_cooling_pump_run_hours_Sensor">
      <type>timeinhrs</type>
      <sensorId>FREE_COOLING_PUMP_RUN_HOURS</sensorId>
      <value>
        <getOid>.1.3.6.1.4.1.9839.2.1.3.7.0</getOid>
      </value>
      <label>Free-cooling Pump Run Hours</label>
      <sensorSet>Integer</sensorSet>
    </numSensor>

    <numSensor ruleid="compressor_1_starting_counter_Sensor">
      <type>num</type>
      <sensorId>COMPRESSOR_1_STARTING_COUNTER</sensorId>
      <value>
        <getOid>.1.3.6.1.4.1.9839.2.1.3.8.0</getOid>
      </value>
      <label>Compressor 1 Starting Counter</label>
      <sensorSet>Integer</sensorSet>
    </numSensor>

    <numSensor ruleid="compressor_1_starting_counter_x10_000_Sensor">
      <type>num</type>
      <sensorId>COMPRESSOR_1_STARTING_COUNTER_X10_000</sensorId>
      <value>
        <getOid>.1.3.6.1.4.1.9839.2.1.3.9.0</getOid>
      </value>
      <label>Compressor 1 Starting Counter x10,000</label>
      <sensorSet>Integer</sensorSet>
    </numSensor>

    <numSensor ruleid="compressor_2_starting_counter_Sensor">
      <type>num</type>
      <sensorId>COMPRESSOR_2_STARTING_COUNTER</sensorId>
      <value>
        <getOid>.1.3.6.1.4.1.9839.2.1.3.10.0</getOid>
      </value>
      <label>Compressor 2 Starting Counter</label>
      <sensorSet>Integer</sensorSet>
    </numSensor>

    <numSensor ruleid="compressor_2_starting_counter_x10_000_Sensor">
      <type>num</type>
      <sensorId>COMPRESSOR_2_STARTING_COUNTER_X10_000</sensorId>
      <value>
        <getOid>.1.3.6.1.4.1.9839.2.1.3.11.0</getOid>
      </value>
      <label>Compressor 2 Starting Counter x10,000</label>
      <sensorSet>Integer</sensorSet>
    </numSensor>

    <numSensor ruleid="compressor_3_starting_counter_Sensor">
      <type>num</type>
      <sensorId>COMPRESSOR_3_STARTING_COUNTER</sensorId>
      <value>
        <getOid>.1.3.6.1.4.1.9839.2.1.3.12.0</getOid>
      </value>
      <label>Compressor 3 Starting Counter</label>
      <sensorSet>Integer</sensorSet>
    </numSensor>

    <numSensor ruleid="compressor_3_starting_counter_x10_000_Sensor">
      <type>num</type>
      <sensorId>COMPRESSOR_3_STARTING_COUNTER_X10_000</sensorId>
      <value>
        <getOid>.1.3.6.1.4.1.9839.2.1.3.13.0</getOid>
      </value>
      <label>Compressor 3 Starting Counter x10,000</label>
      <sensorSet>Integer</sensorSet>
    </numSensor>

    <numSensor ruleid="compressor_4_starting_counter_Sensor">
      <type>num</type>
      <sensorId>COMPRESSOR_4_STARTING_COUNTER</sensorId>
      <value>
        <getOid>.1.3.6.1.4.1.9839.2.1.3.14.0</getOid>
      </value>
      <label>Compressor 4 Starting Counter</label>
      <sensorSet>Integer</sensorSet>
    </numSensor>

    <numSensor ruleid="compressor_4_starting_counter_x10_000_Sensor">
      <type>num</type>
      <sensorId>COMPRESSOR_4_STARTING_COUNTER_X10_000</sensorId>
      <value>
        <getOid>.1.3.6.1.4.1.9839.2.1.3.15.0</getOid>
      </value>
      <label>Compressor 4 Starting Counter x10,000</label>
      <sensorSet>Integer</sensorSet>
    </numSensor>

    <numSensor ruleid="circuit_1_defrost_counter_Sensor">
      <type>num</type>
      <sensorId>CIRCUIT_1_DEFROST_COUNTER</sensorId>
      <value>
        <getOid>.1.3.6.1.4.1.9839.2.1.3.16.0</getOid>
      </value>
      <label>Circuit 1 Defrost Counter</label>
      <sensorSet>Integer</sensorSet>
    </numSensor>

    <numSensor ruleid="circuit_1_defrost_counter_x10_000_Sensor">
      <type>num</type>
      <sensorId>CIRCUIT_1_DEFROST_COUNTER_X10_000</sensorId>
      <value>
        <getOid>.1.3.6.1.4.1.9839.2.1.3.17.0</getOid>
      </value>
      <label>Circuit 1 Defrost Counter x10,000</label>
      <sensorSet>Integer</sensorSet>
    </numSensor>

    <numSensor ruleid="circuit_2_defrost_counter_Sensor">
      <type>num</type>
      <sensorId>CIRCUIT_2_DEFROST_COUNTER</sensorId>
      <value>
        <getOid>.1.3.6.1.4.1.9839.2.1.3.18.0</getOid>
      </value>
      <label>Circuit 2 Defrost Counter</label>
      <sensorSet>Integer</sensorSet>
    </numSensor>

    <numSensor ruleid="circuit_2_defrost_counter_x10_000_Sensor">
      <type>num</type>
      <sensorId>CIRCUIT_2_DEFROST_COUNTER_X10_000</sensorId>
      <value>
        <getOid>.1.3.6.1.4.1.9839.2.1.3.19.0</getOid>
      </value>
      <label>Circuit 2 Defrost Counter x10,000</label>
      <sensorSet>Integer</sensorSet>
    </numSensor>

    <numSensor ruleid="both_circuit_defrost_counter_Sensor">
      <type>num</type>
      <sensorId>BOTH_CIRCUIT_DEFROST_COUNTER</sensorId>
      <value>
        <getOid>.1.3.6.1.4.1.9839.2.1.3.20.0</getOid>
      </value>
      <label>Both Circuit Defrost Counter</label>
      <sensorSet>Integer</sensorSet>
    </numSensor>

    <numSensor ruleid="both_circuit_defrost_counter_x10_000_Sensor">
      <type>num</type>
      <sensorId>BOTH_CIRCUIT_DEFROST_COUNTER_X10_000</sensorId>
      <value>
        <getOid>.1.3.6.1.4.1.9839.2.1.3.21.0</getOid>
      </value>
      <label>Both Circuit Defrost Counter x10,000</label>
      <sensorSet>Integer</sensorSet>
    </numSensor>

    <numSensor ruleid="non_performing_defrost_counter_Sensor">
      <type>num</type>
      <sensorId>NON_PERFORMING_DEFROST_COUNTER</sensorId>
      <value>
        <getOid>.1.3.6.1.4.1.9839.2.1.3.22.0</getOid>
      </value>
      <label>Non Performing Defrost Counter</label>
      <sensorSet>Integer</sensorSet>
    </numSensor>

    <numSensor ruleid="non_performing_defrost_counter_x10_000_Sensor">
      <type>num</type>
      <sensorId>NON_PERFORMING_DEFROST_COUNTER_X10_000</sensorId>
      <value>
        <getOid>.1.3.6.1.4.1.9839.2.1.3.23.0</getOid>
      </value>
      <label>Non Performing Defrost Counter x10,000</label>
      <sensorSet>Integer</sensorSet>
    </numSensor>

    <stateSensor ruleid="unit_type_Sensor">
      <type>state</type>
      <sensorId>UNIT_TYPE</sensorId>
      <value>
        <mapValue mapid="unit-type-vm">
            <getOid>.1.3.6.1.4.1.9839.2.1.3.24.0</getOid>
        </mapValue>
      </value>
      <label>Unit Type</label>
      <enum>unit-type-em</enum>
      <sensorSet>Integer</sensorSet>
    </stateSensor>

    <stateSensor ruleid="circulating_pump_configuration_Sensor">
      <type>state</type>
      <sensorId>CIRCULATING_PUMP_CONFIGURATION</sensorId>
      <value>
        <mapValue mapid="circ-pumps-vm">
            <getOid>.1.3.6.1.4.1.9839.2.1.3.25.0</getOid>
        </mapValue>
      </value>
      <label>Circulating Pump Configuration</label>
      <enum>circ-pumps-em</enum>
      <sensorSet>Integer</sensorSet>
    </stateSensor>

    <numSensor ruleid="total_number_of_units_connected_in_lan_Sensor">
      <type>num</type>
      <sensorId>TOTAL_NUMBER_OF_UNITS_CONNECTED_IN_LAN</sensorId>
      <value>
        <getOid>.1.3.6.1.4.1.9839.2.1.3.26.0</getOid>
      </value>
      <label>Total number of units connected in LAN</label>
      <sensorSet>Integer</sensorSet>
    </numSensor>

    <stateSensor ruleid="compressor_1_status_Sensor">
      <type>state</type>
      <sensorId>COMPRESSOR_1_STATUS</sensorId>
      <value>
        <mapValue mapid="comp-status-vm">
            <getOid>.1.3.6.1.4.1.9839.2.1.3.27.0</getOid>
        </mapValue>
      </value>
      <label>Compressor 1 Status</label>
      <enum>comp-status-em</enum>
      <sensorSet>Integer</sensorSet>
    </stateSensor>

    <stateSensor ruleid="compressor_2_status_Sensor">
      <type>state</type>
      <sensorId>COMPRESSOR_2_STATUS</sensorId>
      <value>
        <mapValue mapid="comp-status-vm">
            <getOid>.1.3.6.1.4.1.9839.2.1.3.28.0</getOid>
        </mapValue>
      </value>
      <label>Compressor 2 Status</label>
      <enum>comp-status-em</enum>
      <sensorSet>Integer</sensorSet>
    </stateSensor>

    <stateSensor ruleid="compressor_3_status_Sensor">
      <type>state</type>
      <sensorId>COMPRESSOR_3_STATUS</sensorId>
      <value>
        <mapValue mapid="comp-status-vm">
            <getOid>.1.3.6.1.4.1.9839.2.1.3.29.0</getOid>
        </mapValue>
      </value>
      <label>Compressor 3 Status</label>
      <enum>comp-status-em</enum>
      <sensorSet>Integer</sensorSet>
    </stateSensor>

    <stateSensor ruleid="compressor_4_status_Sensor">
      <type>state</type>
      <sensorId>COMPRESSOR_4_STATUS</sensorId>
      <value>
        <mapValue mapid="comp-status-vm">
            <getOid>.1.3.6.1.4.1.9839.2.1.3.30.0</getOid>
        </mapValue>
      </value>
      <label>Compressor 4 Status</label>
      <enum>comp-status-em</enum>
      <sensorSet>Integer</sensorSet>
    </stateSensor>

    <stateSensor ruleid="pump_1_status_Sensor">
      <type>state</type>
      <sensorId>PUMP_1_STATUS</sensorId>
      <value>
        <mapValue mapid="comp-status-vm">
            <getOid>.1.3.6.1.4.1.9839.2.1.3.31.0</getOid>
        </mapValue>
      </value>
      <label>Pump 1 Status</label>
      <enum>comp-status-em</enum>
      <sensorSet>Integer</sensorSet>
    </stateSensor>

    <stateSensor ruleid="pump_2_status_Sensor">
      <type>state</type>
      <sensorId>PUMP_2_STATUS</sensorId>
      <value>
        <mapValue mapid="comp-status-vm">
            <getOid>.1.3.6.1.4.1.9839.2.1.3.32.0</getOid>
        </mapValue>
      </value>
      <label>Pump 2 Status</label>
      <enum>comp-status-em</enum>
      <sensorSet>Integer</sensorSet>
    </stateSensor>

    <stateSensor ruleid="fc_pump_status_Sensor">
      <type>state</type>
      <sensorId>FC_PUMP_STATUS</sensorId>
      <value>
        <mapValue mapid="comp-status-vm">
            <getOid>.1.3.6.1.4.1.9839.2.1.3.33.0</getOid>
        </mapValue>
      </value>
      <label>FC Pump Status</label>
      <enum>comp-status-em</enum>
      <sensorSet>Integer</sensorSet>
    </stateSensor>

    <stateSensor ruleid="actual_setpoint_mode_Sensor">
      <type>state</type>
      <sensorId>ACTUAL_SETPOINT_MODE</sensorId>
      <value>
        <mapValue mapid="setpoint-mode-vm">
            <getOid>.1.3.6.1.4.1.9839.2.1.3.34.0</getOid>
        </mapValue>
      </value>
      <label>Actual Setpoint Mode</label>
      <enum>setpoint-mode-em</enum>
      <sensorSet>Integer</sensorSet>
    </stateSensor>

    <numSensor ruleid="last_defrost_length_Sensor">
      <type>seconds</type>
      <sensorId>LAST_DEFROST_LENGTH</sensorId>
      <value>
        <getOid>.1.3.6.1.4.1.9839.2.1.3.37.0</getOid>
      </value>
      <label>Last Defrost Length</label>
      <sensorSet>Integer</sensorSet>
    </numSensor>

    <stateSensor ruleid="system_on_(fan)_Sensor">
      <type>state</type>
      <sensorId>SYSTEM_ON_(FAN)</sensorId>
      <value>
        <mapValue mapid="on-off-vm">
            <getOid>.1.3.6.1.4.1.9839.2.1.1.1.0</getOid>
        </mapValue>
      </value>
      <label>System On (Fan)</label>
      <enum>on-off-em</enum>
      <sensorSet>Digital</sensorSet>
    </stateSensor>

    <stateSensor ruleid="compressor_1_Sensor">
      <type>state</type>
      <sensorId>COMPRESSOR_1</sensorId>
      <value>
        <mapValue mapid="on-off-vm">
            <getOid>.1.3.6.1.4.1.9839.2.1.1.2.0</getOid>
        </mapValue>
      </value>
      <label>Compressor 1</label>
      <enum>on-off-em</enum>
      <sensorSet>Digital</sensorSet>
    </stateSensor>

    <stateSensor ruleid="compressor_2_Sensor">
      <type>state</type>
      <sensorId>COMPRESSOR_2</sensorId>
      <value>
        <mapValue mapid="on-off-vm">
            <getOid>.1.3.6.1.4.1.9839.2.1.1.3.0</getOid>
        </mapValue>
      </value>
      <label>Compressor 2</label>
      <enum>on-off-em</enum>
      <sensorSet>Digital</sensorSet>
    </stateSensor>

    <stateSensor ruleid="compressor_3_Sensor">
      <type>state</type>
      <sensorId>COMPRESSOR_3</sensorId>
      <value>
        <mapValue mapid="on-off-vm">
            <getOid>.1.3.6.1.4.1.9839.2.1.1.4.0</getOid>
        </mapValue>
      </value>
      <label>Compressor 3</label>
      <enum>on-off-em</enum>
      <sensorSet>Digital</sensorSet>
    </stateSensor>

    <stateSensor ruleid="compressor_4_Sensor">
      <type>state</type>
      <sensorId>COMPRESSOR_4</sensorId>
      <value>
        <mapValue mapid="on-off-vm">
            <getOid>.1.3.6.1.4.1.9839.2.1.1.5.0</getOid>
        </mapValue>
      </value>
      <label>Compressor 4</label>
      <enum>on-off-em</enum>
      <sensorSet>Digital</sensorSet>
    </stateSensor>

    <stateSensor ruleid="circulating_pump_1_Sensor">
      <type>state</type>
      <sensorId>CIRCULATING_PUMP_1</sensorId>
      <value>
        <mapValue mapid="on-off-vm">
            <getOid>.1.3.6.1.4.1.9839.2.1.1.6.0</getOid>
        </mapValue>
      </value>
      <label>Circulating Pump 1</label>
      <enum>on-off-em</enum>
      <sensorSet>Digital</sensorSet>
    </stateSensor>

    <stateSensor ruleid="circulating_pump_2_Sensor">
      <type>state</type>
      <sensorId>CIRCULATING_PUMP_2</sensorId>
      <value>
        <mapValue mapid="on-off-vm">
            <getOid>.1.3.6.1.4.1.9839.2.1.1.7.0</getOid>
        </mapValue>
      </value>
      <label>Circulating Pump 2</label>
      <enum>on-off-em</enum>
      <sensorSet>Digital</sensorSet>
    </stateSensor>

    <stateSensor ruleid="circuit_1_refrigerant_shut_off_valve_Sensor">
      <type>state</type>
      <sensorId>CIRCUIT_1_REFRIGERANT_SHUT_OFF_VALVE</sensorId>
      <value>
        <mapValue mapid="on-off-vm">
            <getOid>.1.3.6.1.4.1.9839.2.1.1.8.0</getOid>
        </mapValue>
      </value>
      <label>Circuit 1 Refrigerant shut-off valve</label>
      <enum>on-off-em</enum>
      <sensorSet>Digital</sensorSet>
    </stateSensor>

    <stateSensor ruleid="circuit_2_refrigerant_shut_off_valve_Sensor">
      <type>state</type>
      <sensorId>CIRCUIT_2_REFRIGERANT_SHUT_OFF_VALVE</sensorId>
      <value>
        <mapValue mapid="on-off-vm">
            <getOid>.1.3.6.1.4.1.9839.2.1.1.9.0</getOid>
        </mapValue>
      </value>
      <label>Circuit 2 Refrigerant shut-off valve</label>
      <enum>on-off-em</enum>
      <sensorSet>Digital</sensorSet>
    </stateSensor>

    <stateSensor ruleid="100%_heat_recovery_Sensor">
      <type>state</type>
      <sensorId>100%_HEAT_RECOVERY</sensorId>
      <value>
        <mapValue mapid="on-off-vm">
            <getOid>.1.3.6.1.4.1.9839.2.1.1.10.0</getOid>
        </mapValue>
      </value>
      <label>100% Heat Recovery</label>
      <enum>on-off-em</enum>
      <sensorSet>Digital</sensorSet>
    </stateSensor>

    <stateSensor ruleid="antifreeze_heaters_Sensor">
      <type>state</type>
      <sensorId>ANTIFREEZE_HEATERS</sensorId>
      <value>
        <mapValue mapid="on-off-vm">
            <getOid>.1.3.6.1.4.1.9839.2.1.1.11.0</getOid>
        </mapValue>
      </value>
      <label>Antifreeze Heaters</label>
      <enum>on-off-em</enum>
      <sensorSet>Digital</sensorSet>
    </stateSensor>

    <stateSensor ruleid="fan_star_connection_Sensor">
      <type>state</type>
      <sensorId>FAN_STAR_CONNECTION</sensorId>
      <value>
        <mapValue mapid="on-off-vm">
            <getOid>.1.3.6.1.4.1.9839.2.1.1.12.0</getOid>
        </mapValue>
      </value>
      <label>Fan Star Connection</label>
      <enum>on-off-em</enum>
      <sensorSet>Digital</sensorSet>
    </stateSensor>

    <stateSensor ruleid="fan_delta_connection_Sensor">
      <type>state</type>
      <sensorId>FAN_DELTA_CONNECTION</sensorId>
      <value>
        <mapValue mapid="on-off-vm">
            <getOid>.1.3.6.1.4.1.9839.2.1.1.13.0</getOid>
        </mapValue>
      </value>
      <label>Fan Delta connection</label>
      <enum>on-off-em</enum>
      <sensorSet>Digital</sensorSet>
    </stateSensor>

    <stateSensor ruleid="circuit_1_defrost_Sensor">
      <type>state</type>
      <sensorId>CIRCUIT_1_DEFROST</sensorId>
      <value>
        <mapValue mapid="on-off-vm">
            <getOid>.1.3.6.1.4.1.9839.2.1.1.14.0</getOid>
        </mapValue>
      </value>
      <label>Circuit 1 Defrost</label>
      <enum>on-off-em</enum>
      <sensorSet>Digital</sensorSet>
    </stateSensor>

    <stateSensor ruleid="circuit_2_defrost_Sensor">
      <type>state</type>
      <sensorId>CIRCUIT_2_DEFROST</sensorId>
      <value>
        <mapValue mapid="on-off-vm">
            <getOid>.1.3.6.1.4.1.9839.2.1.1.15.0</getOid>
        </mapValue>
      </value>
      <label>Circuit 2 Defrost</label>
      <enum>on-off-em</enum>
      <sensorSet>Digital</sensorSet>
    </stateSensor>

    <stateSensor ruleid="low_power_consumption_mode_Sensor">
      <type>state</type>
      <sensorId>LOW_POWER_CONSUMPTION_MODE</sensorId>
      <value>
        <mapValue mapid="on-off-vm">
            <getOid>.1.3.6.1.4.1.9839.2.1.1.16.0</getOid>
        </mapValue>
      </value>
      <label>Low power consumption mode</label>
      <enum>on-off-em</enum>
      <sensorSet>Digital</sensorSet>
    </stateSensor>

    <stateSensor ruleid="winter_mode_Sensor">
      <type>state</type>
      <sensorId>WINTER_MODE</sensorId>
      <value>
        <mapValue mapid="on-off-vm">
            <getOid>.1.3.6.1.4.1.9839.2.1.1.17.0</getOid>
        </mapValue>
      </value>
      <label>Winter mode</label>
      <enum>on-off-em</enum>
      <sensorSet>Digital</sensorSet>
    </stateSensor>

    <stateSensor ruleid="free_cooling_pump_Sensor">
      <type>state</type>
      <sensorId>FREE_COOLING_PUMP</sensorId>
      <value>
        <mapValue mapid="on-off-vm">
            <getOid>.1.3.6.1.4.1.9839.2.1.1.18.0</getOid>
        </mapValue>
      </value>
      <label>Free-cooling Pump</label>
      <enum>on-off-em</enum>
      <sensorSet>Digital</sensorSet>
    </stateSensor>

    <stateSensor ruleid="number_of_stand_by_units_Sensor">
      <type>state</type>
      <sensorId>NUMBER_OF_STAND_BY_UNITS</sensorId>
      <value>
        <mapValue mapid="num-standby-units-vm">
            <getOid>.1.3.6.1.4.1.9839.2.1.1.66.0</getOid>
        </mapValue>
      </value>
      <label>Number Of Stand-by Units</label>
      <enum>num-standby-units-em</enum>
      <sensorSet>Digital</sensorSet>
    </stateSensor>

    <stateSensor ruleid="water_tank_temp_sensor_fitted_Sensor">
      <type>state</type>
      <sensorId>WATER_TANK_TEMP_SENSOR_FITTED</sensorId>
      <value>
        <mapValue mapid="on-off-vm">
            <getOid>.1.3.6.1.4.1.9839.2.1.1.67.0</getOid>
        </mapValue>
      </value>
      <label>Water Tank Temp. Sensor Fitted</label>
      <enum>on-off-em</enum>
      <sensorSet>Digital</sensorSet>
    </stateSensor>

    <stateSensor ruleid="condensing_pressure_sensor_fitted_Sensor">
      <type>state</type>
      <sensorId>CONDENSING_PRESSURE_SENSOR_FITTED</sensorId>
      <value>
        <mapValue mapid="on-off-vm">
            <getOid>.1.3.6.1.4.1.9839.2.1.1.68.0</getOid>
        </mapValue>
      </value>
      <label>Condensing Pressure Sensor Fitted</label>
      <enum>on-off-em</enum>
      <sensorSet>Digital</sensorSet>
    </stateSensor>

    <stateSensor ruleid="evaporating_pressure_sensor_fitted_Sensor">
      <type>state</type>
      <sensorId>EVAPORATING_PRESSURE_SENSOR_FITTED</sensorId>
      <value>
        <mapValue mapid="on-off-vm">
            <getOid>.1.3.6.1.4.1.9839.2.1.1.69.0</getOid>
        </mapValue>
      </value>
      <label>Evaporating Pressure Sensor Fitted</label>
      <enum>on-off-em</enum>
      <sensorSet>Digital</sensorSet>
    </stateSensor>

    <stateSensor ruleid="run_stand_by_circulating_pumps_fitted_Sensor">
      <type>state</type>
      <sensorId>RUN_STAND_BY_CIRCULATING_PUMPS_FITTED</sensorId>
      <value>
        <mapValue mapid="on-off-vm">
            <getOid>.1.3.6.1.4.1.9839.2.1.1.70.0</getOid>
        </mapValue>
      </value>
      <label>Run+Stand-by Circulating Pumps Fitted</label>
      <enum>on-off-em</enum>
      <sensorSet>Digital</sensorSet>
    </stateSensor>

    <stateSensor ruleid="high_condensing_temperature_Sensor">
      <type>state</type>
      <sensorId>HIGH_CONDENSING_TEMPERATURE</sensorId>
      <value>
        <mapValue mapid="normal-alarm-vm">
            <getOid>.1.3.6.1.4.1.9839.2.1.1.75.0</getOid>
        </mapValue>
      </value>
      <label>High Condensing Temperature</label>
      <enum>normal-alarm-em</enum>
      <sensorSet>Digital</sensorSet>
    </stateSensor>
    
     <stateSensor ruleid="general-alarm-state_Sensor">
      <type>state</type>
      <sensorId>general-alarm-state</sensorId>
      <value>
        <mapValue mapid="normal-alarm-vm">
            <getOid>.1.3.6.1.4.1.9839.2.1.1.51.0</getOid>
        </mapValue>
      </value>
      <label>General-alarm-state</label>
      <enum>normal-alarm-em</enum>
      <sensorSet>Digital</sensorSet>
    </stateSensor>
    
     <stateSensor ruleid="second-level-alarm-state-Sensor">
      <type>state</type>
      <sensorId>second-level-alarm-state</sensorId>
      <value>
        <mapValue mapid="normal-alarm-vm">
            <getOid>.1.3.6.1.4.1.9839.2.1.1.52.0</getOid>
        </mapValue>
      </value>
      <label>Second-level-alarm-state</label>
      <enum>normal-alarm-em</enum>
      <sensorSet>Digital</sensorSet>
    </stateSensor>
    

    <stateSensor ruleid="circuit_1_compressor_operative_limits_Sensor">
      <type>state</type>
      <sensorId>CIRCUIT_1_COMPRESSOR_OPERATIVE_LIMITS</sensorId>
      <value>
        <mapValue mapid="normal-alarm-vm">
            <getOid>.1.3.6.1.4.1.9839.2.1.1.53.0</getOid>
        </mapValue>
      </value>
      <label>Circuit 1 Compressor Operative Limits</label>
      <enum>normal-alarm-em</enum>
      <sensorSet>Digital</sensorSet>
    </stateSensor>

    <stateSensor ruleid="circuit_2_compressor_operative_limits_Sensor">
      <type>state</type>
      <sensorId>CIRCUIT_2_COMPRESSOR_OPERATIVE_LIMITS</sensorId>
      <value>
        <mapValue mapid="normal-alarm-vm">
            <getOid>.1.3.6.1.4.1.9839.2.1.1.54.0</getOid>
        </mapValue>
      </value>
      <label>Circuit 2 Compressor Operative Limits</label>
      <enum>normal-alarm-em</enum>
      <sensorSet>Digital</sensorSet>
    </stateSensor>

    <stateSensor ruleid="circuit_1_pump_down_failed_Sensor">
      <type>state</type>
      <sensorId>CIRCUIT_1_PUMP_DOWN_FAILED</sensorId>
      <value>
        <mapValue mapid="normal-notcompleted-vm">
            <getOid>.1.3.6.1.4.1.9839.2.1.1.71.0</getOid>
        </mapValue>
      </value>
      <label>Circuit 1 Pump-down Failed</label>
      <enum>normal-notcompleted-em</enum>
      <sensorSet>Digital</sensorSet>
    </stateSensor>

    <stateSensor ruleid="circuit_2_pump_down_failed_Sensor">
      <type>state</type>
      <sensorId>CIRCUIT_2_PUMP_DOWN_FAILED</sensorId>
      <value>
        <mapValue mapid="normal-notcompleted-vm">
            <getOid>.1.3.6.1.4.1.9839.2.1.1.72.0</getOid>
        </mapValue>
      </value>
      <label>Circuit 2 Pump-down Failed</label>
      <enum>normal-notcompleted-em</enum>
      <sensorSet>Digital</sensorSet>
    </stateSensor>

    <stateSensor ruleid="defrost_limits_Sensor">
      <type>state</type>
      <sensorId>DEFROST_LIMITS</sensorId>
      <value>
        <mapValue mapid="normal-alarm-vm">
            <getOid>.1.3.6.1.4.1.9839.2.1.1.78.0</getOid>
        </mapValue>
      </value>
      <label>Defrost Limits</label>
      <enum>normal-alarm-em</enum>
      <sensorSet>Digital</sensorSet>
    </stateSensor>
    
    

		<alarmFlags ruleid="wrong-password-alarm">
			<value><getOid>.1.3.6.1.4.1.9839.2.1.1.19.0</getOid></value>
			<alarmFlagsTest match="1">
				<name>
					<activeText>Wrong Password Alarm</activeText>
					<inactiveText>Wrong Password Alarm Cleared</inactiveText>
				</name>
				<severity>warning</severity>
				<category>System</category>
				<description>
					<activeText>A Wrong Password Alarm condition exists.</activeText>
					<inactiveText>A Wrong Password Alarm condition no longer exists.</inactiveText>
				</description>
			</alarmFlagsTest>
		</alarmFlags>
		<alarmFlags ruleid="water-inlet-high-temperature-alarm">
			<value><getOid>.1.3.6.1.4.1.9839.2.1.1.20.0</getOid></value>
			<alarmFlagsTest match="1">
				<name>
					<activeText>Water Inlet High Temperature Alarm</activeText>
					<inactiveText>Water Inlet High Temperature Alarm Cleared</inactiveText>
				</name>
				<severity>warning</severity>
				<category>System</category>
				<description>
					<activeText>A Water Inlet High Temperature Alarm condition exists.</activeText>
					<inactiveText>A Water Inlet High Temperature Alarm condition no longer exists.</inactiveText>
				</description>
			</alarmFlagsTest>
		</alarmFlags>
		<alarmFlags ruleid="water-inlet-low-temperature-alarm">
			<value><getOid>.1.3.6.1.4.1.9839.2.1.1.21.0</getOid></value>
			<alarmFlagsTest match="1">
				<name>
					<activeText>Water Inlet Low Temperature Alarm</activeText>
					<inactiveText>Water Inlet Low Temperature Alarm Cleared</inactiveText>
				</name>
				<severity>warning</severity>
				<category>System</category>
				<description>
					<activeText>A Water Inlet Low Temperature Alarm condition exists.</activeText>
					<inactiveText>A Water Inlet Low Temperature Alarm condition no longer exists.</inactiveText>
				</description>
			</alarmFlagsTest>
		</alarmFlags>
		<alarmFlags ruleid="loss-of-water-flow-alarm">
			<value><getOid>.1.3.6.1.4.1.9839.2.1.1.22.0</getOid></value>
			<alarmFlagsTest match="1">
				<name>
					<activeText>Loss of Water Flow Alarm</activeText>
					<inactiveText>Loss of Water Flow Alarm Cleared</inactiveText>
				</name>
				<severity>warning</severity>
				<category>System</category>
				<description>
					<activeText>A Loss of Water Flow Alarm condition exists.</activeText>
					<inactiveText>A Loss of Water Flow Alarm condition no longer exists.</inactiveText>
				</description>
			</alarmFlagsTest>
		</alarmFlags>
		<alarmFlags ruleid="low-pressure-1-prealarm-(auto-reset)">
			<value><getOid>.1.3.6.1.4.1.9839.2.1.1.23.0</getOid></value>
			<alarmFlagsTest match="1">
				<name>
					<activeText>Low Pressure 1 Prealarm (Auto Reset)</activeText>
					<inactiveText>Low Pressure 1 Prealarm (Auto Reset) Cleared</inactiveText>
				</name>
				<severity>warning</severity>
				<category>System</category>
				<description>
					<activeText>A Low Pressure 1 Prealarm (Auto Reset) condition exists.</activeText>
					<inactiveText>A Low Pressure 1 Prealarm (Auto Reset) condition no longer exists.</inactiveText>
				</description>
			</alarmFlagsTest>
		</alarmFlags>
		<alarmFlags ruleid="low-pressure-2-prealarm-(auto-reset)">
			<value><getOid>.1.3.6.1.4.1.9839.2.1.1.24.0</getOid></value>
			<alarmFlagsTest match="1">
				<name>
					<activeText>Low Pressure 2 Prealarm (Auto Reset)</activeText>
					<inactiveText>Low Pressure 2 Prealarm (Auto Reset) Cleared</inactiveText>
				</name>
				<severity>warning</severity>
				<category>System</category>
				<description>
					<activeText>A Low Pressure 2 Prealarm (Auto Reset) condition exists.</activeText>
					<inactiveText>A Low Pressure 2 Prealarm (Auto Reset) condition no longer exists.</inactiveText>
				</description>
			</alarmFlagsTest>
		</alarmFlags>
		<alarmFlags ruleid="low-pressure-1-alarm">
			<value><getOid>.1.3.6.1.4.1.9839.2.1.1.25.0</getOid></value>
			<alarmFlagsTest match="1">
				<name>
					<activeText>Low Pressure 1 Alarm</activeText>
					<inactiveText>Low Pressure 1 Alarm Cleared</inactiveText>
				</name>
				<severity>critical</severity>
				<category>System</category>
				<description>
					<activeText>A Low Pressure 1 Alarm condition exists.</activeText>
					<inactiveText>A Low Pressure 1 Alarm condition no longer exists.</inactiveText>
				</description>
			</alarmFlagsTest>
		</alarmFlags>
		<alarmFlags ruleid="low-pressure-2-alarm">
			<value><getOid>.1.3.6.1.4.1.9839.2.1.1.26.0</getOid></value>
			<alarmFlagsTest match="1">
				<name>
					<activeText>Low Pressure 2 Alarm</activeText>
					<inactiveText>Low Pressure 2 Alarm Cleared</inactiveText>
				</name>
				<severity>critical</severity>
				<category>System</category>
				<description>
					<activeText>A Low Pressure 2 Alarm condition exists.</activeText>
					<inactiveText>A Low Pressure 2 Alarm condition no longer exists.</inactiveText>
				</description>
			</alarmFlagsTest>
		</alarmFlags>
		<alarmFlags ruleid="high-pressure-1-alarm">
			<value><getOid>.1.3.6.1.4.1.9839.2.1.1.27.0</getOid></value>
			<alarmFlagsTest match="1">
				<name>
					<activeText>High Pressure 1 Alarm</activeText>
					<inactiveText>High Pressure 1 Alarm Cleared</inactiveText>
				</name>
				<severity>warning</severity>
				<category>System</category>
				<description>
					<activeText>A High Pressure 1 Alarm condition exists.</activeText>
					<inactiveText>A High Pressure 1 Alarm condition no longer exists.</inactiveText>
				</description>
			</alarmFlagsTest>
		</alarmFlags>
		<alarmFlags ruleid="high-pressure-2-alarm">
			<value><getOid>.1.3.6.1.4.1.9839.2.1.1.28.0</getOid></value>
			<alarmFlagsTest match="1">
				<name>
					<activeText>High Pressure 2 Alarm</activeText>
					<inactiveText>High Pressure 2 Alarm Cleared</inactiveText>
				</name>
				<severity>warning</severity>
				<category>System</category>
				<description>
					<activeText>A High Pressure 2 Alarm condition exists.</activeText>
					<inactiveText>A High Pressure 2 Alarm condition no longer exists.</inactiveText>
				</description>
			</alarmFlagsTest>
		</alarmFlags>
		<alarmFlags ruleid="compressor-1-overload-alarm">
			<value><getOid>.1.3.6.1.4.1.9839.2.1.1.29.0</getOid></value>
			<alarmFlagsTest match="1">
				<name>
					<activeText>Compressor 1 Overload Alarm</activeText>
					<inactiveText>Compressor 1 Overload Alarm Cleared</inactiveText>
				</name>
				<severity>warning</severity>
				<category>System</category>
				<description>
					<activeText>A Compressor 1 Overload Alarm condition exists.</activeText>
					<inactiveText>A Compressor 1 Overload Alarm condition no longer exists.</inactiveText>
				</description>
			</alarmFlagsTest>
		</alarmFlags>
		<alarmFlags ruleid="compressor-2-overload-alarm">
			<value><getOid>.1.3.6.1.4.1.9839.2.1.1.30.0</getOid></value>
			<alarmFlagsTest match="1">
				<name>
					<activeText>Compressor 2 Overload Alarm</activeText>
					<inactiveText>Compressor 2 Overload Alarm Cleared</inactiveText>
				</name>
				<severity>warning</severity>
				<category>System</category>
				<description>
					<activeText>A Compressor 2 Overload Alarm condition exists.</activeText>
					<inactiveText>A Compressor 2 Overload Alarm condition no longer exists.</inactiveText>
				</description>
			</alarmFlagsTest>
		</alarmFlags>
		<alarmFlags ruleid="compressor-3-overload-alarm">
			<value><getOid>.1.3.6.1.4.1.9839.2.1.1.31.0</getOid></value>
			<alarmFlagsTest match="1">
				<name>
					<activeText>Compressor 3 Overload Alarm</activeText>
					<inactiveText>Compressor 3 Overload Alarm Cleared</inactiveText>
				</name>
				<severity>warning</severity>
				<category>System</category>
				<description>
					<activeText>A Compressor 3 Overload Alarm condition exists.</activeText>
					<inactiveText>A Compressor 3 Overload Alarm condition no longer exists.</inactiveText>
				</description>
			</alarmFlagsTest>
		</alarmFlags>
		<alarmFlags ruleid="compressor-4-overload-alarm">
			<value><getOid>.1.3.6.1.4.1.9839.2.1.1.32.0</getOid></value>
			<alarmFlagsTest match="1">
				<name>
					<activeText>Compressor 4 Overload Alarm</activeText>
					<inactiveText>Compressor 4 Overload Alarm Cleared</inactiveText>
				</name>
				<severity>warning</severity>
				<category>System</category>
				<description>
					<activeText>A Compressor 4 Overload Alarm condition exists.</activeText>
					<inactiveText>A Compressor 4 Overload Alarm condition no longer exists.</inactiveText>
				</description>
			</alarmFlagsTest>
		</alarmFlags>
		<alarmFlags ruleid="circulating-pump-1-overload-alarm">
			<value><getOid>.1.3.6.1.4.1.9839.2.1.1.33.0</getOid></value>
			<alarmFlagsTest match="1">
				<name>
					<activeText>Circulating Pump 1 Overload Alarm</activeText>
					<inactiveText>Circulating Pump 1 Overload Alarm Cleared</inactiveText>
				</name>
				<severity>warning</severity>
				<category>System</category>
				<description>
					<activeText>A Circulating Pump 1 Overload Alarm condition exists.</activeText>
					<inactiveText>A Circulating Pump 1 Overload Alarm condition no longer exists.</inactiveText>
				</description>
			</alarmFlagsTest>
		</alarmFlags>
		<alarmFlags ruleid="circulating-pump-2-overload-alarm">
			<value><getOid>.1.3.6.1.4.1.9839.2.1.1.34.0</getOid></value>
			<alarmFlagsTest match="1">
				<name>
					<activeText>Circulating Pump 2 Overload Alarm</activeText>
					<inactiveText>Circulating Pump 2 Overload Alarm Cleared</inactiveText>
				</name>
				<severity>warning</severity>
				<category>System</category>
				<description>
					<activeText>A Circulating Pump 2 Overload Alarm condition exists.</activeText>
					<inactiveText>A Circulating Pump 2 Overload Alarm condition no longer exists.</inactiveText>
				</description>
			</alarmFlagsTest>
		</alarmFlags>
		<alarmFlags ruleid="free-cooling-pump-overload-alarm">
			<value><getOid>.1.3.6.1.4.1.9839.2.1.1.35.0</getOid></value>
			<alarmFlagsTest match="1">
				<name>
					<activeText>Free-Cooling Pump Overload Alarm</activeText>
					<inactiveText>Free-Cooling Pump Overload Alarm Cleared</inactiveText>
				</name>
				<severity>warning</severity>
				<category>System</category>
				<description>
					<activeText>A Free-Cooling Pump Overload Alarm condition exists.</activeText>
					<inactiveText>A Free-Cooling Pump Overload Alarm condition no longer exists.</inactiveText>
				</description>
			</alarmFlagsTest>
		</alarmFlags>
		<alarmFlags ruleid="circuit-1-antifreeze-alarm">
			<value><getOid>.1.3.6.1.4.1.9839.2.1.1.36.0</getOid></value>
			<alarmFlagsTest match="1">
				<name>
					<activeText>Circuit 1 Antifreeze Alarm</activeText>
					<inactiveText>Circuit 1 Antifreeze Alarm Cleared</inactiveText>
				</name>
				<severity>warning</severity>
				<category>System</category>
				<description>
					<activeText>A Circuit 1 Antifreeze Alarm condition exists.</activeText>
					<inactiveText>A Circuit 1 Antifreeze Alarm condition no longer exists.</inactiveText>
				</description>
			</alarmFlagsTest>
		</alarmFlags>
		<alarmFlags ruleid="circuit-2-antifreeze-alarm">
			<value><getOid>.1.3.6.1.4.1.9839.2.1.1.37.0</getOid></value>
			<alarmFlagsTest match="1">
				<name>
					<activeText>Circuit 2 Antifreeze Alarm</activeText>
					<inactiveText>Circuit 2 Antifreeze Alarm Cleared</inactiveText>
				</name>
				<severity>warning</severity>
				<category>System</category>
				<description>
					<activeText>A Circuit 2 Antifreeze Alarm condition exists.</activeText>
					<inactiveText>A Circuit 2 Antifreeze Alarm condition no longer exists.</inactiveText>
				</description>
			</alarmFlagsTest>
		</alarmFlags>
		<alarmFlags ruleid="heat-recovery-limit-alarm">
			<value><getOid>.1.3.6.1.4.1.9839.2.1.1.38.0</getOid></value>
			<alarmFlagsTest match="1">
				<name>
					<activeText>Heat Recovery Limit Alarm</activeText>
					<inactiveText>Heat Recovery Limit Alarm Cleared</inactiveText>
				</name>
				<severity>critical</severity>
				<category>System</category>
				<description>
					<activeText>A Heat Recovery Limit Alarm condition exists.</activeText>
					<inactiveText>A Heat Recovery Limit Alarm condition no longer exists.</inactiveText>
				</description>
			</alarmFlagsTest>
		</alarmFlags>
		<alarmFlags ruleid="heat-recovery-limit-prealarm-(auto-reset)">
			<value><getOid>.1.3.6.1.4.1.9839.2.1.1.39.0</getOid></value>
			<alarmFlagsTest match="1">
				<name>
					<activeText>Heat Recovery Limit Prealarm (Auto Reset)</activeText>
					<inactiveText>Heat Recovery Limit Prealarm (Auto Reset) Cleared</inactiveText>
				</name>
				<severity>warning</severity>
				<category>System</category>
				<description>
					<activeText>A Heat Recovery Limit Prealarm (Auto Reset) condition exists.</activeText>
					<inactiveText>A Heat Recovery Limit Prealarm (Auto Reset) condition no longer exists.</inactiveText>
				</description>
			</alarmFlagsTest>
		</alarmFlags>
		<alarmFlags ruleid="interrupted-lan-alarm">
			<value><getOid>.1.3.6.1.4.1.9839.2.1.1.40.0</getOid></value>
			<alarmFlagsTest match="1">
				<name>
					<activeText>Interrupted LAN Alarm</activeText>
					<inactiveText>Interrupted LAN Alarm Cleared</inactiveText>
				</name>
				<severity>warning</severity>
				<category>System</category>
				<description>
					<activeText>A Interrupted LAN Alarm condition exists.</activeText>
					<inactiveText>A Interrupted LAN Alarm condition no longer exists.</inactiveText>
				</description>
			</alarmFlagsTest>
		</alarmFlags>
		<alarmFlags ruleid="water-inlet-temp_-sensor-failure/disconnected">
			<value><getOid>.1.3.6.1.4.1.9839.2.1.1.41.0</getOid></value>
			<alarmFlagsTest match="1">
				<name>
					<activeText>Water Inlet Temp. Sensor Failure/Disconnected</activeText>
					<inactiveText>Water Inlet Temp. Sensor Failure/Disconnected Cleared</inactiveText>
				</name>
				<severity>failure</severity>
				<category>System</category>
				<description>
					<activeText>A Water Inlet Temp. Sensor Failure/Disconnected condition exists.</activeText>
					<inactiveText>A Water Inlet Temp. Sensor Failure/Disconnected condition no longer exists.</inactiveText>
				</description>
			</alarmFlagsTest>
		</alarmFlags>
		<alarmFlags ruleid="water-outlet-temp_-sensor-failure/disconnected">
			<value><getOid>.1.3.6.1.4.1.9839.2.1.1.42.0</getOid></value>
			<alarmFlagsTest match="1">
				<name>
					<activeText>Water Outlet Temp. Sensor Failure/Disconnected</activeText>
					<inactiveText>Water Outlet Temp. Sensor Failure/Disconnected Cleared</inactiveText>
				</name>
				<severity>failure</severity>
				<category>System</category>
				<description>
					<activeText>A Water Outlet Temp. Sensor Failure/Disconnected condition exists.</activeText>
					<inactiveText>A Water Outlet Temp. Sensor Failure/Disconnected condition no longer exists.</inactiveText>
				</description>
			</alarmFlagsTest>
		</alarmFlags>
		<alarmFlags ruleid="water-tank-temp_-sensor-failure/disconnected">
			<value><getOid>.1.3.6.1.4.1.9839.2.1.1.43.0</getOid></value>
			<alarmFlagsTest match="1">
				<name>
					<activeText>Water Tank Temp. Sensor Failure/Disconnected</activeText>
					<inactiveText>Water Tank Temp. Sensor Failure/Disconnected Cleared</inactiveText>
				</name>
				<severity>failure</severity>
				<category>System</category>
				<description>
					<activeText>A Water Tank Temp. Sensor Failure/Disconnected condition exists.</activeText>
					<inactiveText>A Water Tank Temp. Sensor Failure/Disconnected condition no longer exists.</inactiveText>
				</description>
			</alarmFlagsTest>
		</alarmFlags>
		<alarmFlags ruleid="outdoor-air-temp_-sensor-failure/disconnected">
			<value><getOid>.1.3.6.1.4.1.9839.2.1.1.44.0</getOid></value>
			<alarmFlagsTest match="1">
				<name>
					<activeText>Outdoor Air Temp. Sensor Failure/Disconnected</activeText>
					<inactiveText>Outdoor Air Temp. Sensor Failure/Disconnected Cleared</inactiveText>
				</name>
				<severity>failure</severity>
				<category>System</category>
				<description>
					<activeText>A Outdoor Air Temp. Sensor Failure/Disconnected condition exists.</activeText>
					<inactiveText>A Outdoor Air Temp. Sensor Failure/Disconnected condition no longer exists.</inactiveText>
				</description>
			</alarmFlagsTest>
		</alarmFlags>
		<alarmFlags ruleid="condensing-1-temp_-sensor-failure/disconnected">
			<value><getOid>.1.3.6.1.4.1.9839.2.1.1.45.0</getOid></value>
			<alarmFlagsTest match="1">
				<name>
					<activeText>Condensing 1 Temp. Sensor Failure/Disconnected</activeText>
					<inactiveText>Condensing 1 Temp. Sensor Failure/Disconnected Cleared</inactiveText>
				</name>
				<severity>failure</severity>
				<category>System</category>
				<description>
					<activeText>A Condensing 1 Temp. Sensor Failure/Disconnected condition exists.</activeText>
					<inactiveText>A Condensing 1 Temp. Sensor Failure/Disconnected condition no longer exists.</inactiveText>
				</description>
			</alarmFlagsTest>
		</alarmFlags>
		<alarmFlags ruleid="condensing-2-temp_-sensor-failure/disconnected">
			<value><getOid>.1.3.6.1.4.1.9839.2.1.1.46.0</getOid></value>
			<alarmFlagsTest match="1">
				<name>
					<activeText>Condensing 2 Temp. Sensor Failure/Disconnected</activeText>
					<inactiveText>Condensing 2 Temp. Sensor Failure/Disconnected Cleared</inactiveText>
				</name>
				<severity>failure</severity>
				<category>System</category>
				<description>
					<activeText>A Condensing 2 Temp. Sensor Failure/Disconnected condition exists.</activeText>
					<inactiveText>A Condensing 2 Temp. Sensor Failure/Disconnected condition no longer exists.</inactiveText>
				</description>
			</alarmFlagsTest>
		</alarmFlags>
		<alarmFlags ruleid="condensing-1-press_-sensor-failure/disconnected">
			<value><getOid>.1.3.6.1.4.1.9839.2.1.1.47.0</getOid></value>
			<alarmFlagsTest match="1">
				<name>
					<activeText>Condensing 1 Press. Sensor Failure/Disconnected</activeText>
					<inactiveText>Condensing 1 Press. Sensor Failure/Disconnected Cleared</inactiveText>
				</name>
				<severity>failure</severity>
				<category>System</category>
				<description>
					<activeText>A Condensing 1 Press. Sensor Failure/Disconnected condition exists.</activeText>
					<inactiveText>A Condensing 1 Press. Sensor Failure/Disconnected condition no longer exists.</inactiveText>
				</description>
			</alarmFlagsTest>
		</alarmFlags>
		<alarmFlags ruleid="condensing-2-press_-sensor-failure/disconnected">
			<value><getOid>.1.3.6.1.4.1.9839.2.1.1.48.0</getOid></value>
			<alarmFlagsTest match="1">
				<name>
					<activeText>Condensing 2 Press. Sensor Failure/Disconnected</activeText>
					<inactiveText>Condensing 2 Press. Sensor Failure/Disconnected Cleared</inactiveText>
				</name>
				<severity>failure</severity>
				<category>System</category>
				<description>
					<activeText>A Condensing 2 Press. Sensor Failure/Disconnected condition exists.</activeText>
					<inactiveText>A Condensing 2 Press. Sensor Failure/Disconnected condition no longer exists.</inactiveText>
				</description>
			</alarmFlagsTest>
		</alarmFlags>
		<alarmFlags ruleid="evaporating-1-press_-sensor-failure/disconnected">
			<value><getOid>.1.3.6.1.4.1.9839.2.1.1.49.0</getOid></value>
			<alarmFlagsTest match="1">
				<name>
					<activeText>Evaporating 1 Press. Sensor Failure/Disconnected</activeText>
					<inactiveText>Evaporating 1 Press. Sensor Failure/Disconnected Cleared</inactiveText>
				</name>
				<severity>failure</severity>
				<category>System</category>
				<description>
					<activeText>A Evaporating 1 Press. Sensor Failure/Disconnected condition exists.</activeText>
					<inactiveText>A Evaporating 1 Press. Sensor Failure/Disconnected condition no longer exists.</inactiveText>
				</description>
			</alarmFlagsTest>
		</alarmFlags>
		<alarmFlags ruleid="evaporating-2-press_-sensor-failure/disconnected">
			<value><getOid>.1.3.6.1.4.1.9839.2.1.1.50.0</getOid></value>
			<alarmFlagsTest match="1">
				<name>
					<activeText>Evaporating 2 Press. Sensor Failure/Disconnected</activeText>
					<inactiveText>Evaporating 2 Press. Sensor Failure/Disconnected Cleared</inactiveText>
				</name>
				<severity>failure</severity>
				<category>System</category>
				<description>
					<activeText>A Evaporating 2 Press. Sensor Failure/Disconnected condition exists.</activeText>
					<inactiveText>A Evaporating 2 Press. Sensor Failure/Disconnected condition no longer exists.</inactiveText>
				</description>
			</alarmFlagsTest>
		</alarmFlags>
		<alarmFlags ruleid="general-alarm-state">
			<value><getOid>.1.3.6.1.4.1.9839.2.1.1.51.0</getOid></value>
			<alarmFlagsTest match="1">
				<name>
					<activeText>General Alarm State</activeText>
					<inactiveText>General Alarm State Cleared</inactiveText>
				</name>
				<severity>warning</severity>
				<category>System</category>
				<description>
					<activeText>A General Alarm State condition exists.</activeText>
					<inactiveText>A General Alarm State condition no longer exists.</inactiveText>
				</description>
			</alarmFlagsTest>
		</alarmFlags>
		<alarmFlags ruleid="second-level-alarm-state">
			<value><getOid>.1.3.6.1.4.1.9839.2.1.1.52.0</getOid></value>
			<alarmFlagsTest match="1">
				<name>
					<activeText>Second Level Alarm State</activeText>
					<inactiveText>Second Level Alarm State Cleared</inactiveText>
				</name>
				<severity>warning</severity>
				<category>System</category>
				<description>
					<activeText>A 2nd Level Alarm State condition exists.</activeText>
					<inactiveText>A 2nd Level Alarm State condition no longer exists.</inactiveText>
				</description>
			</alarmFlagsTest>
		</alarmFlags>
		<alarmFlags ruleid="compressor-1:-hour-counter-threshold-alarm">
			<value><getOid>.1.3.6.1.4.1.9839.2.1.1.53.0</getOid></value>
			<alarmFlagsTest match="1">
				<name>
					<activeText>Compressor 1: Hour Counter Threshold Alarm</activeText>
					<inactiveText>Compressor 1: Hour Counter Threshold Alarm Cleared</inactiveText>
				</name>
				<severity>warning</severity>
				<category>System</category>
				<description>
					<activeText>A Compressor 1: Hour Counter Threshold Alarm condition exists.</activeText>
					<inactiveText>A Compressor 1: Hour Counter Threshold Alarm condition no longer exists.</inactiveText>
				</description>
			</alarmFlagsTest>
		</alarmFlags>
		<alarmFlags ruleid="compressor-2:-hour-counter-threshold-alarm">
			<value><getOid>.1.3.6.1.4.1.9839.2.1.1.54.0</getOid></value>
			<alarmFlagsTest match="1">
				<name>
					<activeText>Compressor 2: Hour Counter Threshold Alarm</activeText>
					<inactiveText>Compressor 2: Hour Counter Threshold Alarm Cleared</inactiveText>
				</name>
				<severity>warning</severity>
				<category>System</category>
				<description>
					<activeText>A Compressor 2: Hour Counter Threshold Alarm condition exists.</activeText>
					<inactiveText>A Compressor 2: Hour Counter Threshold Alarm condition no longer exists.</inactiveText>
				</description>
			</alarmFlagsTest>
		</alarmFlags>
		<alarmFlags ruleid="compressor-3:-hour-counter-threshold-alarm">
			<value><getOid>.1.3.6.1.4.1.9839.2.1.1.55.0</getOid></value>
			<alarmFlagsTest match="1">
				<name>
					<activeText>Compressor 3: Hour Counter Threshold Alarm</activeText>
					<inactiveText>Compressor 3: Hour Counter Threshold Alarm Cleared</inactiveText>
				</name>
				<severity>warning</severity>
				<category>System</category>
				<description>
					<activeText>A Compressor 3: Hour Counter Threshold Alarm condition exists.</activeText>
					<inactiveText>A Compressor 3: Hour Counter Threshold Alarm condition no longer exists.</inactiveText>
				</description>
			</alarmFlagsTest>
		</alarmFlags>
		<alarmFlags ruleid="compressor-4:-hour-counter-threshold-alarm">
			<value><getOid>.1.3.6.1.4.1.9839.2.1.1.56.0</getOid></value>
			<alarmFlagsTest match="1">
				<name>
					<activeText>Compressor 4: Hour Counter Threshold Alarm</activeText>
					<inactiveText>Compressor 4: Hour Counter Threshold Alarm Cleared</inactiveText>
				</name>
				<severity>warning</severity>
				<category>System</category>
				<description>
					<activeText>A Compressor 4: Hour Counter Threshold Alarm condition exists.</activeText>
					<inactiveText>A Compressor 4: Hour Counter Threshold Alarm condition no longer exists.</inactiveText>
				</description>
			</alarmFlagsTest>
		</alarmFlags>
		<alarmFlags ruleid="circulating-pump-1:-hour-counter-threshold-alarm">
			<value><getOid>.1.3.6.1.4.1.9839.2.1.1.57.0</getOid></value>
			<alarmFlagsTest match="1">
				<name>
					<activeText>Circulating Pump 1: Hour Counter Threshold Alarm</activeText>
					<inactiveText>Circulating Pump 1: Hour Counter Threshold Alarm Cleared</inactiveText>
				</name>
				<severity>warning</severity>
				<category>System</category>
				<description>
					<activeText>A Circulating Pump 1: Hour Counter Threshold Alarm condition exists.</activeText>
					<inactiveText>A Circulating Pump 1: Hour Counter Threshold Alarm condition no longer exists.</inactiveText>
				</description>
			</alarmFlagsTest>
		</alarmFlags>
		<alarmFlags ruleid="circulating-pump-2:-hour-counter-threshold-alarm">
			<value><getOid>.1.3.6.1.4.1.9839.2.1.1.58.0</getOid></value>
			<alarmFlagsTest match="1">
				<name>
					<activeText>Circulating Pump 2: Hour Counter Threshold Alarm</activeText>
					<inactiveText>Circulating Pump 2: Hour Counter Threshold Alarm Cleared</inactiveText>
				</name>
				<severity>warning</severity>
				<category>System</category>
				<description>
					<activeText>A Circulating Pump 2: Hour Counter Threshold Alarm condition exists.</activeText>
					<inactiveText>A Circulating Pump 2: Hour Counter Threshold Alarm condition no longer exists.</inactiveText>
				</description>
			</alarmFlagsTest>
		</alarmFlags>
		<alarmFlags ruleid="circuit-1-compressor-malfunction">
			<value><getOid>.1.3.6.1.4.1.9839.2.1.1.73.0</getOid></value>
			<alarmFlagsTest match="1">
				<name>
					<activeText>Circuit 1 Compressor Malfunction</activeText>
					<inactiveText>Circuit 1 Compressor Malfunction Cleared</inactiveText>
				</name>
				<severity>failure</severity>
				<category>System</category>
				<description>
					<activeText>A Circuit 1 Compressor Malfunction condition exists.</activeText>
					<inactiveText>A Circuit 1 Compressor Malfunction condition no longer exists.</inactiveText>
				</description>
			</alarmFlagsTest>
		</alarmFlags>
		<alarmFlags ruleid="circuit-2-compressor-malfunction">
			<value><getOid>.1.3.6.1.4.1.9839.2.1.1.74.0</getOid></value>
			<alarmFlagsTest match="1">
				<name>
					<activeText>Circuit 2 Compressor Malfunction</activeText>
					<inactiveText>Circuit 2 Compressor Malfunction Cleared</inactiveText>
				</name>
				<severity>failure</severity>
				<category>System</category>
				<description>
					<activeText>A Circuit 2 Compressor Malfunction condition exists.</activeText>
					<inactiveText>A Circuit 2 Compressor Malfunction condition no longer exists.</inactiveText>
				</description>
			</alarmFlagsTest>
		</alarmFlags>
		<alarmFlags ruleid="wrong-phase-sequence-alarm">
			<value><getOid>.1.3.6.1.4.1.9839.2.1.1.79.0</getOid></value>
			<alarmFlagsTest match="1">
				<name>
					<activeText>Wrong Phase Sequence Alarm</activeText>
					<inactiveText>Wrong Phase Sequence Alarm Cleared</inactiveText>
				</name>
				<severity>warning</severity>
				<category>System</category>
				<description>
					<activeText>A Wrong Phase Sequence Alarm condition exists.</activeText>
					<inactiveText>A Wrong Phase Sequence Alarm condition no longer exists.</inactiveText>
				</description>
			</alarmFlagsTest>
		</alarmFlags>
		<alarmFlags ruleid="free-cooling-pump:-hour-counter-threshold-alarm">
			<value><getOid>.1.3.6.1.4.1.9839.2.1.1.80.0</getOid></value>
			<alarmFlagsTest match="1">
				<name>
					<activeText>Free-Cooling Pump: Hour Counter Threshold Alarm</activeText>
					<inactiveText>Free-Cooling Pump: Hour Counter Threshold Alarm Cleared</inactiveText>
				</name>
				<severity>warning</severity>
				<category>System</category>
				<description>
					<activeText>A Free-Cooling Pump: Hour Counter Threshold Alarm condition exists.</activeText>
					<inactiveText>A Free-Cooling Pump: Hour Counter Threshold Alarm condition no longer exists.</inactiveText>
				</description>
			</alarmFlagsTest>
		</alarmFlags>
		
	<alarmFlags ruleid="high-condensing-temperature">
			<value><getOid>.1.3.6.1.4.1.9839.2.1.1.75.0</getOid></value>
			<alarmFlagsTest match="1">
				<name>
					<activeText>High Condensing Temperature</activeText>
					<inactiveText>High Condensing Temperature Cleared</inactiveText>
				</name>
				<severity>warning</severity>
				<category>System</category>
				<description>
					<activeText>A High Condensing Temperature condition exists.</activeText>
					<inactiveText>A High Condensing Temperature condition no longer exists.</inactiveText>
				</description>
			</alarmFlagsTest>
		</alarmFlags>
		<alarmFlags ruleid="circuit-1-compressor-operative-limits">
			<value><getOid>.1.3.6.1.4.1.9839.2.1.1.76.0</getOid></value>
			<alarmFlagsTest match="1">
				<name>
					<activeText>Circuit 1 Compressor Operative Limits</activeText>
					<inactiveText>Circuit 1 Compressor Operative Limits Cleared</inactiveText>
				</name>
				<severity>warning</severity>
				<category>System</category>
				<description>
					<activeText>A Circuit 1 Compressor Operative Limits condition exists.</activeText>
					<inactiveText>A Circuit 1 Compressor Operative Limits condition no longer exists.</inactiveText>
				</description>
			</alarmFlagsTest>
		</alarmFlags>
		<alarmFlags ruleid="circuit-2-compressor-operative-limits">
			<value><getOid>.1.3.6.1.4.1.9839.2.1.1.77.0</getOid></value>
			<alarmFlagsTest match="1">
				<name>
					<activeText>Circuit 2 Compressor Operative Limits</activeText>
					<inactiveText>Circuit 2 Compressor Operative Limits Cleared</inactiveText>
				</name>
				<severity>warning</severity>
				<category>System</category>
				<description>
					<activeText>A Circuit 2 Compressor Operative Limits condition exists.</activeText>
					<inactiveText>A Circuit 2 Compressor Operative Limits condition no longer exists.</inactiveText>
				</description>
			</alarmFlagsTest>
		</alarmFlags>
		<alarmFlags ruleid="defrost-limits">
			<value><getOid>.1.3.6.1.4.1.9839.2.1.1.78.0</getOid></value>
			<alarmFlagsTest match="1">
				<name>
					<activeText>Defrost Limits</activeText>
					<inactiveText>Defrost Limits Cleared</inactiveText>
				</name>
				<severity>warning</severity>
				<category>System</category>
				<description>
					<activeText>A Defrost Limits condition exists.</activeText>
					<inactiveText>A Defrost Limits condition no longer exists.</inactiveText>
				</description>
			</alarmFlagsTest>
		</alarmFlags>
		<alarmFlags ruleid="expansion-valve-1-alarm">
			<value><getOid>.1.3.6.1.4.1.9839.2.1.1.79.0</getOid></value>
			<alarmFlagsTest match="1">
				<name>
					<activeText>Expansion Valve 1 Alarm</activeText>
					<inactiveText>Expansion Valve 1 Alarm Cleared</inactiveText>
				</name>
				<severity>warning</severity>
				<category>System</category>
				<description>
					<activeText>A Expansion Valve 1 Alarm condition exists.</activeText>
					<inactiveText>A Expansion Valve 1 Alarm condition no longer exists.</inactiveText>
				</description>
			</alarmFlagsTest>
		</alarmFlags>
		<alarmFlags ruleid="expansion-valve-2-alarm">
			<value><getOid>.1.3.6.1.4.1.9839.2.1.1.80.0</getOid></value>
			<alarmFlagsTest match="1">
				<name>
					<activeText>Expansion Valve 2 Alarm</activeText>
					<inactiveText>Expansion Valve 2 Alarm Cleared</inactiveText>
				</name>
				<severity>warning</severity>
				<category>System</category>
				<description>
					<activeText>A Expansion Valve 2 Alarm condition exists.</activeText>
					<inactiveText>A Expansion Valve 2 Alarm condition no longer exists.</inactiveText>
				</description>
			</alarmFlagsTest>
		</alarmFlags>
		<alarmFlags ruleid="supply-frequency-not-detected">
			<value><getOid>.1.3.6.1.4.1.9839.2.1.1.81.0</getOid></value>
			<alarmFlagsTest match="1">
				<name>
					<activeText>Supply Frequency Not Detected</activeText>
					<inactiveText>Supply Frequency Not Detected Cleared</inactiveText>
				</name>
				<severity>warning</severity>
				<category>System</category>
				<description>
					<activeText>A Supply Frequency Not Detected condition exists.</activeText>
					<inactiveText>A Supply Frequency Not Detected condition no longer exists.</inactiveText>
				</description>
			</alarmFlagsTest>
		</alarmFlags>
		<alarmFlags ruleid="unit-switched-on-or-off-by-remote-control/supervisor/standby/time-program">
			<value><getOid>.1.3.6.1.4.1.9839.2.1.1.85.0</getOid></value>
			<alarmFlagsTest match="1">
				<name>
					<activeText>Unit Switched ON or OFF by Remote Control/Supervisor/Standby/Time Program</activeText>
					<inactiveText>Unit Switched ON or OFF by Remote Control/Supervisor/Standby/Time Program Cleared</inactiveText>
				</name>
				<severity>warning</severity>
				<category>System</category>
				<description>
					<activeText>A Unit Switched ON or OFF by Remote Control/Supervisor/Standby/Time Program condition exists.</activeText>
					<inactiveText>A Unit Switched ON or OFF by Remote Control/Supervisor/Standby/Time Program condition no longer exists.</inactiveText>
				</description>
			</alarmFlagsTest>
		</alarmFlags>
		<alarmFlags ruleid="unit-force-on">
			<value><getOid>.1.3.6.1.4.1.9839.2.1.1.86.0</getOid></value>
			<alarmFlagsTest match="1">
				<name>
					<activeText>Unit Force ON</activeText>
					<inactiveText>Unit Force ON Cleared</inactiveText>
				</name>
				<severity>warning</severity>
				<category>System</category>
				<description>
					<activeText>A Unit Force ON condition exists.</activeText>
					<inactiveText>A Unit Force ON condition no longer exists.</inactiveText>
				</description>
			</alarmFlagsTest>
		</alarmFlags>
		<alarmFlags ruleid="unit-manual-mode">
			<value><getOid>.1.3.6.1.4.1.9839.2.1.1.87.0</getOid></value>
			<alarmFlagsTest match="1">
				<name>
					<activeText>Unit Manual Mode</activeText>
					<inactiveText>Unit Manual Mode Cleared</inactiveText>
				</name>
				<severity>warning</severity>
				<category>System</category>
				<description>
					<activeText>A Unit Manual Mode condition exists.</activeText>
					<inactiveText>A Unit Manual Mode condition no longer exists.</inactiveText>
				</description>
			</alarmFlagsTest>
		</alarmFlags>

	

    <enumMap ruleid="on-off-em">
      <label>Off</label>
      <label>On</label>
      <label>Unknown</label>
    </enumMap>

    <enumMap ruleid="normal-alarm-em">
      <label>Normal</label>
      <label>Alarm</label>
      <label>Unknown</label>
    </enumMap>

    <enumMap ruleid="unit-type-em">
      <label>STD Chiller</label>
      <label>Low Temp Chiller</label>
      <label>Chiller + Heat Rectifier</label>
      <label>Heat Pump</label>
      <label>Heat Pump + Heat Rectifier</label>
      <label>Chiller + Energy Saving</label>
      <label>Unknown</label>
    </enumMap>

    <enumMap ruleid="circ-pumps-em">
      <label>Zero</label>
      <label>One</label>
      <label>Two</label>
      <label>Unknown</label>
    </enumMap>

    <enumMap ruleid="comp-status-em">
      <label>Off</label>
      <label>On</label>
      <label>AL</label>
      <label>Pump Down</label>
      <label>Unknown</label>
    </enumMap>

    <enumMap ruleid="setpoint-mode-em">
      <label>STD Chiller</label>
      <label>T. Ext Compens.</label>
      <label>OPT SetP</label>
      <label>Setback SetP</label>
      <label>Remote Offset</label>
      <label>Unknown</label>
    </enumMap>

    <enumMap ruleid="num-standby-units-em">
      <label>One</label>
      <label>Two</label>
      <label>Unknown</label>
    </enumMap>

    <valueMap ruleid="on-off-vm">
      <valueIn>0</valueIn>  <valueOut>0</valueOut>
      <valueIn>1</valueIn>  <valueOut>1</valueOut>
      <valueIn>*</valueIn>  <valueOut>2</valueOut>
    </valueMap>

    <valueMap ruleid="normal-alarm-vm">
      <valueIn>0</valueIn>  <valueOut>0</valueOut>
      <valueIn>1</valueIn>  <valueOut>1</valueOut>
      <valueIn>*</valueIn>  <valueOut>2</valueOut>
    </valueMap>

    <valueMap ruleid="unit-type-vm">
      <valueIn>0</valueIn>  <valueOut>0</valueOut>
      <valueIn>1</valueIn>  <valueOut>1</valueOut>
      <valueIn>2</valueIn>  <valueOut>2</valueOut>
      <valueIn>3</valueIn>  <valueOut>3</valueOut>
      <valueIn>4</valueIn>  <valueOut>4</valueOut>
      <valueIn>5</valueIn>  <valueOut>5</valueOut>
      <valueIn>*</valueIn>  <valueOut>6</valueOut>
    </valueMap>

    <valueMap ruleid="circ-pumps-vm">
      <valueIn>0</valueIn>  <valueOut>0</valueOut>
      <valueIn>1</valueIn>  <valueOut>1</valueOut>
      <valueIn>2</valueIn>  <valueOut>2</valueOut>
      <valueIn>*</valueIn>  <valueOut>3</valueOut>
    </valueMap>

    <valueMap ruleid="comp-status-vm">
      <valueIn>0</valueIn>  <valueOut>0</valueOut>
      <valueIn>1</valueIn>  <valueOut>1</valueOut>
      <valueIn>2</valueIn>  <valueOut>2</valueOut>
      <valueIn>3</valueIn>  <valueOut>3</valueOut>
      <valueIn>*</valueIn>  <valueOut>4</valueOut>
    </valueMap>

    <valueMap ruleid="setpoint-mode-vm">
      <valueIn>0</valueIn>  <valueOut>0</valueOut>
      <valueIn>1</valueIn>  <valueOut>1</valueOut>
      <valueIn>2</valueIn>  <valueOut>2</valueOut>
      <valueIn>3</valueIn>  <valueOut>3</valueOut>
      <valueIn>4</valueIn>  <valueOut>4</valueOut>
      <valueIn>*</valueIn>  <valueOut>5</valueOut>
    </valueMap>

    <valueMap ruleid="num-standby-units-vm">
      <valueIn>0</valueIn>  <valueOut>0</valueOut>
      <valueIn>1</valueIn>  <valueOut>1</valueOut>
      <valueIn>*</valueIn>  <valueOut>2</valueOut>
    </valueMap>
    
    <enumMap ruleid="normal-notcompleted-em">
      <label>Normal</label>
      <label>Pump-down not completed</label>
      <label>Unknown</label>
    </enumMap>

    <valueMap ruleid="normal-notcompleted-vm">
      <valueIn>0</valueIn>  <valueOut>0</valueOut>
      <valueIn>1</valueIn>  <valueOut>1</valueOut>
      <valueIn>*</valueIn>  <valueOut>2</valueOut>
    </valueMap>


  </device>
</APC_DDF>

