<APC_DDF
	xmlns:xsi="http://www.w3.org/2001/XMLSchema-instance"
	xsi:noNamespaceSchemaLocation="http://localhost/ddf_schema/apc_ddf_1_6.xsd"
	ddfid="uniflair_lra_SNMP_chiller_imperial"
	ddfname="Uniflair LRA (Imperial Units)"
	ddfversion="1"
	canremove="yes">
	<schemaVersion>1.6</schemaVersion>
		  <device deviceid="uniflair_lra_SNMP_chiller__imperial_header">
   <oidMustExist ruleid="LRA" oid=".1.3.6.1.4.1.9839.2.1" istree="yes" />
    
    <suppressRule ruleid="suppresscorevendordata" suppressid="core/mib2data/vendordata"/>
       <suppressRule ruleid="suppresscoremodeldata" suppressid="core/mib2data/modeldata"/>
       <suppressRule ruleid="suppresscoretypedata" suppressid="core/mib2data/typedata"/>
    
    
    <setProductData ruleid="typedata" field="type">Cooling Device</setProductData>
    <setProductData ruleid="vendordata" field="vendor">Uniflair/Schneider-Electric</setProductData>
    <setProductData ruleid="modeldata" field="model">LRA</setProductData>
    
      
  </device>

  <device deviceid="uniflair_lra_SNMP_chiller_imperial_sensors">
      <oidMustExist ruleid="LRA" oid=".1.3.6.1.4.1.9839.2.1" istree="yes" />

		<stateSensor ruleid="system-on">
			<type>state</type>
			<sensorId>SYSTEM_ON</sensorId>
			<value>
				<getOid>.1.3.6.1.4.1.9839.2.1.1.1.0</getOid>
			</value>
			<label>System On</label>
			<enum>onOff-em</enum>
			<sensorSet>Status</sensorSet>
		</stateSensor>
		<stateSensor ruleid="compressor-1">
			<type>state</type>
			<sensorId>COMPRESSOR_1</sensorId>
			<value>
				<getOid>.1.3.6.1.4.1.9839.2.1.1.2.0</getOid>
			</value>
			<label>Compressor 1</label>
			<enum>onOff-em</enum>
			<sensorSet>Status</sensorSet>
		</stateSensor>
		<stateSensor ruleid="compressor-2">
			<type>state</type>
			<sensorId>COMPRESSOR_2</sensorId>
			<value>
				<getOid>.1.3.6.1.4.1.9839.2.1.1.3.0</getOid>
			</value>
			<label>Compressor 2</label>
			<enum>onOff-em</enum>
			<sensorSet>Status</sensorSet>
		</stateSensor>
		<stateSensor ruleid="condensing-regulation-active">
			<type>state</type>
			<sensorId>CONDENSING_REGULATION_ACTIVE</sensorId>
			<value>
				<getOid>.1.3.6.1.4.1.9839.2.1.1.4.0</getOid>
			</value>
			<label>Condensing Regulation Active</label>
			<enum>onOff-em</enum>
			<sensorSet>Status</sensorSet>
		</stateSensor>
		<stateSensor ruleid="antifreeze-heaters">
			<type>state</type>
			<sensorId>ANTIFREEZE_HEATERS</sensorId>
			<value>
				<getOid>.1.3.6.1.4.1.9839.2.1.1.7.0</getOid>
			</value>
			<label>Antifreeze Heaters</label>
			<enum>onOff-em</enum>
			<sensorSet>Status</sensorSet>
		</stateSensor>
		<stateSensor ruleid="circuit-defrost-(heat-pump-only)">
			<type>state</type>
			<sensorId>CIRCUIT_DEFROST_(HEAT_PUMP_ONLY)</sensorId>
			<value>
				<getOid>.1.3.6.1.4.1.9839.2.1.1.8.0</getOid>
			</value>
			<label>Circuit Defrost (Heat Pump only)</label>
			<enum>onOff-em</enum>
			<sensorSet>Status</sensorSet>
		</stateSensor>
		<stateSensor ruleid="winter-mode-(heat-pump-only)">
			<type>state</type>
			<sensorId>WINTER_MODE_(HEAT_PUMP_ONLY)</sensorId>
			<value>
				<getOid>.1.3.6.1.4.1.9839.2.1.1.10.0</getOid>
			</value>
			<label>Winter Mode (Heat Pump only)</label>
			<enum>onOff-em</enum>
			<sensorSet>Status</sensorSet>
		</stateSensor>
		  <stateSensor ruleid="general-alarm-state_Sensor">
      <type>state</type>
      <sensorId>general-alarm-state</sensorId>
      <value>
        <mapValue mapid="normal-alarm-vm">
            <getOid>.1.3.6.1.4.1.9839.2.1.1.56.0</getOid>
        </mapValue>
      </value>
      <label>General-alarm-state</label>
      <enum>normal-alarm-em</enum>
      <sensorSet>Digital</sensorSet>
    </stateSensor>
    
     <stateSensor ruleid="second-level-alarm-state-Sensor">
      <type>state</type>
      <sensorId>second-level-alarm-state</sensorId>
      <value>
        <mapValue mapid="normal-alarm-vm">
            <getOid>.1.3.6.1.4.1.9839.2.1.1.57.0</getOid>
        </mapValue>
      </value>
      <label>Second-level-alarm-state</label>
      <enum>normal-alarm-em</enum>
      <sensorSet>Digital</sensorSet>
    </stateSensor>

		
		
		
		<alarmFlags ruleid="wrong-password-alarm">
			<value><getOid>.1.3.6.1.4.1.9839.2.1.1.19.0</getOid></value>
			<alarmFlagsTest match="1">
				<name>
					<activeText>Wrong Password Alarm</activeText>
					<inactiveText>Wrong Password Alarm Cleared</inactiveText>
				</name>
				<severity>warning</severity>
				<category>System</category>
				<description>
					<activeText>A Wrong Password Alarm condition exists.</activeText>
					<inactiveText>A Wrong Password Alarm condition no longer exists.</inactiveText>
				</description>
			</alarmFlagsTest>
		</alarmFlags>
		<alarmFlags ruleid="water-inlet-high-temperature-alarm">
			<value><getOid>.1.3.6.1.4.1.9839.2.1.1.20.0</getOid></value>
			<alarmFlagsTest match="1">
				<name>
					<activeText>Water Inlet High Temperature Alarm</activeText>
					<inactiveText>Water Inlet High Temperature Alarm Cleared</inactiveText>
				</name>
				<severity>warning</severity>
				<category>System</category>
				<description>
					<activeText>A Water Inlet High Temperature Alarm condition exists.</activeText>
					<inactiveText>A Water Inlet High Temperature Alarm condition no longer exists.</inactiveText>
				</description>
			</alarmFlagsTest>
		</alarmFlags>
		<alarmFlags ruleid="water-inlet-low-temperature-alarm">
			<value><getOid>.1.3.6.1.4.1.9839.2.1.1.21.0</getOid></value>
			<alarmFlagsTest match="1">
				<name>
					<activeText>Water Inlet Low Temperature Alarm</activeText>
					<inactiveText>Water Inlet Low Temperature Alarm Cleared</inactiveText>
				</name>
				<severity>warning</severity>
				<category>System</category>
				<description>
					<activeText>A Water Inlet Low Temperature Alarm condition exists.</activeText>
					<inactiveText>A Water Inlet Low Temperature Alarm condition no longer exists.</inactiveText>
				</description>
			</alarmFlagsTest>
		</alarmFlags>
		<alarmFlags ruleid="loss-of-water-flow-alarm">
			<value><getOid>.1.3.6.1.4.1.9839.2.1.1.22.0</getOid></value>
			<alarmFlagsTest match="1">
				<name>
					<activeText>Loss of Water Flow Alarm</activeText>
					<inactiveText>Loss of Water Flow Alarm Cleared</inactiveText>
				</name>
				<severity>warning</severity>
				<category>System</category>
				<description>
					<activeText>A Loss of Water Flow Alarm condition exists.</activeText>
					<inactiveText>A Loss of Water Flow Alarm condition no longer exists.</inactiveText>
				</description>
			</alarmFlagsTest>
		</alarmFlags>
		<alarmFlags ruleid="low-pressure-prealarm-(auto-reset)">
			<value><getOid>.1.3.6.1.4.1.9839.2.1.1.23.0</getOid></value>
			<alarmFlagsTest match="1">
				<name>
					<activeText>Low Pressure Prealarm (Auto Reset)</activeText>
					<inactiveText>Low Pressure Prealarm (Auto Reset) Cleared</inactiveText>
				</name>
				<severity>warning</severity>
				<category>System</category>
				<description>
					<activeText>A Low Pressure Prealarm (Auto Reset) condition exists.</activeText>
					<inactiveText>A Low Pressure Prealarm (Auto Reset) condition no longer exists.</inactiveText>
				</description>
			</alarmFlagsTest>
		</alarmFlags>
		<alarmFlags ruleid="low-pressure-alarm">
			<value><getOid>.1.3.6.1.4.1.9839.2.1.1.24.0</getOid></value>
			<alarmFlagsTest match="1">
				<name>
					<activeText>Low Pressure Alarm</activeText>
					<inactiveText>Low Pressure Alarm Cleared</inactiveText>
				</name>
				<severity>warning</severity>
				<category>System</category>
				<description>
					<activeText>A Low Pressure Alarm condition exists.</activeText>
					<inactiveText>A Low Pressure Alarm condition no longer exists.</inactiveText>
				</description>
			</alarmFlagsTest>
		</alarmFlags>
		<alarmFlags ruleid="high-pressure-alarm">
			<value><getOid>.1.3.6.1.4.1.9839.2.1.1.25.0</getOid></value>
			<alarmFlagsTest match="1">
				<name>
					<activeText>High Pressure Alarm</activeText>
					<inactiveText>High Pressure Alarm Cleared</inactiveText>
				</name>
				<severity>warning</severity>
				<category>System</category>
				<description>
					<activeText>A High Pressure Alarm condition exists.</activeText>
					<inactiveText>A High Pressure Alarm condition no longer exists.</inactiveText>
				</description>
			</alarmFlagsTest>
		</alarmFlags>
		<alarmFlags ruleid="compressor-1-overload-alarm">
			<value><getOid>.1.3.6.1.4.1.9839.2.1.1.26.0</getOid></value>
			<alarmFlagsTest match="1">
				<name>
					<activeText>Compressor 1 Overload Alarm</activeText>
					<inactiveText>Compressor 1 Overload Alarm Cleared</inactiveText>
				</name>
				<severity>warning</severity>
				<category>System</category>
				<description>
					<activeText>A Compressor 1 Overload Alarm condition exists.</activeText>
					<inactiveText>A Compressor 1 Overload Alarm condition no longer exists.</inactiveText>
				</description>
			</alarmFlagsTest>
		</alarmFlags>
		<alarmFlags ruleid="compressor-2-overload-alarm">
			<value><getOid>.1.3.6.1.4.1.9839.2.1.1.27.0</getOid></value>
			<alarmFlagsTest match="1">
				<name>
					<activeText>Compressor 2 Overload Alarm</activeText>
					<inactiveText>Compressor 2 Overload Alarm Cleared</inactiveText>
				</name>
				<severity>warning</severity>
				<category>System</category>
				<description>
					<activeText>A Compressor 2 Overload Alarm condition exists.</activeText>
					<inactiveText>A Compressor 2 Overload Alarm condition no longer exists.</inactiveText>
				</description>
			</alarmFlagsTest>
		</alarmFlags>
		<alarmFlags ruleid="circulating-pump-loss-flow-alarm">
			<value><getOid>.1.3.6.1.4.1.9839.2.1.1.28.0</getOid></value>
			<alarmFlagsTest match="1">
				<name>
					<activeText>Circulating Pump Loss Flow Alarm</activeText>
					<inactiveText>Circulating Pump Loss Flow Alarm Cleared</inactiveText>
				</name>
				<severity>warning</severity>
				<category>System</category>
				<description>
					<activeText>A Circulating Pump Loss Flow Alarm condition exists.</activeText>
					<inactiveText>A Circulating Pump Loss Flow Alarm condition no longer exists.</inactiveText>
				</description>
			</alarmFlagsTest>
		</alarmFlags>
		<alarmFlags ruleid="circuit-antifreeze-alarm">
			<value><getOid>.1.3.6.1.4.1.9839.2.1.1.29.0</getOid></value>
			<alarmFlagsTest match="1">
				<name>
					<activeText>Circuit Antifreeze Alarm</activeText>
					<inactiveText>Circuit Antifreeze Alarm Cleared</inactiveText>
				</name>
				<severity>warning</severity>
				<category>System</category>
				<description>
					<activeText>A Circuit Antifreeze Alarm condition exists.</activeText>
					<inactiveText>A Circuit Antifreeze Alarm condition no longer exists.</inactiveText>
				</description>
			</alarmFlagsTest>
		</alarmFlags>
		<alarmFlags ruleid="interrupted-lan-alarm">
			<value><getOid>.1.3.6.1.4.1.9839.2.1.1.30.0</getOid></value>
			<alarmFlagsTest match="1">
				<name>
					<activeText>Interrupted LAN Alarm</activeText>
					<inactiveText>Interrupted LAN Alarm Cleared</inactiveText>
				</name>
				<severity>warning</severity>
				<category>System</category>
				<description>
					<activeText>A Interrupted LAN Alarm condition exists.</activeText>
					<inactiveText>A Interrupted LAN Alarm condition no longer exists.</inactiveText>
				</description>
			</alarmFlagsTest>
		</alarmFlags>
		<alarmFlags ruleid="water-inlet-temp_-sensor-failure/disconnected">
			<value><getOid>.1.3.6.1.4.1.9839.2.1.1.31.0</getOid></value>
			<alarmFlagsTest match="1">
				<name>
					<activeText>Water Inlet Temp. Sensor Failure/Disconnected</activeText>
					<inactiveText>Water Inlet Temp. Sensor Failure/Disconnected Cleared</inactiveText>
				</name>
				<severity>warning</severity>
				<category>System</category>
				<description>
					<activeText>A Water Inlet Temp. Sensor Failure/Disconnected condition exists.</activeText>
					<inactiveText>A Water Inlet Temp. Sensor Failure/Disconnected condition no longer exists.</inactiveText>
				</description>
			</alarmFlagsTest>
		</alarmFlags>
		<alarmFlags ruleid="water-outlet-temp_-sensor-failure/disconnected">
			<value><getOid>.1.3.6.1.4.1.9839.2.1.1.32.0</getOid></value>
			<alarmFlagsTest match="1">
				<name>
					<activeText>Water Outlet Temp. Sensor Failure/Disconnected</activeText>
					<inactiveText>Water Outlet Temp. Sensor Failure/Disconnected Cleared</inactiveText>
				</name>
				<severity>warning</severity>
				<category>System</category>
				<description>
					<activeText>A Water Outlet Temp. Sensor Failure/Disconnected condition exists.</activeText>
					<inactiveText>A Water Outlet Temp. Sensor Failure/Disconnected condition no longer exists.</inactiveText>
				</description>
			</alarmFlagsTest>
		</alarmFlags>
		<alarmFlags ruleid="outdoor-air-temp_-sensor-failure/disconnected">
			<value><getOid>.1.3.6.1.4.1.9839.2.1.1.33.0</getOid></value>
			<alarmFlagsTest match="1">
				<name>
					<activeText>Outdoor Air Temp. Sensor Failure/Disconnected</activeText>
					<inactiveText>Outdoor Air Temp. Sensor Failure/Disconnected Cleared</inactiveText>
				</name>
				<severity>warning</severity>
				<category>System</category>
				<description>
					<activeText>A Outdoor Air Temp. Sensor Failure/Disconnected condition exists.</activeText>
					<inactiveText>A Outdoor Air Temp. Sensor Failure/Disconnected condition no longer exists.</inactiveText>
				</description>
			</alarmFlagsTest>
		</alarmFlags>
		<alarmFlags ruleid="condensing-temp_-sensor-failure/disconnected">
			<value><getOid>.1.3.6.1.4.1.9839.2.1.1.34.0</getOid></value>
			<alarmFlagsTest match="1">
				<name>
					<activeText>Condensing Temp. Sensor Failure/Disconnected</activeText>
					<inactiveText>Condensing Temp. Sensor Failure/Disconnected Cleared</inactiveText>
				</name>
				<severity>warning</severity>
				<category>System</category>
				<description>
					<activeText>A Condensing Temp. Sensor Failure/Disconnected condition exists.</activeText>
					<inactiveText>A Condensing Temp. Sensor Failure/Disconnected condition no longer exists.</inactiveText>
				</description>
			</alarmFlagsTest>
		</alarmFlags>
		<stateSensor ruleid="circulating-pump-1">
			<type>state</type>
			<sensorId>CIRCULATING_PUMP_1</sensorId>
			<value>
				<getOid>.1.3.6.1.4.1.9839.2.1.1.35.0</getOid>
			</value>
			<label>Circulating Pump 1</label>
			<enum>onOff-em</enum>
			<sensorSet>Status</sensorSet>
		</stateSensor>
		<alarmFlags ruleid="compressor-1:-hour-counter-threshold-alarm">
			<value><getOid>.1.3.6.1.4.1.9839.2.1.1.53.0</getOid></value>
			<alarmFlagsTest match="1">
				<name>
					<activeText>Compressor 1: Hour Counter Threshold Alarm</activeText>
					<inactiveText>Compressor 1: Hour Counter Threshold Alarm Cleared</inactiveText>
				</name>
				<severity>warning</severity>
				<category>System</category>
				<description>
					<activeText>A Compressor 1: Hour Counter Threshold Alarm condition exists.</activeText>
					<inactiveText>A Compressor 1: Hour Counter Threshold Alarm condition no longer exists.</inactiveText>
				</description>
			</alarmFlagsTest>
		</alarmFlags>
		<alarmFlags ruleid="compressor-2:-hour-counter-threshold-alarm">
			<value><getOid>.1.3.6.1.4.1.9839.2.1.1.54.0</getOid></value>
			<alarmFlagsTest match="1">
				<name>
					<activeText>Compressor 2: Hour Counter Threshold Alarm</activeText>
					<inactiveText>Compressor 2: Hour Counter Threshold Alarm Cleared</inactiveText>
				</name>
				<severity>warning</severity>
				<category>System</category>
				<description>
					<activeText>A Compressor 2: Hour Counter Threshold Alarm condition exists.</activeText>
					<inactiveText>A Compressor 2: Hour Counter Threshold Alarm condition no longer exists.</inactiveText>
				</description>
			</alarmFlagsTest>
		</alarmFlags>
		<alarmFlags ruleid="circulating-pump:-hour-counter-threshold-alarm">
			<value><getOid>.1.3.6.1.4.1.9839.2.1.1.55.0</getOid></value>
			<alarmFlagsTest match="1">
				<name>
					<activeText>Circulating Pump: Hour Counter Threshold Alarm</activeText>
					<inactiveText>Circulating Pump: Hour Counter Threshold Alarm Cleared</inactiveText>
				</name>
				<severity>warning</severity>
				<category>System</category>
				<description>
					<activeText>A Circulating Pump: Hour Counter Threshold Alarm condition exists.</activeText>
					<inactiveText>A Circulating Pump: Hour Counter Threshold Alarm condition no longer exists.</inactiveText>
				</description>
			</alarmFlagsTest>
		</alarmFlags>
		<alarmFlags ruleid="general-alarm-state">
			<value><getOid>.1.3.6.1.4.1.9839.2.1.1.56.0</getOid></value>
			<alarmFlagsTest match="1">
				<name>
					<activeText>General Alarm State</activeText>
					<inactiveText>General Alarm State Cleared</inactiveText>
				</name>
				<severity>warning</severity>
				<category>System</category>
				<description>
					<activeText>A General Alarm State condition exists.</activeText>
					<inactiveText>A General Alarm State condition no longer exists.</inactiveText>
				</description>
			</alarmFlagsTest>
		</alarmFlags>
		<alarmFlags ruleid="second-level-alarm-state">
			<value><getOid>.1.3.6.1.4.1.9839.2.1.1.57.0</getOid></value>
			<alarmFlagsTest match="1">
				<name>
					<activeText>Second Level Alarm State</activeText>
					<inactiveText>Second Level Alarm State Cleared</inactiveText>
				</name>
				<severity>warning</severity>
				<category>System</category>
				<description>
					<activeText>A 2nd Level Alarm State condition exists.</activeText>
					<inactiveText>A 2nd Level Alarm State condition no longer exists.</inactiveText>
				</description>
			</alarmFlagsTest>
		</alarmFlags>
		<stateSensor ruleid="number-of-standby-units">
			<type>state</type>
			<sensorId>NUMBER_OF_STANDBY_UNITS</sensorId>
			<value>
				<getOid>.1.3.6.1.4.1.9839.2.1.1.67.0</getOid>
			</value>
			<label>Number of Standby Units</label>
			<enum>numUnits-em</enum>
			<sensorSet>Status</sensorSet>
		</stateSensor>
		<alarmFlags ruleid="operational-limits-of-evaporation">
			<value><getOid>.1.3.6.1.4.1.9839.2.1.1.68.0</getOid></value>
			<alarmFlagsTest match="1">
				<name>
					<activeText>Operational Limits of Evaporation</activeText>
					<inactiveText>Operational Limits of Evaporation Cleared</inactiveText>
				</name>
				<severity>warning</severity>
				<category>System</category>
				<description>
					<activeText>A Operational Limits of Evaporation condition exists.</activeText>
					<inactiveText>A Operational Limits of Evaporation condition no longer exists.</inactiveText>
				</description>
			</alarmFlagsTest>
		</alarmFlags>
		<alarmFlags ruleid="operational-limits-of-condensation">
			<value><getOid>.1.3.6.1.4.1.9839.2.1.1.69.0</getOid></value>
			<alarmFlagsTest match="1">
				<name>
					<activeText>Operational Limits of Condensation</activeText>
					<inactiveText>Operational Limits of Condensation Cleared</inactiveText>
				</name>
				<severity>warning</severity>
				<category>System</category>
				<description>
					<activeText>A Operational Limits of Condensation condition exists.</activeText>
					<inactiveText>A Operational Limits of Condensation condition no longer exists.</inactiveText>
				</description>
			</alarmFlagsTest>
		</alarmFlags>
		<alarmFlags ruleid="circuit-compressor-malfunction">
			<value><getOid>.1.3.6.1.4.1.9839.2.1.1.71.0</getOid></value>
			<alarmFlagsTest match="1">
				<name>
					<activeText>Circuit Compressor Malfunction</activeText>
					<inactiveText>Circuit Compressor Malfunction Cleared</inactiveText>
				</name>
				<severity>warning</severity>
				<category>System</category>
				<description>
					<activeText>A Circuit Compressor Malfunction condition exists.</activeText>
					<inactiveText>A Circuit Compressor Malfunction condition no longer exists.</inactiveText>
				</description>
			</alarmFlagsTest>
		</alarmFlags>
		<alarmFlags ruleid="high-condensing-temperature">
			<value><getOid>.1.3.6.1.4.1.9839.2.1.1.72.0</getOid></value>
			<alarmFlagsTest match="1">
				<name>
					<activeText>High Condensing Temperature</activeText>
					<inactiveText>High Condensing Temperature Cleared</inactiveText>
				</name>
				<severity>warning</severity>
				<category>System</category>
				<description>
					<activeText>A High Condensing Temperature condition exists.</activeText>
					<inactiveText>A High Condensing Temperature condition no longer exists.</inactiveText>
				</description>
			</alarmFlagsTest>
		</alarmFlags>
		<alarmFlags ruleid="circuit-compressor-operative-limits">
			<value><getOid>.1.3.6.1.4.1.9839.2.1.1.73.0</getOid></value>
			<alarmFlagsTest match="1">
				<name>
					<activeText>Circuit Compressor Operative Limits</activeText>
					<inactiveText>Circuit Compressor Operative Limits Cleared</inactiveText>
				</name>
				<severity>warning</severity>
				<category>System</category>
				<description>
					<activeText>A Circuit Compressor Operative Limits condition exists.</activeText>
					<inactiveText>A Circuit Compressor Operative Limits condition no longer exists.</inactiveText>
				</description>
			</alarmFlagsTest>
		</alarmFlags>
		<alarmFlags ruleid="defrost-limits">
			<value><getOid>.1.3.6.1.4.1.9839.2.1.1.74.0</getOid></value>
			<alarmFlagsTest match="1">
				<name>
					<activeText>Defrost Limits</activeText>
					<inactiveText>Defrost Limits Cleared</inactiveText>
				</name>
				<severity>warning</severity>
				<category>System</category>
				<description>
					<activeText>A Defrost Limits condition exists.</activeText>
					<inactiveText>A Defrost Limits condition no longer exists.</inactiveText>
				</description>
			</alarmFlagsTest>
		</alarmFlags>

		<numSensor ruleid="water-outlet-temperature">
			<type>temp</type>
			<sensorId>WATER_OUTLET_TEMPERATURE</sensorId>
			<value>
				<div>
				<op>
					<sub>
					<op><getOid>.1.3.6.1.4.1.9839.2.1.2.1.0</getOid></op>
					<op>320</op>
					</sub>
				</op>
				<op>18</op>
				</div>
			</value>
			<valueInc>0.1</valueInc>
			<label>Water Outlet Temperature</label>
			<sensorSet>Analog</sensorSet>
		</numSensor>
		<numSensor ruleid="water-outlet-temperature-(regulator)">
			<type>temp</type>
			<sensorId>WATER_OUTLET_TEMPERATURE_(REGULATOR)</sensorId>
			<value>
				<div>
				<op>
					<sub>
					<op><getOid>.1.3.6.1.4.1.9839.2.1.2.2.0</getOid></op>
					<op>320</op>
					</sub>
				</op>
				<op>18</op>
				</div>
			</value>
			<valueInc>0.1</valueInc>
			<label>Water Outlet Temperature (Regulator)</label>
			<sensorSet>Analog</sensorSet>
		</numSensor>
		<numSensor ruleid="water-inlet-temperature">
			<type>temp</type>
			<sensorId>WATER_INLET_TEMPERATURE</sensorId>
			<value>
				<div>
				<op>
					<sub>
					<op><getOid>.1.3.6.1.4.1.9839.2.1.2.3.0</getOid></op>
					<op>320</op>
					</sub>
				</op>
				<op>18</op>
				</div>
			</value>
			<valueInc>0.1</valueInc>
			<label>Water Inlet Temperature</label>
			<sensorSet>Analog</sensorSet>
		</numSensor>
		<numSensor ruleid="outdoor-air-temperature">
			<type>temp</type>
			<sensorId>OUTDOOR_AIR_TEMPERATURE</sensorId>
			<value>
				<div>
				<op>
					<sub>
					<op><getOid>.1.3.6.1.4.1.9839.2.1.2.4.0</getOid></op>
					<op>320</op>
					</sub>
				</op>
				<op>18</op>
				</div>
			</value>
			<valueInc>0.1</valueInc>
			<label>Outdoor Air Temperature</label>
			<sensorSet>Analog</sensorSet>
		</numSensor>
		<numSensor ruleid="condensing-temperature">
			<type>temp</type>
			<sensorId>CONDENSING_TEMPERATURE</sensorId>
			<value>
				<div>
				<op>
					<sub>
					<op><getOid>.1.3.6.1.4.1.9839.2.1.2.5.0</getOid></op>
					<op>320</op>
					</sub>
				</op>
				<op>18</op>
				</div>
			</value>
			<valueInc>0.1</valueInc>
			<label>Condensing Temperature</label>
			<sensorSet>Analog</sensorSet>
		</numSensor>
		<numSensor ruleid="suction-pressure">
			<type>pressure</type>
			<sensorId>SUCTION_PRESSURE</sensorId>
			<value>
				<mult>
				<op><getOid>.1.3.6.1.4.1.9839.2.1.2.6.0</getOid></op>
				<op>1.45037738</op>
				</mult>
			</value>
			<valueInc>1</valueInc>
			<label>Suction Pressure</label>
			<sensorSet>Analog</sensorSet>
		</numSensor>
		<numSensor ruleid="evaporating-temperature">
			<type>temp</type>
			<sensorId>EVAPORATING_TEMPERATURE</sensorId>
			<value>
				<div>
				<op>
					<sub>
					<op><getOid>.1.3.6.1.4.1.9839.2.1.2.7.0</getOid></op>
					<op>320</op>
					</sub>
				</op>
				<op>18</op>
				</div>
			</value>
			<valueInc>0.1</valueInc>
			<label>Evaporating Temperature</label>
			<sensorSet>Analog</sensorSet>
		</numSensor>
		<numSensor ruleid="suction-temperature">
			<type>temp</type>
			<sensorId>SUCTION_TEMPERATURE</sensorId>
			<value>
				<div>
				<op>
					<sub>
					<op><getOid>.1.3.6.1.4.1.9839.2.1.2.8.0</getOid></op>
					<op>320</op>
					</sub>
				</op>
				<op>18</op>
				</div>
			</value>
			<valueInc>0.1</valueInc>
			<label>Suction Temperature</label>
			<sensorSet>Analog</sensorSet>
		</numSensor>
		<numSensor ruleid="fan-speed-modulation">
			<type>num</type>
			<units>percent</units>
			<sensorId>FAN_SPEED_MODULATION</sensorId>
			<value>
				<mult>
				<op><getOid>.1.3.6.1.4.1.9839.2.1.2.9.0</getOid></op>
				<op>0.1</op>
				</mult>
			</value>
			<valueInc>0.1</valueInc>
			<label>Fan Speed Modulation</label>
			<sensorSet>Analog</sensorSet>
		</numSensor>
		<numSensor ruleid="regulation-ramp">
			<type>temp</type>
			<sensorId>REGULATION_RAMP</sensorId>
			<value>
				<div>
				<op>
					<sub>
					<op><getOid>.1.3.6.1.4.1.9839.2.1.2.10.0</getOid></op>
					<op>320</op>
					</sub>
				</op>
				<op>18</op>
				</div>
			</value>
			<valueInc>0.1</valueInc>
			<label>Regulation Ramp</label>
			<sensorSet>Analog</sensorSet>
		</numSensor>
		<numSensor ruleid="real-superheat">
			<type>temp</type>
			<sensorId>REAL_SUPERHEAT</sensorId>
			<value>
				<div>
				<op>
					<sub>
					<op><getOid>.1.3.6.1.4.1.9839.2.1.2.11.0</getOid></op>
					<op>320</op>
					</sub>
				</op>
				<op>18</op>
				</div>
			</value>
			<valueInc>0.1</valueInc>
			<label>Real Superheat</label>
			<sensorSet>Analog</sensorSet>
		</numSensor>
		<numSensor ruleid="actual-superheat-circuit">
			<type>temp</type>
			<sensorId>ACTUAL_SUPERHEAT_CIRCUIT</sensorId>
			<value>
				<div>
				<op>
					<sub>
					<op><getOid>.1.3.6.1.4.1.9839.2.1.2.12.0</getOid></op>
					<op>320</op>
					</sub>
				</op>
				<op>18</op>
				</div>
			</value>
			<valueInc>0.1</valueInc>
			<label>Actual Superheat Circuit</label>
			<sensorSet>Analog</sensorSet>
		</numSensor>
		<numSensor ruleid="delivery-water-temp_-actual-setpoint">
			<type>temp</type>
			<sensorId>DELIVERY_WATER_TEMP__ACTUAL_SETPOINT</sensorId>
			<value>
				<div>
				<op>
					<sub>
					<op><getOid>.1.3.6.1.4.1.9839.2.1.2.15.0</getOid></op>
					<op>320</op>
					</sub>
				</op>
				<op>18</op>
				</div>
			</value>
			<valueInc>0.1</valueInc>
			<label>Delivery Water Temp. Actual Setpoint</label>
			<sensorSet>Analog</sensorSet>
		</numSensor>
		<numSensor ruleid="delivery-water-temp_-max-hysteresi">
			<type>temp</type>
			<sensorId>DELIVERY_WATER_TEMP__MAX_HYSTERESI</sensorId>
			<value>
				<div>
				<op>
					<sub>
					<op><getOid>.1.3.6.1.4.1.9839.2.1.2.16.0</getOid></op>
					<op>320</op>
					</sub>
				</op>
				<op>18</op>
				</div>
			</value>
			<valueInc>0.1</valueInc>
			<label>Delivery Water Temp. Max Hysteresi</label>
			<sensorSet>Analog</sensorSet>
		</numSensor>
		<numSensor ruleid="sending-variables-offset">
			<type>temp</type>
			<sensorId>SENDING_VARIABLES_OFFSET</sensorId>
			<value>
				<div>
				<op>
					<sub>
					<op><getOid>.1.3.6.1.4.1.9839.2.1.2.17.0</getOid></op>
					<op>320</op>
					</sub>
				</op>
				<op>18</op>
				</div>
			</value>
			<valueInc>0.1</valueInc>
			<label>Sending Variables Offset</label>
			<sensorSet>Analog</sensorSet>
		</numSensor>
		<numSensor ruleid="delivery-water-temp_-summer-std-setpoint">
			<type>temp</type>
			<sensorId>DELIVERY_WATER_TEMP__SUMMER_STD_SETPOINT</sensorId>
			<value>
				<div>
				<op>
					<sub>
					<op><getOid>.1.3.6.1.4.1.9839.2.1.2.18.0</getOid></op>
					<op>320</op>
					</sub>
				</op>
				<op>18</op>
				</div>
			</value>
			<valueInc>0.1</valueInc>
			<label>Delivery Water Temp. Summer STD Setpoint</label>
			<sensorSet>Analog</sensorSet>
		</numSensor>
		<numSensor ruleid="delivery-water-temp_-summer-opt-setpoint">
			<type>temp</type>
			<sensorId>DELIVERY_WATER_TEMP__SUMMER_OPT_SETPOINT</sensorId>
			<value>
				<div>
				<op>
					<sub>
					<op><getOid>.1.3.6.1.4.1.9839.2.1.2.19.0</getOid></op>
					<op>320</op>
					</sub>
				</op>
				<op>18</op>
				</div>
			</value>
			<valueInc>0.1</valueInc>
			<label>Delivery Water Temp. Summer OPT Setpoint</label>
			<sensorSet>Analog</sensorSet>
		</numSensor>
		<numSensor ruleid="delivery-water-temp_-summer-setback-mode-setpoint">
			<type>temp</type>
			<sensorId>DELIVERY_WATER_TEMP__SUMMER_SETBACK_MODE_SETPOINT</sensorId>
			<value>
				<div>
				<op>
					<sub>
					<op><getOid>.1.3.6.1.4.1.9839.2.1.2.20.0</getOid></op>
					<op>320</op>
					</sub>
				</op>
				<op>18</op>
				</div>
			</value>
			<valueInc>0.1</valueInc>
			<label>Delivery Water Temp. Summer Setback Mode Setpoint</label>
			<sensorSet>Analog</sensorSet>
		</numSensor>
		<numSensor ruleid="delivery-water-temp_-winter-setpoint">
			<type>temp</type>
			<sensorId>DELIVERY_WATER_TEMP__WINTER_SETPOINT</sensorId>
			<value>
				<div>
				<op>
					<sub>
					<op><getOid>.1.3.6.1.4.1.9839.2.1.2.21.0</getOid></op>
					<op>320</op>
					</sub>
				</op>
				<op>18</op>
				</div>
			</value>
			<valueInc>0.1</valueInc>
			<label>Delivery Water Temp. Winter Setpoint</label>
			<sensorSet>Analog</sensorSet>
		</numSensor>
		<numSensor ruleid="delivery-water-temp_-winter-setback-mode-setpoint">
			<type>temp</type>
			<sensorId>DELIVERY_WATER_TEMP__WINTER_SETBACK_MODE_SETPOINT</sensorId>
			<value>
				<div>
				<op>
					<sub>
					<op><getOid>.1.3.6.1.4.1.9839.2.1.2.22.0</getOid></op>
					<op>320</op>
					</sub>
				</op>
				<op>18</op>
				</div>
			</value>
			<valueInc>0.1</valueInc>
			<label>Delivery Water Temp. Winter Setback Mode Setpoint</label>
			<sensorSet>Analog</sensorSet>
		</numSensor>
		<numSensor ruleid="cw-inlet-high-temp_-alarm-threshold">
			<type>temp</type>
			<sensorId>CW_INLET_HIGH_TEMP__ALARM_THRESHOLD</sensorId>
			<value>
				<div>
				<op>
					<sub>
					<op><getOid>.1.3.6.1.4.1.9839.2.1.2.23.0</getOid></op>
					<op>320</op>
					</sub>
				</op>
				<op>18</op>
				</div>
			</value>
			<valueInc>0.1</valueInc>
			<label>CW Inlet High Temp. Alarm Threshold</label>
			<sensorSet>Analog</sensorSet>
		</numSensor>
		<numSensor ruleid="cw-inlet-low-temp_-alarm-threshold">
			<type>temp</type>
			<sensorId>CW_INLET_LOW_TEMP__ALARM_THRESHOLD</sensorId>
			<value>
				<div>
				<op>
					<sub>
					<op><getOid>.1.3.6.1.4.1.9839.2.1.2.24.0</getOid></op>
					<op>320</op>
					</sub>
				</op>
				<op>18</op>
				</div>
			</value>
			<valueInc>0.1</valueInc>
			<label>CW Inlet Low Temp. Alarm Threshold</label>
			<sensorSet>Analog</sensorSet>
		</numSensor>
		<numSensor ruleid="hw-inlet-high-temp_-alarm-threshold">
			<type>temp</type>
			<sensorId>HW_INLET_HIGH_TEMP__ALARM_THRESHOLD</sensorId>
			<value>
				<div>
				<op>
					<sub>
					<op><getOid>.1.3.6.1.4.1.9839.2.1.2.25.0</getOid></op>
					<op>320</op>
					</sub>
				</op>
				<op>18</op>
				</div>
			</value>
			<valueInc>0.1</valueInc>
			<label>HW Inlet High Temp. Alarm Threshold</label>
			<sensorSet>Analog</sensorSet>
		</numSensor>
		<numSensor ruleid="hw-inlet-low-temp_-alarm-threshold">
			<type>temp</type>
			<sensorId>HW_INLET_LOW_TEMP__ALARM_THRESHOLD</sensorId>
			<value>
				<div>
				<op>
					<sub>
					<op><getOid>.1.3.6.1.4.1.9839.2.1.2.26.0</getOid></op>
					<op>320</op>
					</sub>
				</op>
				<op>18</op>
				</div>
			</value>
			<valueInc>0.1</valueInc>
			<label>HW Inlet Low Temp. Alarm Threshold</label>
			<sensorSet>Analog</sensorSet>
		</numSensor>
		<numSensor ruleid="summer-t_ext-compens_:-p1-t_ext_-setpoint">
			<type>temp</type>
			<sensorId>SUMMER_T_EXT_COMPENS_:_P1_T_EXT__SETPOINT</sensorId>
			<value>
				<div>
				<op>
					<sub>
					<op><getOid>.1.3.6.1.4.1.9839.2.1.2.27.0</getOid></op>
					<op>320</op>
					</sub>
				</op>
				<op>18</op>
				</div>
			</value>
			<valueInc>0.1</valueInc>
			<label>Summer T.Ext Compens.: P1 T.Ext. Setpoint</label>
			<sensorSet>Analog</sensorSet>
		</numSensor>
		<numSensor ruleid="summer-t_ext-compens_:-p2-t_wout_-setpoint">
			<type>temp</type>
			<sensorId>SUMMER_T_EXT_COMPENS_:_P2_T_WOUT__SETPOINT</sensorId>
			<value>
				<div>
				<op>
					<sub>
					<op><getOid>.1.3.6.1.4.1.9839.2.1.2.28.0</getOid></op>
					<op>320</op>
					</sub>
				</op>
				<op>18</op>
				</div>
			</value>
			<valueInc>0.1</valueInc>
			<label>Summer T.Ext Compens.: P2 T.Wout. Setpoint</label>
			<sensorSet>Analog</sensorSet>
		</numSensor>
		<numSensor ruleid="summer-t_ext-compens_:-p2-t_ext_-setpoint">
			<type>temp</type>
			<sensorId>SUMMER_T_EXT_COMPENS_:_P2_T_EXT__SETPOINT</sensorId>
			<value>
				<div>
				<op>
					<sub>
					<op><getOid>.1.3.6.1.4.1.9839.2.1.2.29.0</getOid></op>
					<op>320</op>
					</sub>
				</op>
				<op>18</op>
				</div>
			</value>
			<valueInc>0.1</valueInc>
			<label>Summer T.Ext Compens.: P2 T.Ext. Setpoint</label>
			<sensorSet>Analog</sensorSet>
		</numSensor>
		<numSensor ruleid="winter-t_ext-compens_:-p1-t_ext_-setpoint">
			<type>temp</type>
			<sensorId>WINTER_T_EXT_COMPENS_:_P1_T_EXT__SETPOINT</sensorId>
			<value>
				<div>
				<op>
					<sub>
					<op><getOid>.1.3.6.1.4.1.9839.2.1.2.30.0</getOid></op>
					<op>320</op>
					</sub>
				</op>
				<op>18</op>
				</div>
			</value>
			<valueInc>0.1</valueInc>
			<label>Winter T.Ext Compens.: P1 T.Ext. Setpoint</label>
			<sensorSet>Analog</sensorSet>
		</numSensor>
		<numSensor ruleid="winter-t_ext-compens_:-p2-t_wout_-setpoint">
			<type>temp</type>
			<sensorId>WINTER_T_EXT_COMPENS_:_P2_T_WOUT__SETPOINT</sensorId>
			<value>
				<div>
				<op>
					<sub>
					<op><getOid>.1.3.6.1.4.1.9839.2.1.2.31.0</getOid></op>
					<op>320</op>
					</sub>
				</op>
				<op>18</op>
				</div>
			</value>
			<valueInc>0.1</valueInc>
			<label>Winter T.Ext Compens.: P2 T.Wout. Setpoint</label>
			<sensorSet>Analog</sensorSet>
		</numSensor>
		<numSensor ruleid="winter-t_ext-compens_:-p2-t_ext_-setpoint">
			<type>temp</type>
			<sensorId>WINTER_T_EXT_COMPENS_:_P2_T_EXT__SETPOINT</sensorId>
			<value>
				<div>
				<op>
					<sub>
					<op><getOid>.1.3.6.1.4.1.9839.2.1.2.32.0</getOid></op>
					<op>320</op>
					</sub>
				</op>
				<op>18</op>
				</div>
			</value>
			<valueInc>0.1</valueInc>
			<label>Winter T.Ext Compens.: P2 T.Ext. Setpoint</label>
			<sensorSet>Analog</sensorSet>
		</numSensor>
		<numSensor ruleid="automatic-switch-summer/winter---external-temperature-on-winter">
			<type>temp</type>
			<sensorId>AUTOMATIC_SWITCH_SUMMER/WINTER_-_EXTERNAL_TEMPERATURE_ON_WINTER</sensorId>
			<value>
				<div>
				<op>
					<sub>
					<op><getOid>.1.3.6.1.4.1.9839.2.1.2.33.0</getOid></op>
					<op>320</op>
					</sub>
				</op>
				<op>18</op>
				</div>
			</value>
			<valueInc>0.1</valueInc>
			<label>Automatic Switch Summer/Winter - External Temperature on Winter</label>
			<sensorSet>Analog</sensorSet>
		</numSensor>
		<numSensor ruleid="automatic-switch-summer/winter---external-temperature-on-summer">
			<type>temp</type>
			<sensorId>AUTOMATIC_SWITCH_SUMMER/WINTER_-_EXTERNAL_TEMPERATURE_ON_SUMMER</sensorId>
			<value>
				<div>
				<op>
					<sub>
					<op><getOid>.1.3.6.1.4.1.9839.2.1.2.34.0</getOid></op>
					<op>320</op>
					</sub>
				</op>
				<op>18</op>
				</div>
			</value>
			<valueInc>0.1</valueInc>
			<label>Automatic Switch Summer/Winter - External Temperature on Summer</label>
			<sensorSet>Analog</sensorSet>
		</numSensor>
		<valueMap ruleid="binaryDefaultZero-vm">
			<valueIn>0</valueIn><valueOut>0</valueOut>
			<valueIn>1</valueIn><valueOut>1</valueOut>
			<valueIn>*</valueIn><valueOut>*</valueOut>
		</valueMap>
		<enumMap ruleid="onOff-em">
			<label>Off</label>
			<label>On</label>
		</enumMap>
		<enumMap ruleid="numUnits-em">
			<label>One</label>
			<label>Two</label>
		</enumMap>

		<numSensor ruleid="compressor-1-hour-counter">
			<type>timeinhrs</type>
			<sensorId>COMPRESSOR_1_HOUR_COUNTER</sensorId>
			<value>
				<getOid>.1.3.6.1.4.1.9839.2.1.3.1.0</getOid>
			</value>
			<valueInc>1</valueInc>
			<label>Compressor 1 Hour Counter</label>
			<sensorSet>Integer</sensorSet>
		</numSensor>
		<numSensor ruleid="compressor-2-hour-counter">
			<type>timeinhrs</type>
			<sensorId>COMPRESSOR_2_HOUR_COUNTER</sensorId>
			<value>
				<getOid>.1.3.6.1.4.1.9839.2.1.3.2.0</getOid>
			</value>
			<valueInc>1</valueInc>
			<label>Compressor 2 Hour Counter</label>
			<sensorSet>Integer</sensorSet>
		</numSensor>
		<numSensor ruleid="circulating-pump-1-hour-counter">
			<type>timeinhrs</type>
			<sensorId>CIRCULATING_PUMP_1_HOUR_COUNTER</sensorId>
			<value>
				<getOid>.1.3.6.1.4.1.9839.2.1.3.3.0</getOid>
			</value>
			<valueInc>1</valueInc>
			<label>Circulating Pump 1 Hour Counter</label>
			<sensorSet>Integer</sensorSet>
		</numSensor>
		<numSensor ruleid="compressor-1-starting-counter">
			<type>num</type>
			<sensorId>COMPRESSOR_1_STARTING_COUNTER</sensorId>
			<value>
				<add>
				<op><getOid>.1.3.6.1.4.1.9839.2.1.3.4.0</getOid></op>
				<op>
					<mult>
					<op><getOid>.1.3.6.1.4.1.9839.2.1.3.5.0</getOid></op>
					<op>10000</op>
					</mult>
				</op>
				</add>
			</value>
			<valueInc>1</valueInc>
			<label>Compressor 1 Starting Counter</label>
			<sensorSet>Integer</sensorSet>
		</numSensor>
		<numSensor ruleid="compressor-2-starting-counter">
			<type>num</type>
			<sensorId>COMPRESSOR_2_STARTING_COUNTER</sensorId>
			<value>
				<add>
				<op><getOid>.1.3.6.1.4.1.9839.2.1.3.6.0</getOid></op>
				<op>
					<mult>
					<op><getOid>.1.3.6.1.4.1.9839.2.1.3.7.0</getOid></op>
					<op>10000</op>
					</mult>
				</op>
				</add>
			</value>
			<valueInc>1</valueInc>
			<label>Compressor 2 Starting Counter</label>
			<sensorSet>Integer</sensorSet>
		</numSensor>
		<numSensor ruleid="circuit-defrost-counter">
			<type>num</type>
			<sensorId>CIRCUIT_DEFROST_COUNTER</sensorId>
			<value>
				<add>
				<op><getOid>.1.3.6.1.4.1.9839.2.1.3.8.0</getOid></op>
				<op>
					<mult>
					<op><getOid>.1.3.6.1.4.1.9839.2.1.3.9.0</getOid></op>
					<op>10000</op>
					</mult>
				</op>
				</add>
			</value>
			<valueInc>1</valueInc>
			<label>Circuit Defrost Counter</label>
			<sensorSet>Integer</sensorSet>
		</numSensor>
		<numSensor ruleid="non-performing-defrost-counter">
			<type>num</type>
			<sensorId>NON-PERFORMING_DEFROST_COUNTER</sensorId>
			<value>
				<add>
				<op><getOid>.1.3.6.1.4.1.9839.2.1.3.10.0</getOid></op>
				<op>
					<mult>
					<op><getOid>.1.3.6.1.4.1.9839.2.1.3.11.0</getOid></op>
					<op>10000</op>
					</mult>
				</op>
				</add>
			</value>
			<valueInc>1</valueInc>
			<label>Non-Performing Defrost Counter</label>
			<sensorSet>Integer</sensorSet>
		</numSensor>

		<stateSensor ruleid="unit-type">
			<type>state</type>
			<sensorId>UNIT_TYPE</sensorId>
			<value>
				<mapValue mapid="unitType-vm">
				<getOid>.1.3.6.1.4.1.9839.2.1.3.24.0</getOid>
				</mapValue>
			</value>
			<label>Unit Type</label>
			<enum>unitType-em</enum>
			<sensorSet>Status</sensorSet>
		</stateSensor>
		<valueMap ruleid="unitType-vm">
			<valueIn>0</valueIn><valueOut>0</valueOut>
			<valueIn>1</valueIn><valueOut>1</valueOut>
			<valueIn>2</valueIn><valueOut>2</valueOut>
			<valueIn>*</valueIn><valueOut>3</valueOut>
		</valueMap>
		<enumMap ruleid="unitType-em">
			<label>Std. Chiller</label>
			<label>Technologic Use Chiller</label>
			<label>Heat Pump</label>
			<label>Unknown</label>
		</enumMap>

		<numSensor ruleid="position-valve">
			<type>num</type>
			<sensorId>POSITION_VALVE</sensorId>
			<value>
				<getOid>.1.3.6.1.4.1.9839.2.1.3.25.0</getOid>
			</value>
			<valueInc>1</valueInc>
			<label>Position Valve</label>
			<sensorSet>Integer</sensorSet>
		</numSensor>
		<numSensor ruleid="total-units-connected-in-lan">
			<type>num</type>
			<sensorId>TOTAL_UNITS_CONNECTED_IN_LAN</sensorId>
			<value>
				<getOid>.1.3.6.1.4.1.9839.2.1.3.26.0</getOid>
			</value>
			<valueInc>1</valueInc>
			<label>Total Units Connected in LAN</label>
			<sensorSet>Integer</sensorSet>
		</numSensor>

		<valueMap ruleid="status-vm">
			<valueIn>0</valueIn><valueOut>0</valueOut>
			<valueIn>1</valueIn><valueOut>1</valueOut>
			<valueIn>2</valueIn><valueOut>2</valueOut>
			<valueIn>3</valueIn><valueOut>3</valueOut>
			<valueIn>*</valueIn><valueOut>4</valueOut>
		</valueMap>
		<enumMap ruleid="status-em">
			<label>Off</label>
			<label>On</label>
			<label>Alarm</label>
			<label>Pump Down</label>
			<label>Unknown</label>
		</enumMap>
		<stateSensor ruleid="compressor-1-status">
			<type>state</type>
			<sensorId>COMPRESSOR_1_STATUS</sensorId>
			<value>
				<mapValue mapid="status-vm">
				<getOid>.1.3.6.1.4.1.9839.2.1.3.27.0</getOid>
				</mapValue>
			</value>
			<label>Compressor 1 Status</label>
			<enum>status-em</enum>
			<sensorSet>Status</sensorSet>
		</stateSensor>
		<stateSensor ruleid="compressor-2-status">
			<type>state</type>
			<sensorId>COMPRESSOR_2_STATUS</sensorId>
			<value>
				<mapValue mapid="status-vm">
				<getOid>.1.3.6.1.4.1.9839.2.1.3.28.0</getOid>
				</mapValue>
			</value>
			<label>Compressor 2 Status</label>
			<enum>status-em</enum>
			<sensorSet>Status</sensorSet>
		</stateSensor>
		<stateSensor ruleid="pump-1-status">
			<type>state</type>
			<sensorId>PUMP_1_STATUS</sensorId>
			<value>
				<mapValue mapid="status-vm">
				<getOid>.1.3.6.1.4.1.9839.2.1.3.29.0</getOid>
				</mapValue>
			</value>
			<label>Pump 1 Status</label>
			<enum>status-em</enum>
			<sensorSet>Status</sensorSet>
		</stateSensor>

		<stateSensor ruleid="actual-setpoint-mode">
			<type>state</type>
			<sensorId>ACTUAL_SETPOINT_MODE</sensorId>
			<value>
				<getOid>.1.3.6.1.4.1.9839.2.1.3.30.0</getOid>
			</value>
			<label>Actual Setpoint Mode</label>
			<enum>setptMode-em</enum>
			<sensorSet>Status</sensorSet>
		</stateSensor>
		<valueMap ruleid="setptMode-vm">
			<valueIn>0</valueIn><valueOut>0</valueOut>
			<valueIn>1</valueIn><valueOut>1</valueOut>
			<valueIn>2</valueIn><valueOut>2</valueOut>
			<valueIn>3</valueIn><valueOut>3</valueOut>
			<valueIn>4</valueIn><valueOut>4</valueOut>
			<valueIn>*</valueIn><valueOut>5</valueOut>
		</valueMap>
		<enumMap ruleid="setptMode-em">
			<label>Standard</label>
			<label>T.ext Compens.</label>
			<label>OPT Setpoint</label>
			<label>Setback Setpoint</label>
			<label>Remote Offset</label>
			<label>Unknown</label>
		</enumMap>
		
		<numSensor ruleid="last-defrost-length">
			<type>timeinsec</type>
			<sensorId>LAST_DEFROST_LENGTH</sensorId>
			<value>
				<getOid>.1.3.6.1.4.1.9839.2.1.3.32.0</getOid>
			</value>
			<valueInc>1</valueInc>
			<label>Last Defrost Length</label>
			<sensorSet>Integer</sensorSet>
		</numSensor>
		<numSensor ruleid="restart-delay">
			<type>timeinsec</type>
			<sensorId>RESTART_DELAY</sensorId>
			<value>
				<getOid>.1.3.6.1.4.1.9839.2.1.3.33.0</getOid>
			</value>
			<valueInc>1</valueInc>
			<label>Restart Delay</label>
			<sensorSet>Integer</sensorSet>
		</numSensor>
		<numSensor ruleid="regulation-start-transitory">
			<type>timeinsec</type>
			<sensorId>REGULATION_START_TRANSITORY</sensorId>
			<value>
				<getOid>.1.3.6.1.4.1.9839.2.1.3.34.0</getOid>
			</value>
			<valueInc>1</valueInc>
			<label>Regulation Start Transitory</label>
			<sensorSet>Integer</sensorSet>
		</numSensor>
		<numSensor ruleid="low-pressure-delay">
			<type>timeinsec</type>
			<sensorId>LOW_PRESSURE_DELAY</sensorId>
			<value>
				<getOid>.1.3.6.1.4.1.9839.2.1.3.35.0</getOid>
			</value>
			<valueInc>1</valueInc>
			<label>Low Pressure Delay</label>
			<sensorSet>Integer</sensorSet>
		</numSensor>
		<numSensor ruleid="water-high/low-temp_-alarm-delay">
			<type>timeinmin</type>
			<sensorId>WATER_HIGH/LOW_TEMP__ALARM_DELAY</sensorId>
			<value>
				<getOid>.1.3.6.1.4.1.9839.2.1.3.36.0</getOid>
			</value>
			<valueInc>1</valueInc>
			<label>Water High/Low Temp. Alarm Delay</label>
			<sensorSet>Integer</sensorSet>
		</numSensor>
		<numSensor ruleid="automatic-switch-summer/winter---delay-on-winter">
			<type>timeinmin</type>
			<sensorId>AUTOMATIC_SWITCH_SUMMER/WINTER_-_DELAY_ON_WINTER</sensorId>
			<value>
				<getOid>.1.3.6.1.4.1.9839.2.1.3.60.0</getOid>
			</value>
			<valueInc>1</valueInc>
			<label>Automatic Switch Summer/Winter - Delay On Winter</label>
			<sensorSet>Integer</sensorSet>
		</numSensor>
		<numSensor ruleid="automatic-switch-summer/winter---delay-on-summer">
			<type>timeinmin</type>
			<sensorId>AUTOMATIC_SWITCH_SUMMER/WINTER_-_DELAY_ON_SUMMER</sensorId>
			<value>
				<getOid>.1.3.6.1.4.1.9839.2.1.3.61.0</getOid>
			</value>
			<valueInc>1</valueInc>
			<label>Automatic Switch Summer/Winter - Delay On Summer</label>
			<sensorSet>Integer</sensorSet>
		</numSensor>
		

    <enumMap ruleid="on-off-em">
      <label>Off</label>
      <label>On</label>
      <label>Unknown</label>
    </enumMap>

    <enumMap ruleid="normal-alarm-em">
      <label>Normal</label>
      <label>Alarm</label>
      <label>Unknown</label>
    </enumMap>

    <enumMap ruleid="unit-type-em">
      <label>STD Chiller</label>
      <label>Low Temp Chiller</label>
      <label>Chiller + Heat Rectifier</label>
      <label>Heat Pump</label>
      <label>Heat Pump + Heat Rectifier</label>
      <label>Chiller + Energy Saving</label>
      <label>Unknown</label>
    </enumMap>

    <enumMap ruleid="circ-pumps-em">
      <label>Zero</label>
      <label>One</label>
      <label>Two</label>
      <label>Unknown</label>
    </enumMap>

    <enumMap ruleid="comp-status-em">
      <label>Off</label>
      <label>On</label>
      <label>AL</label>
      <label>Pump Down</label>
      <label>Unknown</label>
    </enumMap>

    <enumMap ruleid="setpoint-mode-em">
      <label>STD Chiller</label>
      <label>T. Ext Compens.</label>
      <label>OPT SetP</label>
      <label>Setback SetP</label>
      <label>Remote Offset</label>
      <label>Unknown</label>
    </enumMap>

    <enumMap ruleid="num-standby-units-em">
      <label>One</label>
      <label>Two</label>
      <label>Unknown</label>
    </enumMap>

    <valueMap ruleid="on-off-vm">
      <valueIn>0</valueIn>  <valueOut>0</valueOut>
      <valueIn>1</valueIn>  <valueOut>1</valueOut>
      <valueIn>*</valueIn>  <valueOut>2</valueOut>
    </valueMap>

    <valueMap ruleid="normal-alarm-vm">
      <valueIn>0</valueIn>  <valueOut>0</valueOut>
      <valueIn>1</valueIn>  <valueOut>1</valueOut>
      <valueIn>*</valueIn>  <valueOut>2</valueOut>
    </valueMap>

    <valueMap ruleid="unit-type-vm">
      <valueIn>0</valueIn>  <valueOut>0</valueOut>
      <valueIn>1</valueIn>  <valueOut>1</valueOut>
      <valueIn>2</valueIn>  <valueOut>2</valueOut>
      <valueIn>3</valueIn>  <valueOut>3</valueOut>
      <valueIn>4</valueIn>  <valueOut>4</valueOut>
      <valueIn>5</valueIn>  <valueOut>5</valueOut>
      <valueIn>*</valueIn>  <valueOut>6</valueOut>
    </valueMap>

    <valueMap ruleid="circ-pumps-vm">
      <valueIn>0</valueIn>  <valueOut>0</valueOut>
      <valueIn>1</valueIn>  <valueOut>1</valueOut>
      <valueIn>2</valueIn>  <valueOut>2</valueOut>
      <valueIn>*</valueIn>  <valueOut>3</valueOut>
    </valueMap>

    <valueMap ruleid="comp-status-vm">
      <valueIn>0</valueIn>  <valueOut>0</valueOut>
      <valueIn>1</valueIn>  <valueOut>1</valueOut>
      <valueIn>2</valueIn>  <valueOut>2</valueOut>
      <valueIn>3</valueIn>  <valueOut>3</valueOut>
      <valueIn>*</valueIn>  <valueOut>4</valueOut>
    </valueMap>

    <valueMap ruleid="setpoint-mode-vm">
      <valueIn>0</valueIn>  <valueOut>0</valueOut>
      <valueIn>1</valueIn>  <valueOut>1</valueOut>
      <valueIn>2</valueIn>  <valueOut>2</valueOut>
      <valueIn>3</valueIn>  <valueOut>3</valueOut>
      <valueIn>4</valueIn>  <valueOut>4</valueOut>
      <valueIn>*</valueIn>  <valueOut>5</valueOut>
    </valueMap>

    <valueMap ruleid="num-standby-units-vm">
      <valueIn>0</valueIn>  <valueOut>0</valueOut>
      <valueIn>1</valueIn>  <valueOut>1</valueOut>
      <valueIn>*</valueIn>  <valueOut>2</valueOut>
    </valueMap>

		
		
		
	</device>
</APC_DDF>
