; Device 77000
Object_Type,Object_Instance,Object_Name,Description,Event_Enable,Issue_Confirmed_Notifications,Ack_Required,Time_Delay,Notification_Class,Priority,Units,Limit_Enable,High_Limit,Low_Limit,Deadband,COV_Increment,ReadWriteCommandable,Relinquish_Default,Alarm_Custom,Alarm_Property,Alarm_OutOfRange,Alarm_Normal,Alarm_Fault,Alarm_HighLimit,Alarm_LowLimit
analog-value,1,TEMP_WOUT,WATER OUT TEMPERATURE,FFF,F,F,0,0,1,degrees-celsius,FF,0.000000,0.000000,0.000000,0.000000,W,0.000000,F,Off,,0.000000,F,,
analog-value,2,TEMP_WIN,WATER INPUT TEMPERATURE,FFF,F,F,0,0,1,degrees-celsius,FF,0.000000,0.000000,0.000000,0.000000,R,0.000000,T,,tion_Class,Priority,Units,Limit_Enable,High_Limit
analog-value,3,PRESS_DISCHC_DBAR,REFRIGERANT DISCHARGE PRESSURE/COND. WATER INPUT TEMPERATURE,FFF,F,F,0,0,1,bars,FF,0.000000,0.000000,0.000000,0.000000,R,0.000000,T,,riority,Units,Limit_Enable,High_Limit,Low_Limit
analog-value,4,PRESS_EVAP_DBAR,EVAPORATOR REFRIGERANT PRESSURE/COND. WATER OUTPUT TEMPERATURE,FFF,F,F,0,0,1,bars,FF,0.000000,0.000000,0.000000,0.000000,R,0.000000,T,,iority,Units,Limit_Enable,High_Limit,Low_Limit
analog-value,5,TEMP_EVAP,COMPRESSOR 1  EVAPORATOR TEMPERATURE,FFF,F,F,0,0,1,degrees-celsius,FF,0.000000,0.000000,0.000000,0.000000,R,0.000000,T,,iority,Units,Limit_Enable,High_Limit,Low_Limit
analog-value,6,TEMP_EVAP_C2,COMPRESSOR 2  EVAPORATOR TEMPERATURE,FFF,F,F,0,0,1,degrees-celsius,FF,0.000000,0.000000,0.000000,0.000000,R,0.000000,T,,iority,Units,Limit_Enable,High_Limit,Low_Limit
analog-value,7,TEMP_EVAP_C3,COMPRESSOR 3  EVAPORATOR TEMPERATURE,FFF,F,F,0,0,1,degrees-celsius,FF,0.000000,0.000000,0.000000,0.000000,R,0.000000,T,,iority,Units,Limit_Enable,High_Limit,Low_Limit
analog-value,8,TEMP_EVAP_C4,COMPRESSOR 4  EVAPORATOR TEMPERATURE,FFF,F,F,0,0,1,degrees-celsius,FF,0.000000,0.000000,0.000000,0.000000,R,0.000000,T,,iority,Units,Limit_Enable,High_Limit,Low_Limit
analog-value,9,TEMP_COND,COMPRESSOR 1  CONDENSING TEMPERATURE,FFF,F,F,0,0,1,degrees-celsius,FF,0.000000,0.000000,0.000000,0.000000,R,0.000000,T,,iority,Units,Limit_Enable,High_Limit,Low_Limit
analog-value,10,TEMP_COND_C2,COMPRESSOR 2  CONDENSING TEMPERATURE,FFF,F,F,0,0,1,degrees-celsius,FF,0.000000,0.000000,0.000000,0.000000,R,0.000000,T,,ority,Units,Limit_Enable,High_Limit,Low_Limit
analog-value,11,TEMP_COND_C3,COMPRESSOR 3  CONDENSING TEMPERATURE,FFF,F,F,0,0,1,degrees-celsius,FF,0.000000,0.000000,0.000000,0.000000,R,0.000000,T,,ority,Units,Limit_Enable,High_Limit,Low_Limit
analog-value,12,TEMP_COND_C4,COMPRESSOR 4  CONDENSING TEMPERATURE,FFF,F,F,0,0,1,degrees-celsius,FF,0.000000,0.000000,0.000000,0.000000,R,0.000000,T,,ority,Units,Limit_Enable,High_Limit,Low_Limit
analog-value,13,TEMP_LIQ,LIQUID TEMPERATURE,FFF,F,F,0,0,1,degrees-celsius,FF,0.000000,0.000000,0.000000,0.000000,R,0.000000,T,,000,R,0.000000,F,
analog-value,14,T_COND_PCO,LIQUID SATURATED TEMPERATURE,FFF,F,F,0,0,1,degrees-celsius,FF,0.000000,0.000000,0.000000,0.000000,R,0.000000,T,,0000,F,,ority,Units
analog-value,15,SUBCOOLING,SUBCOOLING,FFF,F,F,0,0,1,degrees-celsius,FF,0.000000,0.000000,0.000000,0.000000,R,0.000000,T,,000,R,0.000000,F,
analog-value,16,SUPERHEAT,COMPRESSORE 1 SUPERHEAT,FFF,F,F,0,0,1,degrees-celsius,FF,0.000000,0.000000,0.000000,0.000000,R,0.000000,T,,0,F,,0000,F
analog-value,17,SUPERHEAT_C2,COMPRESSORE 2 SUPERHEAT,FFF,F,F,0,0,1,degrees-celsius,FF,0.000000,0.000000,0.000000,0.000000,R,0.000000,T,,0,F,,0000,F
analog-value,18,SUPERHEAT_C3,COMPRESSORE 3 SUPERHEAT,FFF,F,F,0,0,1,degrees-celsius,FF,0.000000,0.000000,0.000000,0.000000,R,0.000000,T,,0,F,,0000,F
analog-value,19,SUPERHEAT_C4,COMPRESSORE 4 SUPERHEAT,FFF,F,F,0,0,1,degrees-celsius,FF,0.000000,0.000000,0.000000,0.000000,R,0.000000,T,,0,F,,0000,F
analog-value,20,SUCT_PRESS,COMPRESSOR 1  EVAPORATOR PRESSURE,FFF,F,F,0,0,1,kilopascals,FF,0.000000,0.000000,0.000000,0.000000,R,0.000000,T,,000,F,,ority,Units
analog-value,21,SUCT_PRESS_C2,COMPRESSOR 2  EVAPORATOR PRESSURE,FFF,F,F,0,0,1,kilopascals,FF,0.000000,0.000000,0.000000,0.000000,R,0.000000,T,,000,F,,ority,Units
analog-value,22,SUCT_PRESS_C3,COMPRESSOR 3  EVAPORATOR PRESSURE,FFF,F,F,0,0,1,kilopascals,FF,0.000000,0.000000,0.000000,0.000000,R,0.000000,T,,000,F,,ority,Units
analog-value,23,SUCT_PRESS_C4,COMPRESSOR 4  EVAPORATOR PRESSURE,FFF,F,F,0,0,1,kilopascals,FF,0.000000,0.000000,0.000000,0.000000,R,0.000000,T,,000,F,,ority,Units
analog-value,24,DISCH_PRESS,COMPRESSOR 1  CONDENSING PRESSURE,FFF,F,F,0,0,1,kilopascals,FF,0.000000,0.000000,0.000000,0.000000,R,0.000000,T,,000,F,,ority,Units
analog-value,25,DISCH_PRESS_C2,COMPRESSOR 2  CONDENSING PRESSURE,FFF,F,F,0,0,1,kilopascals,FF,0.000000,0.000000,0.000000,0.000000,R,0.000000,T,,000,F,,ority,Units
analog-value,26,DISCH_PRESS_C3,COMPRESSOR 3  CONDENSING PRESSURE,FFF,F,F,0,0,1,kilopascals,FF,0.000000,0.000000,0.000000,0.000000,R,0.000000,T,,000,F,,ority,Units
analog-value,27,DISCH_PRESS_C4,COMPRESSOR 4  CONDENSING PRESSURE,FFF,F,F,0,0,1,kilopascals,FF,0.000000,0.000000,0.000000,0.000000,R,0.000000,T,,000,F,,ority,Units
analog-value,28,PRESS_CONDC,LIQUID PRESSURE,FFF,F,F,0,0,1,kilopascals,FF,0.000000,0.000000,0.000000,0.000000,R,0.000000,T,,000,R,0.000000,F,
analog-value,29,DISCH_TEMP,COMPRESSORE 1 DISCHARGE TEMPERATURE,FFF,F,F,0,0,1,degrees-celsius,FF,0.000000,0.000000,0.000000,0.000000,R,0.000000,T,,,ority,Units,Limit_Enable,High_Limit
analog-value,30,DISCH_TEMP_C2,COMPRESSORE 2 DISCHARGE TEMPERATURE,FFF,F,F,0,0,1,degrees-celsius,FF,0.000000,0.000000,0.000000,0.000000,R,0.000000,T,,,ority,Units,Limit_Enable,High_Limit
analog-value,31,DISCH_TEMP_C3,COMPRESSORE 3 DISCHARGE TEMPERATURE,FFF,F,F,0,0,1,degrees-celsius,FF,0.000000,0.000000,0.000000,0.000000,R,0.000000,T,,,ority,Units,Limit_Enable,High_Limit
analog-value,32,DISCH_TEMP_C4,COMPRESSORE 4 DISCHARGE TEMPERATURE,FFF,F,F,0,0,1,degrees-celsius,FF,0.000000,0.000000,0.000000,0.000000,R,0.000000,T,,,ority,Units,Limit_Enable,High_Limit
analog-value,33,SCR_TEMP,COMPRESSORE 1 SCR TEMPERATURE,FFF,F,F,0,0,1,degrees-celsius,FF,0.000000,0.000000,0.000000,0.000000,R,0.000000,T,,00,F,,,ority
analog-value,34,SCR_TEMP_C2,COMPRESSORE 2 SCR TEMPERATURE,FFF,F,F,0,0,1,degrees-celsius,FF,0.000000,0.000000,0.000000,0.000000,R,0.000000,T,,00,F,,,ority
analog-value,35,SCR_TEMP_C3,COMPRESSORE 3 SCR TEMPERATURE,FFF,F,F,0,0,1,degrees-celsius,FF,0.000000,0.000000,0.000000,0.000000,R,0.000000,T,,00,F,,,ority
analog-value,36,SCR_TEMP_C4,COMPRESSORE 4 SCR TEMPERATURE,FFF,F,F,0,0,1,degrees-celsius,FF,0.000000,0.000000,0.000000,0.000000,R,0.000000,T,,00,F,,,ority
analog-value,37,CAV_TEMP,COMPRESSORE 1 CAVITY TEMPERATURE,FFF,F,F,0,0,1,degrees-celsius,FF,0.000000,0.000000,0.000000,0.000000,R,0.000000,T,,F,,,ority,Units
analog-value,38,CAV_TEMP_C2,COMPRESSORE 2 CAVITY TEMPERATURE,FFF,F,F,0,0,1,degrees-celsius,FF,0.000000,0.000000,0.000000,0.000000,R,0.000000,T,,F,,,ority,Units
analog-value,39,CAV_TEMP_C3,COMPRESSORE 3 CAVITY TEMPERATURE,FFF,F,F,0,0,1,degrees-celsius,FF,0.000000,0.000000,0.000000,0.000000,R,0.000000,T,,F,,,ority,Units
analog-value,40,CAV_TEMP_C4,COMPRESSORE 4 CAVITY TEMPERATURE,FFF,F,F,0,0,1,degrees-celsius,FF,0.000000,0.000000,0.000000,0.000000,R,0.000000,T,,F,,,ority,Units
analog-value,41,BMC_TEMP,COMPRESSORE 1 BMC TEMPERATURE,FFF,F,F,0,0,1,degrees-celsius,FF,0.000000,0.000000,0.000000,0.000000,R,0.000000,T,,F,,F,,
analog-value,42,BMC_TEMP_C2,COMPRESSORE 2 BMC TEMPERATURE,FFF,F,F,0,0,1,degrees-celsius,FF,0.000000,0.000000,0.000000,0.000000,R,0.000000,T,,F,,F,,
analog-value,43,BMC_TEMP_C3,COMPRESSORE 3 BMC TEMPERATURE,FFF,F,F,0,0,1,degrees-celsius,FF,0.000000,0.000000,0.000000,0.000000,R,0.000000,T,,F,,F,,
analog-value,44,BMC_TEMP_C4,COMPRESSORE 4 BMC TEMPERATURE,FFF,F,F,0,0,1,degrees-celsius,FF,0.000000,0.000000,0.000000,0.000000,R,0.000000,T,,F,,F,,
analog-value,45,BPL_TEMP,COMPRESSORE 1 BACKPLANE PCB,FFF,F,F,0,0,1,degrees-celsius,FF,0.000000,0.000000,0.000000,0.000000,R,0.000000,T,,,,F,,F
analog-value,46,BPL_TEMP_C2,COMPRESSORE 2 BACKPLANE PCB,FFF,F,F,0,0,1,degrees-celsius,FF,0.000000,0.000000,0.000000,0.000000,R,0.000000,T,,,,F,,F
analog-value,47,BPL_TEMP_C3,COMPRESSORE 3 BACKPLANE PCB,FFF,F,F,0,0,1,degrees-celsius,FF,0.000000,0.000000,0.000000,0.000000,R,0.000000,T,,,,F,,F
analog-value,48,BPL_TEMP_C4,COMPRESSORE 4 BACKPLANE PCB,FFF,F,F,0,0,1,degrees-celsius,FF,0.000000,0.000000,0.000000,0.000000,R,0.000000,T,,,,F,,F
analog-value,49,INVERTER_TEMP,COMPRESSOR 1 INVERTER TEMPERATURE,FFF,F,F,0,0,1,degrees-celsius,FF,0.000000,0.000000,0.000000,0.000000,R,0.000000,T,,,,,ority,Units
analog-value,50,INVERTER_TEMP_C2,COMPRESSOR 2 INVERTER TEMPERATURE,FFF,F,F,0,0,1,degrees-celsius,FF,0.000000,0.000000,0.000000,0.000000,R,0.000000,T,,,,,ority,Units
analog-value,51,INVERTER_TEMP_C3,COMPRESSOR 3 INVERTER TEMPERATURE,FFF,F,F,0,0,1,degrees-celsius,FF,0.000000,0.000000,0.000000,0.000000,R,0.000000,T,,,,,ority,Units
analog-value,52,INVERTER_TEMP_C4,COMPRESSOR 4 INVERTER TEMPERATURE,FFF,F,F,0,0,1,degrees-celsius,FF,0.000000,0.000000,0.000000,0.000000,R,0.000000,T,,,,,ority,Units
analog-value,53,COOL_REQUEST,COMPRESSOR 1 POWER DEMAND,FFF,F,F,0,0,1,kilowatts,FF,0.000000,0.000000,0.000000,0.000000,R,0.000000,T,,R,0.000000,F,,
analog-value,54,COOL_REQUEST_C2,COMPRESSOR 2 POWER DEMAND,FFF,F,F,0,0,1,kilowatts,FF,0.000000,0.000000,0.000000,0.000000,R,0.000000,T,,R,0.000000,F,,
analog-value,55,COOL_REQUEST_C3,COMPRESSOR 3 POWER DEMAND,FFF,F,F,0,0,1,kilowatts,FF,0.000000,0.000000,0.000000,0.000000,R,0.000000,T,,R,0.000000,F,,
analog-value,56,COOL_REQUEST_C4,COMPRESSOR 4 POWER DEMAND,FFF,F,F,0,0,1,kilowatts,FF,0.000000,0.000000,0.000000,0.000000,R,0.000000,T,,R,0.000000,F,,
analog-value,57,IGV,COMPRESSOR 1 INLET GUIDE VANE,FFF,F,F,0,0,1,percent,FF,0.000000,0.000000,0.000000,0.000000,R,0.000000,T,,0.000000,F,,,
analog-value,58,IGV_C2,COMPRESSOR 2 INLET GUIDE VANE,FFF,F,F,0,0,1,percent,FF,0.000000,0.000000,0.000000,0.000000,R,0.000000,T,,0.000000,F,,,
analog-value,59,IGV_C3,COMPRESSOR 3 INLET GUIDE VANE,FFF,F,F,0,0,1,percent,FF,0.000000,0.000000,0.000000,0.000000,R,0.000000,T,,0.000000,F,,,
analog-value,60,IGV_C4,COMPRESSOR 4 INLET GUIDE VANE,FFF,F,F,0,0,1,percent,FF,0.000000,0.000000,0.000000,0.000000,R,0.000000,T,,0.000000,F,,,
analog-value,61,EXV1_POS,COMPR. 1 ELECTRONIC VALVE POSITION,FFF,F,F,0,0,1,percent,FF,0.000000,0.000000,0.000000,0.000000,R,0.000000,T,,000,F,,,
analog-value,62,EXV1_POS_C2,COMPR. 2 ELECTRONIC VALVE POSITION,FFF,F,F,0,0,1,percent,FF,0.000000,0.000000,0.000000,0.000000,R,0.000000,T,,000,F,,,
analog-value,63,EXV1_POS_C3,COMPR. 3 ELECTRONIC VALVE POSITION,FFF,F,F,0,0,1,percent,FF,0.000000,0.000000,0.000000,0.000000,R,0.000000,T,,000,F,,,
analog-value,64,EXV1_POS_C4,COMPR. 4 ELECTRONIC VALVE POSITION,FFF,F,F,0,0,1,percent,FF,0.000000,0.000000,0.000000,0.000000,R,0.000000,T,,000,F,,,
analog-value,65,EVAP_LEVEL_M,EVAPORATOR ACTUAL LEVEL,FFF,F,F,0,0,1,percent,FF,0.000000,0.000000,0.000000,0.000000,R,0.000000,T,,.000000,F,,000,F
analog-value,66,MAIN_POWER,COMPRESSORE 1 ACTUAL POWER DEMAND,FFF,F,F,0,0,1,kilowatts,FF,0.000000,0.000000,0.000000,0.000000,R,0.000000,T,,00,F,,,
analog-value,67,MAIN_POWER_C2,COMPRESSORE 2 ACTUAL POWER DEMAND,FFF,F,F,0,0,1,kilowatts,FF,0.000000,0.000000,0.000000,0.000000,R,0.000000,T,,00,F,,,
analog-value,68,MAIN_POWER_C3,COMPRESSORE 3 ACTUAL POWER DEMAND,FFF,F,F,0,0,1,kilowatts,FF,0.000000,0.000000,0.000000,0.000000,R,0.000000,T,,00,F,,,
analog-value,69,MAIN_POWER_C4,COMPRESSORE 4 ACTUAL POWER DEMAND,FFF,F,F,0,0,1,kilowatts,FF,0.000000,0.000000,0.000000,0.000000,R,0.000000,T,,00,F,,,
analog-value,70,MOTOR_KW,COMPRESSORE 1 ACTUAL POWER ABSORBED,FFF,F,F,0,0,1,kilowatts,FF,0.000000,0.000000,0.000000,0.000000,R,0.000000,T,,,F,,,
analog-value,71,MOTOR_KW_C2,COMPRESSORE 2 ACTUAL POWER ABSORBED,FFF,F,F,0,0,1,kilowatts,FF,0.000000,0.000000,0.000000,0.000000,R,0.000000,T,,,F,,,
analog-value,72,MOTOR_KW_C3,COMPRESSORE 3 ACTUAL POWER ABSORBED,FFF,F,F,0,0,1,kilowatts,FF,0.000000,0.000000,0.000000,0.000000,R,0.000000,T,,,F,,,
analog-value,73,MOTOR_KW_C4,COMPRESSORE 4 ACTUAL POWER ABSORBED,FFF,F,F,0,0,1,kilowatts,FF,0.000000,0.000000,0.000000,0.000000,R,0.000000,T,,,F,,,
analog-value,74,EARTHCURR,COMPRESSOR 1 EARTH CURRENT,FFF,F,F,0,0,1,amperes,FF,0.000000,0.000000,0.000000,0.000000,R,0.000000,T,,.000000,F,,,F
analog-value,75,EARTHCURR_C2,COMPRESSOR 2 EARTH CURRENT,FFF,F,F,0,0,1,amperes,FF,0.000000,0.000000,0.000000,0.000000,R,0.000000,T,,.000000,F,,,F
analog-value,76,EARTHCURR_C3,COMPRESSOR 3 EARTH CURRENT,FFF,F,F,0,0,1,amperes,FF,0.000000,0.000000,0.000000,0.000000,R,0.000000,T,,.000000,F,,,F
analog-value,77,EARTHCURR_C4,COMPRESSOR 4 EARTH CURRENT,FFF,F,F,0,0,1,amperes,FF,0.000000,0.000000,0.000000,0.000000,R,0.000000,T,,.000000,F,,,F
analog-value,78,T_SET_E,SUMMER SETPOINT,FFF,F,F,0,0,1,degrees-celsius,FF,23.000000,6.000000,0.000000,0.000000,W,0.000000,T,,,,.000000,F,
analog-value,79,T_SET_D,SUMMER SECOND SETPOINT,FFF,F,F,0,0,1,degrees-celsius,FF,23.000000,6.000000,0.000000,0.000000,W,0.000000,T,,00,F,,,F
analog-value,80,T_SET_SM,DEL.WATER T. SUMMER SETBACK MODE SETP.,FFF,F,F,0,0,1,degrees-celsius,FF,23.000000,6.000000,0.000000,0.000000,W,0.000000,T,,ty,Units,Limit_Enable,High_Limit,Low_Limit
analog-value,81,TEMP_HWIN,CONDENSER WATER INPUT,FFF,F,F,0,0,1,degrees-celsius,FF,0.000000,0.000000,0.000000,0.000000,R,0.000000,T,,000,W,0.000000,F,
analog-value,82,TEMP_HWOUT,CONDENSER WATER OUTPUT,FFF,F,F,0,0,1,degrees-celsius,FF,0.000000,0.000000,0.000000,0.000000,R,0.000000,T,,00,W,0.000000,F,
analog-value,83,SET_HT_WIN_E,CW INLET HIGH TEMP. ALARM THRESHOLD,FFF,F,F,0,0,1,degrees-celsius,FF,-15.000000,35.000000,0.000000,0.000000,W,0.000000,T,,,ty,Units,Limit_Enable,High_Limit
analog-value,84,SET_LT_WIN_E,CW INLET LOW TEMP. ALARM THRESHOLD,FFF,F,F,0,0,1,degrees-celsius,FF,-15.000000,35.000000,0.000000,0.000000,W,0.000000,T,,,,ty,Units,Limit_Enable
analog-value,85,OFS_SPV,OFFSET SUPERVISOR,FFF,F,F,0,0,1,no-units,FF,0.000000,0.000000,0.000000,0.000000,W,0.000000,T,,000,0.000000,W,0.000000,F
analog-value,86,A086,Analog variable 86,FFF,F,F,0,0,1,no-units,FF,0.000000,0.000000,0.000000,0.000000,W,0.000000,F,,,,,,
analog-value,87,A087,Analog variable 87,FFF,F,F,0,0,1,no-units,FF,0.000000,0.000000,0.000000,0.000000,W,0.000000,F,,,,,,
analog-value,88,A088,Analog variable 88,FFF,F,F,0,0,1,no-units,FF,0.000000,0.000000,0.000000,0.000000,W,0.000000,F,,,,,,
analog-value,89,A089,Analog variable 89,FFF,F,F,0,0,1,no-units,FF,0.000000,0.000000,0.000000,0.000000,W,0.000000,F,,,,,,
analog-value,90,A090,Analog variable 90,FFF,F,F,0,0,1,no-units,FF,0.000000,0.000000,0.000000,0.000000,W,0.000000,F,,,,,,
analog-value,91,A091,Analog variable 91,FFF,F,F,0,0,1,no-units,FF,0.000000,0.000000,0.000000,0.000000,W,0.000000,F,,,,,,
analog-value,92,A092,Analog variable 92,FFF,F,F,0,0,1,no-units,FF,0.000000,0.000000,0.000000,0.000000,W,0.000000,F,,,,,,
analog-value,93,A093,Analog variable 93,FFF,F,F,0,0,1,no-units,FF,0.000000,0.000000,0.000000,0.000000,W,0.000000,F,,,,,,
analog-value,94,A094,Analog variable 94,FFF,F,F,0,0,1,no-units,FF,0.000000,0.000000,0.000000,0.000000,W,0.000000,F,,,,,,
analog-value,95,A095,Analog variable 95,FFF,F,F,0,0,1,no-units,FF,0.000000,0.000000,0.000000,0.000000,W,0.000000,F,,,,,,
analog-value,96,A096,Analog variable 96,FFF,F,F,0,0,1,no-units,FF,0.000000,0.000000,0.000000,0.000000,W,0.000000,F,,,,,,
analog-value,97,A097,Analog variable 97,FFF,F,F,0,0,1,no-units,FF,0.000000,0.000000,0.000000,0.000000,W,0.000000,F,,,,,,
analog-value,98,A098,Analog variable 98,FFF,F,F,0,0,1,no-units,FF,0.000000,0.000000,0.000000,0.000000,W,0.000000,F,,,,,,
analog-value,99,A099,Analog variable 99,FFF,F,F,0,0,1,no-units,FF,0.000000,0.000000,0.000000,0.000000,W,0.000000,F,,,,,,
analog-value,100,A100,Analog variable 100,FFF,F,F,0,0,1,no-units,FF,0.000000,0.000000,0.000000,0.000000,W,0.000000,F,,,,,,
analog-value,101,TEMP_EXT,EXTERNAL TEMPERATURE,FFF,F,F,0,0,1,degrees-celsius,FF,0.000000,0.000000,0.000000,0.000000,R,0.000000,T,,,W,0.000000,F,
analog-value,102,TEMP_INEVAP,EVAPORATOR WATER INLET,FFF,F,F,0,0,1,degrees-celsius,FF,0.000000,0.000000,0.000000,0.000000,R,0.000000,T,,,0.000000,F,,
analog-value,103,T_SET_REGOL,ACTIVE WATER SETPOINT,FFF,F,F,0,0,1,degrees-celsius,FF,0.000000,0.000000,0.000000,0.000000,R,0.000000,T,,,,0.000000,F,
analog-value,104,OFFSETMODUL,REMOTE SETPOINT VALUE,FFF,F,F,0,0,1,degrees-celsius,FF,0.000000,0.000000,0.000000,0.000000,R,0.000000,T,,,,0.000000,F,
analog-value,105,REG_RAMP,COOLING REGULATION RAMP,FFF,F,F,0,0,1,percent,FF,0.000000,0.000000,0.000000,0.000000,R,0.000000,T,,00,F,,,
analog-value,106,A106,Analog variable 106,FFF,F,F,0,0,1,no-units,FF,0.000000,0.000000,0.000000,0.000000,W,0.000000,F,,,,,,
analog-value,107,A107,Analog variable 107,FFF,F,F,0,0,1,no-units,FF,0.000000,0.000000,0.000000,0.000000,W,0.000000,F,,,,,,
analog-value,108,A108,Analog variable 108,FFF,F,F,0,0,1,no-units,FF,0.000000,0.000000,0.000000,0.000000,W,0.000000,F,,,,,,
analog-value,109,A109,Analog variable 109,FFF,F,F,0,0,1,no-units,FF,0.000000,0.000000,0.000000,0.000000,W,0.000000,F,,,,,,
analog-value,110,A110,Analog variable 110,FFF,F,F,0,0,1,no-units,FF,0.000000,0.000000,0.000000,0.000000,W,0.000000,F,,,,,,
analog-value,111,A111,Analog variable 111,FFF,F,F,0,0,1,no-units,FF,0.000000,0.000000,0.000000,0.000000,W,0.000000,F,,,,,,
analog-value,112,A112,Analog variable 112,FFF,F,F,0,0,1,no-units,FF,0.000000,0.000000,0.000000,0.000000,W,0.000000,F,,,,,,
analog-value,113,A113,Analog variable 113,FFF,F,F,0,0,1,no-units,FF,0.000000,0.000000,0.000000,0.000000,W,0.000000,F,,,,,,
analog-value,114,A114,Analog variable 114,FFF,F,F,0,0,1,no-units,FF,0.000000,0.000000,0.000000,0.000000,W,0.000000,F,,,,,,
analog-value,115,A115,Analog variable 115,FFF,F,F,0,0,1,no-units,FF,0.000000,0.000000,0.000000,0.000000,W,0.000000,F,,,,,,
analog-value,116,A116,Analog variable 116,FFF,F,F,0,0,1,no-units,FF,0.000000,0.000000,0.000000,0.000000,W,0.000000,F,,,,,,
analog-value,117,A117,Analog variable 117,FFF,F,F,0,0,1,no-units,FF,0.000000,0.000000,0.000000,0.000000,W,0.000000,F,,,,,,
analog-value,118,A118,Analog variable 118,FFF,F,F,0,0,1,no-units,FF,0.000000,0.000000,0.000000,0.000000,W,0.000000,F,,,,,,
analog-value,119,A119,Analog variable 119,FFF,F,F,0,0,1,no-units,FF,0.000000,0.000000,0.000000,0.000000,W,0.000000,F,,,,,,
analog-value,120,A120,Analog variable 120,FFF,F,F,0,0,1,no-units,FF,0.000000,0.000000,0.000000,0.000000,W,0.000000,F,,,,,,
analog-value,121,A121,Analog variable 121,FFF,F,F,0,0,1,no-units,FF,0.000000,0.000000,0.000000,0.000000,W,0.000000,F,,,,,,
analog-value,122,A122,Analog variable 122,FFF,F,F,0,0,1,no-units,FF,0.000000,0.000000,0.000000,0.000000,W,0.000000,F,,,,,,
analog-value,123,A123,Analog variable 123,FFF,F,F,0,0,1,no-units,FF,0.000000,0.000000,0.000000,0.000000,W,0.000000,F,,,,,,
analog-value,124,A124,Analog variable 124,FFF,F,F,0,0,1,no-units,FF,0.000000,0.000000,0.000000,0.000000,W,0.000000,F,,,,,,
analog-value,125,A125,Analog variable 125,FFF,F,F,0,0,1,no-units,FF,0.000000,0.000000,0.000000,0.000000,W,0.000000,F,,,,,,
analog-value,126,A126,Analog variable 126,FFF,F,F,0,0,1,no-units,FF,0.000000,0.000000,0.000000,0.000000,W,0.000000,F,,,,,,
analog-value,127,A127,Analog variable 127,FFF,F,F,0,0,1,no-units,FF,0.000000,0.000000,0.000000,0.000000,W,0.000000,F,,,,,,
analog-value,128,A128,Analog variable 128,FFF,F,F,0,0,1,no-units,FF,0.000000,0.000000,0.000000,0.000000,W,0.000000,F,,,,,,
analog-value,129,A129,Analog variable 129,FFF,F,F,0,0,1,no-units,FF,0.000000,0.000000,0.000000,0.000000,W,0.000000,F,,,,,,
analog-value,130,A130,Analog variable 130,FFF,F,F,0,0,1,no-units,FF,0.000000,0.000000,0.000000,0.000000,W,0.000000,F,,,,,,
analog-value,131,A131,Analog variable 131,FFF,F,F,0,0,1,no-units,FF,0.000000,0.000000,0.000000,0.000000,W,0.000000,F,,,,,,
analog-value,132,A132,Analog variable 132,FFF,F,F,0,0,1,no-units,FF,0.000000,0.000000,0.000000,0.000000,W,0.000000,F,,,,,,
analog-value,133,A133,Analog variable 133,FFF,F,F,0,0,1,no-units,FF,0.000000,0.000000,0.000000,0.000000,W,0.000000,F,,,,,,
analog-value,134,A134,Analog variable 134,FFF,F,F,0,0,1,no-units,FF,0.000000,0.000000,0.000000,0.000000,W,0.000000,F,,,,,,
analog-value,135,A135,Analog variable 135,FFF,F,F,0,0,1,no-units,FF,0.000000,0.000000,0.000000,0.000000,W,0.000000,F,,,,,,
analog-value,136,A136,Analog variable 136,FFF,F,F,0,0,1,no-units,FF,0.000000,0.000000,0.000000,0.000000,W,0.000000,F,,,,,,
analog-value,137,A137,Analog variable 137,FFF,F,F,0,0,1,no-units,FF,0.000000,0.000000,0.000000,0.000000,W,0.000000,F,,,,,,
analog-value,138,A138,Analog variable 138,FFF,F,F,0,0,1,no-units,FF,0.000000,0.000000,0.000000,0.000000,W,0.000000,F,,,,,,
analog-value,139,A139,Analog variable 139,FFF,F,F,0,0,1,no-units,FF,0.000000,0.000000,0.000000,0.000000,W,0.000000,F,,,,,,
analog-value,140,A140,Analog variable 140,FFF,F,F,0,0,1,no-units,FF,0.000000,0.000000,0.000000,0.000000,W,0.000000,F,,,,,,
analog-value,141,A141,Analog variable 141,FFF,F,F,0,0,1,no-units,FF,0.000000,0.000000,0.000000,0.000000,W,0.000000,F,,,,,,
analog-value,142,A142,Analog variable 142,FFF,F,F,0,0,1,no-units,FF,0.000000,0.000000,0.000000,0.000000,W,0.000000,F,,,,,,
analog-value,143,A143,Analog variable 143,FFF,F,F,0,0,1,no-units,FF,0.000000,0.000000,0.000000,0.000000,W,0.000000,F,,,,,,
analog-value,144,A144,Analog variable 144,FFF,F,F,0,0,1,no-units,FF,0.000000,0.000000,0.000000,0.000000,W,0.000000,F,,,,,,
analog-value,145,A145,Analog variable 145,FFF,F,F,0,0,1,no-units,FF,0.000000,0.000000,0.000000,0.000000,W,0.000000,F,,,,,,
analog-value,146,A146,Analog variable 146,FFF,F,F,0,0,1,no-units,FF,0.000000,0.000000,0.000000,0.000000,W,0.000000,F,,,,,,
analog-value,147,A147,Analog variable 147,FFF,F,F,0,0,1,no-units,FF,0.000000,0.000000,0.000000,0.000000,W,0.000000,F,,,,,,
analog-value,148,A148,Analog variable 148,FFF,F,F,0,0,1,no-units,FF,0.000000,0.000000,0.000000,0.000000,W,0.000000,F,,,,,,
analog-value,149,A149,Analog variable 149,FFF,F,F,0,0,1,no-units,FF,0.000000,0.000000,0.000000,0.000000,W,0.000000,F,,,,,,
analog-value,150,A150,Analog variable 150,FFF,F,F,0,0,1,no-units,FF,0.000000,0.000000,0.000000,0.000000,W,0.000000,F,,,,,,
analog-value,151,A151,Analog variable 151,FFF,F,F,0,0,1,no-units,FF,0.000000,0.000000,0.000000,0.000000,W,0.000000,F,,,,,,
analog-value,152,A152,Analog variable 152,FFF,F,F,0,0,1,no-units,FF,0.000000,0.000000,0.000000,0.000000,W,0.000000,F,,,,,,
analog-value,153,A153,Analog variable 153,FFF,F,F,0,0,1,no-units,FF,0.000000,0.000000,0.000000,0.000000,W,0.000000,F,,,,,,
analog-value,154,A154,Analog variable 154,FFF,F,F,0,0,1,no-units,FF,0.000000,0.000000,0.000000,0.000000,W,0.000000,F,,,,,,
analog-value,155,A155,Analog variable 155,FFF,F,F,0,0,1,no-units,FF,0.000000,0.000000,0.000000,0.000000,W,0.000000,F,,,,,,
analog-value,156,A156,Analog variable 156,FFF,F,F,0,0,1,no-units,FF,0.000000,0.000000,0.000000,0.000000,W,0.000000,F,,,,,,
analog-value,157,A157,Analog variable 157,FFF,F,F,0,0,1,no-units,FF,0.000000,0.000000,0.000000,0.000000,W,0.000000,F,,,,,,
analog-value,158,A158,Analog variable 158,FFF,F,F,0,0,1,no-units,FF,0.000000,0.000000,0.000000,0.000000,W,0.000000,F,,,,,,
analog-value,159,A159,Analog variable 159,FFF,F,F,0,0,1,no-units,FF,0.000000,0.000000,0.000000,0.000000,W,0.000000,F,,,,,,
analog-value,160,A160,Analog variable 160,FFF,F,F,0,0,1,no-units,FF,0.000000,0.000000,0.000000,0.000000,W,0.000000,F,,,,,,
analog-value,161,A161,Analog variable 161,FFF,F,F,0,0,1,no-units,FF,0.000000,0.000000,0.000000,0.000000,W,0.000000,F,,,,,,
analog-value,162,A162,Analog variable 162,FFF,F,F,0,0,1,no-units,FF,0.000000,0.000000,0.000000,0.000000,W,0.000000,F,,,,,,
analog-value,163,A163,Analog variable 163,FFF,F,F,0,0,1,no-units,FF,0.000000,0.000000,0.000000,0.000000,W,0.000000,F,,,,,,
analog-value,164,A164,Analog variable 164,FFF,F,F,0,0,1,no-units,FF,0.000000,0.000000,0.000000,0.000000,W,0.000000,F,,,,,,
analog-value,165,A165,Analog variable 165,FFF,F,F,0,0,1,no-units,FF,0.000000,0.000000,0.000000,0.000000,W,0.000000,F,,,,,,
analog-value,166,A166,Analog variable 166,FFF,F,F,0,0,1,no-units,FF,0.000000,0.000000,0.000000,0.000000,W,0.000000,F,,,,,,
analog-value,167,A167,Analog variable 167,FFF,F,F,0,0,1,no-units,FF,0.000000,0.000000,0.000000,0.000000,W,0.000000,F,,,,,,
analog-value,168,A168,Analog variable 168,FFF,F,F,0,0,1,no-units,FF,0.000000,0.000000,0.000000,0.000000,W,0.000000,F,,,,,,
analog-value,169,A169,Analog variable 169,FFF,F,F,0,0,1,no-units,FF,0.000000,0.000000,0.000000,0.000000,W,0.000000,F,,,,,,
analog-value,170,A170,Analog variable 170,FFF,F,F,0,0,1,no-units,FF,0.000000,0.000000,0.000000,0.000000,W,0.000000,F,,,,,,
analog-value,171,A171,Analog variable 171,FFF,F,F,0,0,1,no-units,FF,0.000000,0.000000,0.000000,0.000000,W,0.000000,F,,,,,,
analog-value,172,A172,Analog variable 172,FFF,F,F,0,0,1,no-units,FF,0.000000,0.000000,0.000000,0.000000,W,0.000000,F,,,,,,
analog-value,173,A173,Analog variable 173,FFF,F,F,0,0,1,no-units,FF,0.000000,0.000000,0.000000,0.000000,W,0.000000,F,,,,,,
analog-value,174,A174,Analog variable 174,FFF,F,F,0,0,1,no-units,FF,0.000000,0.000000,0.000000,0.000000,W,0.000000,F,,,,,,
analog-value,175,A175,Analog variable 175,FFF,F,F,0,0,1,no-units,FF,0.000000,0.000000,0.000000,0.000000,W,0.000000,F,,,,,,
analog-value,176,A176,Analog variable 176,FFF,F,F,0,0,1,no-units,FF,0.000000,0.000000,0.000000,0.000000,W,0.000000,F,,,,,,
analog-value,177,A177,Analog variable 177,FFF,F,F,0,0,1,no-units,FF,0.000000,0.000000,0.000000,0.000000,W,0.000000,F,,,,,,
analog-value,178,A178,Analog variable 178,FFF,F,F,0,0,1,no-units,FF,0.000000,0.000000,0.000000,0.000000,W,0.000000,F,,,,,,
analog-value,179,A179,Analog variable 179,FFF,F,F,0,0,1,no-units,FF,0.000000,0.000000,0.000000,0.000000,W,0.000000,F,,,,,,
analog-value,180,A180,Analog variable 180,FFF,F,F,0,0,1,no-units,FF,0.000000,0.000000,0.000000,0.000000,W,0.000000,F,,,,,,
analog-value,181,A181,Analog variable 181,FFF,F,F,0,0,1,no-units,FF,0.000000,0.000000,0.000000,0.000000,W,0.000000,F,,,,,,
analog-value,182,A182,Analog variable 182,FFF,F,F,0,0,1,no-units,FF,0.000000,0.000000,0.000000,0.000000,W,0.000000,F,,,,,,
analog-value,183,A183,Analog variable 183,FFF,F,F,0,0,1,no-units,FF,0.000000,0.000000,0.000000,0.000000,W,0.000000,F,,,,,,
analog-value,184,A184,Analog variable 184,FFF,F,F,0,0,1,no-units,FF,0.000000,0.000000,0.000000,0.000000,W,0.000000,F,,,,,,
analog-value,185,A185,Analog variable 185,FFF,F,F,0,0,1,no-units,FF,0.000000,0.000000,0.000000,0.000000,W,0.000000,F,,,,,,
analog-value,186,A186,Analog variable 186,FFF,F,F,0,0,1,no-units,FF,0.000000,0.000000,0.000000,0.000000,W,0.000000,F,,,,,,
analog-value,187,A187,Analog variable 187,FFF,F,F,0,0,1,no-units,FF,0.000000,0.000000,0.000000,0.000000,W,0.000000,F,,,,,,
analog-value,188,A188,Analog variable 188,FFF,F,F,0,0,1,no-units,FF,0.000000,0.000000,0.000000,0.000000,W,0.000000,F,,,,,,
analog-value,189,A189,Analog variable 189,FFF,F,F,0,0,1,no-units,FF,0.000000,0.000000,0.000000,0.000000,W,0.000000,F,,,,,,
analog-value,190,A190,Analog variable 190,FFF,F,F,0,0,1,no-units,FF,0.000000,0.000000,0.000000,0.000000,W,0.000000,F,,,,,,
analog-value,191,A191,Analog variable 191,FFF,F,F,0,0,1,no-units,FF,0.000000,0.000000,0.000000,0.000000,W,0.000000,F,,,,,,
analog-value,192,A192,Analog variable 192,FFF,F,F,0,0,1,no-units,FF,0.000000,0.000000,0.000000,0.000000,W,0.000000,F,,,,,,
analog-value,193,A193,Analog variable 193,FFF,F,F,0,0,1,no-units,FF,0.000000,0.000000,0.000000,0.000000,W,0.000000,F,,,,,,
analog-value,194,A194,Analog variable 194,FFF,F,F,0,0,1,no-units,FF,0.000000,0.000000,0.000000,0.000000,W,0.000000,F,,,,,,
analog-value,195,A195,Analog variable 195,FFF,F,F,0,0,1,no-units,FF,0.000000,0.000000,0.000000,0.000000,W,0.000000,F,,,,,,
analog-value,196,A196,Analog variable 196,FFF,F,F,0,0,1,no-units,FF,0.000000,0.000000,0.000000,0.000000,W,0.000000,F,,,,,,
analog-value,197,A197,Analog variable 197,FFF,F,F,0,0,1,no-units,FF,0.000000,0.000000,0.000000,0.000000,W,0.000000,F,,,,,,
analog-value,198,A198,Analog variable 198,FFF,F,F,0,0,1,no-units,FF,0.000000,0.000000,0.000000,0.000000,W,0.000000,F,,,,,,
analog-value,199,A199,Analog variable 199,FFF,F,F,0,0,1,no-units,FF,0.000000,0.000000,0.000000,0.000000,W,0.000000,F,,,,,,
analog-value,200,A200,Analog variable 200,FFF,F,F,0,0,1,no-units,FF,0.000000,0.000000,0.000000,0.000000,W,0.000000,F,,,,,,
analog-value,201,A201,Analog variable 201,FFF,F,F,0,0,1,no-units,FF,0.000000,0.000000,0.000000,0.000000,W,0.000000,F,,,,,,
analog-value,202,A202,Analog variable 202,FFF,F,F,0,0,1,no-units,FF,0.000000,0.000000,0.000000,0.000000,W,0.000000,F,,,,,,
analog-value,203,A203,Analog variable 203,FFF,F,F,0,0,1,no-units,FF,0.000000,0.000000,0.000000,0.000000,W,0.000000,F,,,,,,
analog-value,204,A204,Analog variable 204,FFF,F,F,0,0,1,no-units,FF,0.000000,0.000000,0.000000,0.000000,W,0.000000,F,,,,,,
analog-value,205,A205,Analog variable 205,FFF,F,F,0,0,1,no-units,FF,0.000000,0.000000,0.000000,0.000000,W,0.000000,F,,,,,,
analog-value,206,A206,Analog variable 206,FFF,F,F,0,0,1,no-units,FF,0.000000,0.000000,0.000000,0.000000,W,0.000000,F,,,,,,
analog-value,207,A207,Analog variable 207,FFF,F,F,0,0,1,no-units,FF,0.000000,0.000000,0.000000,0.000000,W,0.000000,F,,,,,,
Object_Type,Object_Instance,Object_Name,Description,Event_Enable,Issue_Confirmed_Notifications,Ack_Required,Time_Delay,Notification_Class,Priority,Units,Limit_Enable,High_Limit,Low_Limit,Deadband,COV_Increment,ReadWriteCommandable,Relinquish_Default,Alarm_Custom,Alarm_Property,Alarm_OutOfRange,Alarm_Normal,Alarm_Fault,Alarm_HighLimit,Alarm_LowLimit
analog-value,1001,ACTRPM,COMPRESSOR 1 ACTUAL SHAFT SPEED,FFF,F,F,0,0,1,revolutions-per-minute,FF,0.000000,0.000000,0.000000,0.000000,R,0.000000,T,,y,Units,Limit_Enable,High_Limit,Low_Limit
analog-value,1002,ACTRPM_C2,COMPRESSOR 2 ACTUAL SHAFT SPEED,FFF,F,F,0,0,1,revolutions-per-minute,FF,0.000000,0.000000,0.000000,0.000000,R,0.000000,T,,,y,Units,Limit_Enable,High_Limit
analog-value,1003,ACTRPM_C3,COMPRESSOR 3 ACTUAL SHAFT SPEED,FFF,F,F,0,0,1,revolutions-per-minute,FF,0.000000,0.000000,0.000000,0.000000,R,0.000000,T,,,y,Units,Limit_Enable,High_Limit
analog-value,1004,I004,COMPRESSOR 4 ACTUAL SHAFT SPEED,FFF,F,F,0,0,1,revolutions-per-minute,FF,0.000000,0.000000,0.000000,0.000000,R,0.000000,T,,,y,Units,Limit_Enable,High_Limit
analog-value,1005,SURGE_SPEED,COMPR. 1 ESTIMATED MINIMUN SPEED,FFF,F,F,0,0,1,revolutions-per-minute,FF,0.000000,0.000000,0.000000,0.000000,R,0.000000,T,,y,Units,Limit_Enable,High_Limit,Low_Limit
analog-value,1006,SURGE_SPEED_C2,COMPR. 2 ESTIMATED MINIMUN SPEED,FFF,F,F,0,0,1,revolutions-per-minute,FF,0.000000,0.000000,0.000000,0.000000,R,0.000000,T,,y,Units,Limit_Enable,High_Limit,Low_Limit
analog-value,1007,SURGE_SPEED_C3,COMPR. 3 ESTIMATED MINIMUN SPEED,FFF,F,F,0,0,1,revolutions-per-minute,FF,0.000000,0.000000,0.000000,0.000000,R,0.000000,T,,y,Units,Limit_Enable,High_Limit,Low_Limit
analog-value,1008,SURGE_SPEED_C4,COMPR. 4 ESTIMATED MINIMUN SPEED,FFF,F,F,0,0,1,revolutions-per-minute,FF,0.000000,0.000000,0.000000,0.000000,R,0.000000,T,,y,Units,Limit_Enable,High_Limit,Low_Limit
analog-value,1009,CHOKE_SPEED,COMPR. 1 ESTIMATED MAXIMUN SPEED,FFF,F,F,0,0,1,revolutions-per-minute,FF,0.000000,0.000000,0.000000,0.000000,R,0.000000,T,,y,Units,Limit_Enable,High_Limit,Low_Limit
analog-value,1010,CHOKE_SPEED_C2,COMPR. 2 ESTIMATED MAXIMUN SPEED,FFF,F,F,0,0,1,revolutions-per-minute,FF,0.000000,0.000000,0.000000,0.000000,R,0.000000,T,,y,Units,Limit_Enable,High_Limit,Low_Limit
analog-value,1011,CHOKE_SPEED_C3,COMPR. 3 ESTIMATED MAXIMUN SPEED,FFF,F,F,0,0,1,revolutions-per-minute,FF,0.000000,0.000000,0.000000,0.000000,R,0.000000,T,,y,Units,Limit_Enable,High_Limit,Low_Limit
analog-value,1012,CHOKE_SPEED_C4,COMPR. 4 ESTIMATED MAXIMUN SPEED,FFF,F,F,0,0,1,revolutions-per-minute,FF,0.000000,0.000000,0.000000,0.000000,R,0.000000,T,,y,Units,Limit_Enable,High_Limit,Low_Limit
analog-value,1013,MAINS_VAC,COMPRESSOR 1 MAINS VOLTAGE,FFF,F,F,0,0,1,volts,FF,0.000000,0.000000,0.000000,0.000000,R,0.000000,T,,0.000000,R,0.000000,F,
analog-value,1014,MAINS_VAC_C2,COMPRESSOR 2 MAINS VOLTAGE,FFF,F,F,0,0,1,volts,FF,0.000000,0.000000,0.000000,0.000000,R,0.000000,T,,0.000000,R,0.000000,F,
analog-value,1015,MAINS_VAC_C3,COMPRESSOR 3 MAINS VOLTAGE,FFF,F,F,0,0,1,volts,FF,0.000000,0.000000,0.000000,0.000000,R,0.000000,T,,0.000000,R,0.000000,F,
analog-value,1016,MAINS_VAC_C4,COMPRESSOR 4 MAINS VOLTAGE,FFF,F,F,0,0,1,volts,FF,0.000000,0.000000,0.000000,0.000000,R,0.000000,T,,0.000000,R,0.000000,F,
analog-value,1017,MAINS_AMP,COMPRESSOR 1 MAINS CURRENT,FFF,F,F,0,0,1,amperes,FF,0.000000,0.000000,0.000000,0.000000,R,0.000000,T,,000000,R,0.000000,F,
analog-value,1018,MAINS_AMP_C2,COMPRESSOR 2 MAINS CURRENT,FFF,F,F,0,0,1,amperes,FF,0.000000,0.000000,0.000000,0.000000,R,0.000000,T,,000000,R,0.000000,F,
analog-value,1019,MAINS_AMP_C3,COMPRESSOR 3 MAINS CURRENT,FFF,F,F,0,0,1,amperes,FF,0.000000,0.000000,0.000000,0.000000,R,0.000000,T,,000000,R,0.000000,F,
analog-value,1020,MAINS_AMP_C4,COMPRESSOR 4 MAINS CURRENT,FFF,F,F,0,0,1,amperes,FF,0.000000,0.000000,0.000000,0.000000,R,0.000000,T,,000000,R,0.000000,F,
analog-value,1021,DC_REG,COMPRESSOR 1 SPARE DC REGULATION,FFF,F,F,0,0,1,volts,FF,0.000000,0.000000,0.000000,0.000000,R,0.000000,T,,00,R,0.000000,F,
analog-value,1022,DC_REG_C2,COMPRESSOR 2 SPARE DC REGULATION,FFF,F,F,0,0,1,volts,FF,0.000000,0.000000,0.000000,0.000000,R,0.000000,T,,00,R,0.000000,F,
analog-value,1023,DC_REG_C3,COMPRESSOR 3 SPARE DC REGULATION,FFF,F,F,0,0,1,volts,FF,0.000000,0.000000,0.000000,0.000000,R,0.000000,T,,00,R,0.000000,F,
analog-value,1024,DC_REG_C4,COMPRESSOR 4 SPARE DC REGULATION,FFF,F,F,0,0,1,volts,FF,0.000000,0.000000,0.000000,0.000000,R,0.000000,T,,00,R,0.000000,F,
analog-value,1025,DC_BUS_VOLT,COMPRESSOR 1 BUS VOLTAGE,FFF,F,F,0,0,1,volts,FF,0.000000,0.000000,0.000000,0.000000,R,0.000000,T,,0000,F,,00,R
analog-value,1026,DC_BUS_VOLT_C2,COMPRESSOR 2 BUS VOLTAGE,FFF,F,F,0,0,1,volts,FF,0.000000,0.000000,0.000000,0.000000,R,0.000000,T,,0000,F,,00,R
analog-value,1027,DC_BUS_VOLT_C3,COMPRESSOR 3 BUS VOLTAGE,FFF,F,F,0,0,1,volts,FF,0.000000,0.000000,0.000000,0.000000,R,0.000000,T,,0000,F,,00,R
analog-value,1028,DC_BUS_VOLT_C4,COMPRESSOR 4 BUS VOLTAGE,FFF,F,F,0,0,1,volts,FF,0.000000,0.000000,0.000000,0.000000,R,0.000000,T,,0000,F,,00,R
analog-value,1029,LEVEL_SP_CALC,EVAPORATOR CALCULATED LEVEL,FFF,F,F,0,0,1,percent,FF,0.000000,0.000000,0.000000,0.000000,R,0.000000,T,,F,,00,R,0.000000
analog-value,1030,ORE_COMPR1,COMPRESSOR 1 RUN HOURS,FFF,F,F,0,0,1,hours,FF,0.000000,0.000000,0.000000,0.000000,R,0.000000,T,,000,F,,F,
analog-value,1031,ORE_COMPR2,COMPRESSOR 2 RUN HOURS,FFF,F,F,0,0,1,hours,FF,0.000000,0.000000,0.000000,0.000000,R,0.000000,T,,000,F,,F,
analog-value,1032,ORE_COMPR3,COMPRESSOR 3 RUN HOURS,FFF,F,F,0,0,1,hours,FF,0.000000,0.000000,0.000000,0.000000,R,0.000000,T,,000,F,,F,
analog-value,1033,ORE_COMPR4,COMPRESSOR 4 RUN HOURS,FFF,F,F,0,0,1,hours,FF,0.000000,0.000000,0.000000,0.000000,R,0.000000,T,,000,F,,F,
analog-value,1034,PRESS_RATIO_II,COMPRESSOR 1 PRESSURE RATIO,FFF,F,F,0,0,1,no-units,FF,0.000000,0.000000,0.000000,0.000000,R,0.000000,T,,,,00,R,0.000000
analog-value,1035,PRESS_RATIO_MM,COMPRESSOR 1 PRESSURE RATIO (X 1000),FFF,F,F,0,0,1,no-units,FF,0.000000,0.000000,0.000000,0.000000,R,0.000000,T,,000000,F,,y,Units
analog-value,1036,PRESS_RATIO_II_C2,COMPRESSOR 2 PRESSURE RATIO,FFF,F,F,0,0,1,no-units,FF,0.000000,0.000000,0.000000,0.000000,R,0.000000,T,,00000,F,,000000,F
analog-value,1037,PRESS_RATIO_MM_C2,COMPRESSOR 2 PRESSURE RATIO (X 1000),FFF,F,F,0,0,1,no-units,FF,0.000000,0.000000,0.000000,0.000000,R,0.000000,T,,000000,F,,y,Units
analog-value,1038,PRESS_RATIO_II_C3,COMPRESSOR 3 PRESSURE RATIO,FFF,F,F,0,0,1,no-units,FF,0.000000,0.000000,0.000000,0.000000,R,0.000000,T,,00000,F,,000000,F
analog-value,1039,PRESS_RATIO_MM_C3,COMPRESSOR 3 PRESSURE RATIO (X 1000),FFF,F,F,0,0,1,no-units,FF,0.000000,0.000000,0.000000,0.000000,R,0.000000,T,,000000,F,,y,Units
analog-value,1040,PRESS_RATIO_II_C4,COMPRESSOR 4 PRESSURE RATIO,FFF,F,F,0,0,1,no-units,FF,0.000000,0.000000,0.000000,0.000000,R,0.000000,T,,00000,F,,000000,F
analog-value,1041,PRESS_RATIO_MM_C4,COMPRESSOR 4 PRESSURE RATIO (X 1000),FFF,F,F,0,0,1,no-units,FF,0.000000,0.000000,0.000000,0.000000,R,0.000000,T,,000000,F,,y,Units
analog-value,1042,MOTOR_FAULT,COMPRESSOR 1 MOTOR FAULT CODE,FFF,F,F,0,0,1,no-units,FF,0.000000,0.000000,0.000000,0.000000,R,0.000000,T,,000,F,,000000,F
analog-value,1043,MOTOR_ALARM,COMPRESSOR 1 MOTOR ALARM CODE,FFF,F,F,0,0,1,no-units,FF,0.000000,0.000000,0.000000,0.000000,R,0.000000,T,,000,F,,000000,F
analog-value,1044,BEAR_FAULT,COMPRESSOR 1 BEARING FAULT CODE,FFF,F,F,0,0,1,no-units,FF,0.000000,0.000000,0.000000,0.000000,R,0.000000,T,,0,F,,000000,F
analog-value,1045,BEAR_ALARM,COMPRESSOR 1 BEARING ALARM CODE,FFF,F,F,0,0,1,no-units,FF,0.000000,0.000000,0.000000,0.000000,R,0.000000,T,,0,F,,000000,F
analog-value,1046,MOTOR_FAULT_C2,COMPRESSOR 2 MOTOR FAULT CODE,FFF,F,F,0,0,1,no-units,FF,0.000000,0.000000,0.000000,0.000000,R,0.000000,T,,,,0,F,
analog-value,1047,MOTOR_ALARM_C2,COMPRESSOR 2 MOTOR ALARM CODE,FFF,F,F,0,0,1,no-units,FF,0.000000,0.000000,0.000000,0.000000,R,0.000000,T,,,,0,F,
analog-value,1048,BEAR_FAULT_C2,COMPRESSOR 2 BEARING FAULT CODE,FFF,F,F,0,0,1,no-units,FF,0.000000,0.000000,0.000000,0.000000,R,0.000000,T,,0,F,,000000,F
analog-value,1049,BEAR_ALARM_C2,COMPRESSOR 2 BEARING ALARM CODE,FFF,F,F,0,0,1,no-units,FF,0.000000,0.000000,0.000000,0.000000,R,0.000000,T,,0,F,,000000,F
analog-value,1050,MOTOR_FAULT_C3,COMPRESSOR 3 MOTOR FAULT CODE,FFF,F,F,0,0,1,no-units,FF,0.000000,0.000000,0.000000,0.000000,R,0.000000,T,,,,0,F,
analog-value,1051,MOTOR_ALARM_C3,COMPRESSOR 3 MOTOR ALARM CODE,FFF,F,F,0,0,1,no-units,FF,0.000000,0.000000,0.000000,0.000000,R,0.000000,T,,,,0,F,
analog-value,1052,BEAR_FAULT_C3,COMPRESSOR 3 BEARING FAULT CODE,FFF,F,F,0,0,1,no-units,FF,0.000000,0.000000,0.000000,0.000000,R,0.000000,T,,0,F,,000000,F
analog-value,1053,BEAR_ALARM_C3,COMPRESSOR 3 BEARING ALARM CODE,FFF,F,F,0,0,1,no-units,FF,0.000000,0.000000,0.000000,0.000000,R,0.000000,T,,0,F,,000000,F
analog-value,1054,MOTOR_FAULT_C4,COMPRESSOR 4 MOTOR FAULT CODE,FFF,F,F,0,0,1,no-units,FF,0.000000,0.000000,0.000000,0.000000,R,0.000000,T,,,,0,F,
analog-value,1055,MOTOR_ALARM_C4,COMPRESSOR 4 MOTOR ALARM CODE,FFF,F,F,0,0,1,no-units,FF,0.000000,0.000000,0.000000,0.000000,R,0.000000,T,,,,0,F,
analog-value,1056,BEAR_FAULT_C4,COMPRESSOR 4 BEARING FAULT CODE,FFF,F,F,0,0,1,no-units,FF,0.000000,0.000000,0.000000,0.000000,R,0.000000,T,,0,F,,000000,F
analog-value,1057,BEAR_ALARM_C4,COMPRESSOR 4 BEARING ALARM CODE,FFF,F,F,0,0,1,no-units,FF,0.000000,0.000000,0.000000,0.000000,R,0.000000,T,,0,F,,000000,F
analog-value,1058,CTRL_MODE,COMPRESSOR 1 CTRL MODE,FFF,F,F,0,0,1,no-units,FF,0.000000,0.000000,0.000000,0.000000,R,0.000000,T,,00000,F,,0,F
analog-value,1059,CTRL_MODE_C2,COMPRESSOR 2 CTRL MODE,FFF,F,F,0,0,1,no-units,FF,0.000000,0.000000,0.000000,0.000000,R,0.000000,T,,00000,F,,0,F
analog-value,1060,CTRL_MODE_C3,COMPRESSOR 3 CTRL MODE,FFF,F,F,0,0,1,no-units,FF,0.000000,0.000000,0.000000,0.000000,R,0.000000,T,,00000,F,,0,F
analog-value,1061,CTRL_MODE_C4,COMPRESSOR 4 CTRL MODE,FFF,F,F,0,0,1,no-units,FF,0.000000,0.000000,0.000000,0.000000,R,0.000000,T,,00000,F,,0,F
analog-value,1062,CURRENT_MINUTE,MINUTE,FFF,F,F,0,0,1,minutes,FF,0.000000,0.000000,0.000000,0.000000,R,0.000000,T,,00,R,0.000000,F,
analog-value,1063,CURRENT_HOUR,HOUR,FFF,F,F,0,0,1,hours,FF,0.000000,0.000000,0.000000,0.000000,R,0.000000,T,,,F,,00,R
analog-value,1064,CURRENT_DAY,DAY,FFF,F,F,0,0,1,days,FF,0.000000,0.000000,0.000000,0.000000,R,0.000000,T,,,,,F,
analog-value,1065,CURRENT_MONTH,MONTH,FFF,F,F,0,0,1,no-units,FF,0.000000,0.000000,0.000000,0.000000,R,0.000000,T,,,,00,R,0.000000
analog-value,1066,CURRENT_YEAR,YEAR,FFF,F,F,0,0,1,no-units,FF,0.000000,0.000000,0.000000,0.000000,R,0.000000,T,,,,,,00
analog-value,1067,MATRICOLA_I,UNIT SERIAL NUMBER 1,FFF,F,F,0,0,1,no-units,FF,0.000000,0.000000,0.000000,0.000000,R,0.000000,T,,,,00000,F,
analog-value,1068,MATRICOLA_HN,UNIT SERIAL NUMBER 2,FFF,F,F,0,0,1,no-units,FF,0.000000,0.000000,0.000000,0.000000,R,0.000000,T,,,,00000,F,
analog-value,1069,MATRICOLA_LN,UNIT SERIAL NUMBER 3,FFF,F,F,0,0,1,no-units,FF,0.000000,0.000000,0.000000,0.000000,R,0.000000,T,,,,00000,F,
analog-value,1070,I070,Reserved,FFF,F,F,0,0,1,no-units,FF,0.000000,0.000000,0.000000,0.000000,R,0.000000,T,,0.000000,F,,,
analog-value,1071,BIOS_RELEASE_L,BIOS RELEASE 1,FFF,F,F,0,0,1,no-units,FF,0.000000,0.000000,0.000000,0.000000,R,0.000000,T,,00,F,,,
analog-value,1072,BIOS_RELEASE_H,BIOS RELEASE 2,FFF,F,F,0,0,1,no-units,FF,0.000000,0.000000,0.000000,0.000000,R,0.000000,T,,00,F,,,
analog-value,1073,SW_VERSIONE_L,SW RELEASE 1,FFF,F,F,0,0,1,no-units,FF,0.000000,0.000000,0.000000,0.000000,R,0.000000,T,,,,00,F,
analog-value,1074,SW_VERSIONE_H,SW RELEASE 2,FFF,F,F,0,0,1,no-units,FF,0.000000,0.000000,0.000000,0.000000,R,0.000000,T,,,,00,F,
analog-value,1075,REG_RAMP_10,REGULATION RAMP (X10),FFF,F,F,0,0,1,no-units,FF,0.000000,0.000000,0.000000,0.000000,R,0.000000,T,,,0,F,,000000
analog-value,1076,STATUS_FORCE,UNIT FORCE STATUS,FFF,F,F,0,0,1,no-units,FF,0.000000,0.000000,0.000000,0.000000,R,0.000000,T,,,Units,Limit_Enable,High_Limit,Low_Limit
analog-value,1077,SEC_ULTRACAP,ULTRACAP WORKING TIME,FFF,F,F,0,0,1,seconds,FF,0.000000,0.000000,0.000000,0.000000,R,0.000000,T,,000,0.000000,R,0.000000,F
analog-value,1078,COUTDOWN _ULTRACAP,ULTRACAP COUNTDOWN estimated,FFF,F,F,0,0,1,seconds,FF,0.000000,0.000000,0.000000,0.000000,R,0.000000,T,,,0.000000,F,,
analog-value,1079,I079,Integer variable 79,FFF,F,F,0,0,1,no-units,FF,0.000000,0.000000,0.000000,0.000000,W,0.000000,F,,,,,,
analog-value,1080,I080,Integer variable 80,FFF,F,F,0,0,1,no-units,FF,0.000000,0.000000,0.000000,0.000000,W,0.000000,F,,,,,,
analog-value,1081,I081,Integer variable 81,FFF,F,F,0,0,1,no-units,FF,0.000000,0.000000,0.000000,0.000000,W,0.000000,F,,,,,,
analog-value,1082,I082,Integer variable 82,FFF,F,F,0,0,1,no-units,FF,0.000000,0.000000,0.000000,0.000000,W,0.000000,F,,,,,,
analog-value,1083,I083,Integer variable 83,FFF,F,F,0,0,1,no-units,FF,0.000000,0.000000,0.000000,0.000000,W,0.000000,F,,,,,,
analog-value,1084,I084,Integer variable 84,FFF,F,F,0,0,1,no-units,FF,0.000000,0.000000,0.000000,0.000000,W,0.000000,F,,,,,,
analog-value,1085,I085,Integer variable 85,FFF,F,F,0,0,1,no-units,FF,0.000000,0.000000,0.000000,0.000000,W,0.000000,F,,,,,,
analog-value,1086,I086,Integer variable 86,FFF,F,F,0,0,1,no-units,FF,0.000000,0.000000,0.000000,0.000000,W,0.000000,F,,,,,,
analog-value,1087,I087,Integer variable 87,FFF,F,F,0,0,1,no-units,FF,0.000000,0.000000,0.000000,0.000000,W,0.000000,F,,,,,,
analog-value,1088,I088,Integer variable 88,FFF,F,F,0,0,1,no-units,FF,0.000000,0.000000,0.000000,0.000000,W,0.000000,F,,,,,,
analog-value,1089,I089,Integer variable 89,FFF,F,F,0,0,1,no-units,FF,0.000000,0.000000,0.000000,0.000000,W,0.000000,F,,,,,,
analog-value,1090,I090,Integer variable 90,FFF,F,F,0,0,1,no-units,FF,0.000000,0.000000,0.000000,0.000000,W,0.000000,F,,,,,,
analog-value,1091,I091,Integer variable 91,FFF,F,F,0,0,1,no-units,FF,0.000000,0.000000,0.000000,0.000000,W,0.000000,F,,,,,,
analog-value,1092,I092,Integer variable 92,FFF,F,F,0,0,1,no-units,FF,0.000000,0.000000,0.000000,0.000000,W,0.000000,F,,,,,,
analog-value,1093,I093,Integer variable 93,FFF,F,F,0,0,1,no-units,FF,0.000000,0.000000,0.000000,0.000000,W,0.000000,F,,,,,,
analog-value,1094,I094,Integer variable 94,FFF,F,F,0,0,1,no-units,FF,0.000000,0.000000,0.000000,0.000000,W,0.000000,F,,,,,,
analog-value,1095,I095,Integer variable 95,FFF,F,F,0,0,1,no-units,FF,0.000000,0.000000,0.000000,0.000000,W,0.000000,F,,,,,,
analog-value,1096,I096,Integer variable 96,FFF,F,F,0,0,1,no-units,FF,0.000000,0.000000,0.000000,0.000000,W,0.000000,F,,,,,,
analog-value,1097,I097,Integer variable 97,FFF,F,F,0,0,1,no-units,FF,0.000000,0.000000,0.000000,0.000000,W,0.000000,F,,,,,,
analog-value,1098,I098,Integer variable 98,FFF,F,F,0,0,1,no-units,FF,0.000000,0.000000,0.000000,0.000000,W,0.000000,F,,,,,,
analog-value,1099,I099,Integer variable 99,FFF,F,F,0,0,1,no-units,FF,0.000000,0.000000,0.000000,0.000000,W,0.000000,F,,,,,,
analog-value,1100,I100,Integer variable 100,FFF,F,F,0,0,1,no-units,FF,0.000000,0.000000,0.000000,0.000000,W,0.000000,F,,,,,,
analog-value,1101,I101,UNIT TYPE,FFF,F,F,0,0,1,no-units,FF,0.000000,0.000000,0.000000,0.000000,W,0.000000,F,,,,,,
analog-value,1102,I102,BCWC MODEL,FFF,F,F,0,0,1,no-units,FF,0.000000,0.000000,0.000000,0.000000,W,0.000000,F,,,,,,
analog-value,1103,I103,BCEC C MODEL,FFF,F,F,0,0,1,no-units,FF,0.000000,0.000000,0.000000,0.000000,W,0.000000,F,,,,,,
analog-value,1104,I104,CIRCULATION PUMP NUMBER,FFF,F,F,0,0,1,no-units,FF,0.000000,0.000000,0.000000,0.000000,W,0.000000,F,,,,,,
analog-value,1105,I105,INVERTER PUMP CONTROL TYPE,FFF,F,F,0,0,1,no-units,FF,0.000000,0.000000,0.000000,0.000000,W,0.000000,F,,,,,,
analog-value,1106,I106,FANS TYPE,FFF,F,F,0,0,1,no-units,FF,0.000000,0.000000,0.000000,0.000000,W,0.000000,F,,,,,,
analog-value,1107,I107,FANS CONTROL TYPE,FFF,F,F,0,0,1,no-units,FF,0.000000,0.000000,0.000000,0.000000,W,0.000000,F,,,,,,
analog-value,1108,I108,AUXILIARY TYPE,FFF,F,F,0,0,1,no-units,FF,0.000000,0.000000,0.000000,0.000000,W,0.000000,F,,,,,,
analog-value,1109,I109,ISOLATING VALVE ON DELAY TIME,FFF,F,F,0,0,1,seconds,FF,0.000000,0.000000,0.000000,0.000000,W,0.000000,F,,,,,,
analog-value,1110,I110,POWER TYPE,FFF,F,F,0,0,1,no-units,FF,0.000000,0.000000,0.000000,0.000000,W,0.000000,F,,,,,,
analog-value,1111,I111,INTEGRAL TIME PID MECCANICAL COOLING,FFF,F,F,0,0,1,seconds,FF,0.000000,0.000000,0.000000,0.000000,W,0.000000,F,,,,,,
analog-value,1112,I112,INTEGRAL TIME PID MECCANICAL COOLING (TRANSIENT),FFF,F,F,0,0,1,seconds,FF,0.000000,0.000000,0.000000,0.000000,W,0.000000,F,,,,,,
analog-value,1113,I113,INTEGRAL TIME BAND PID FREECOOLING,FFF,F,F,0,0,1,seconds,FF,0.000000,0.000000,0.000000,0.000000,W,0.000000,F,,,,,,
analog-value,1114,I114,DERIVATIVE TIME PID MECCANICAL COOLING,FFF,F,F,0,0,1,seconds,FF,0.000000,0.000000,0.000000,0.000000,W,0.000000,F,,,,,,
analog-value,1115,I115,Integer variable 115,FFF,F,F,0,0,1,no-units,FF,0.000000,0.000000,0.000000,0.000000,W,0.000000,F,,,,,,
analog-value,1116,I116,Integer variable 116,FFF,F,F,0,0,1,no-units,FF,0.000000,0.000000,0.000000,0.000000,W,0.000000,F,,,,,,
analog-value,1117,I117,Integer variable 117,FFF,F,F,0,0,1,no-units,FF,0.000000,0.000000,0.000000,0.000000,W,0.000000,F,,,,,,
analog-value,1118,I118,Integer variable 118,FFF,F,F,0,0,1,no-units,FF,0.000000,0.000000,0.000000,0.000000,W,0.000000,F,,,,,,
analog-value,1119,I119,Integer variable 119,FFF,F,F,0,0,1,no-units,FF,0.000000,0.000000,0.000000,0.000000,W,0.000000,F,,,,,,
analog-value,1120,I120,Integer variable 120,FFF,F,F,0,0,1,no-units,FF,0.000000,0.000000,0.000000,0.000000,W,0.000000,F,,,,,,
analog-value,1121,I121,Integer variable 121,FFF,F,F,0,0,1,no-units,FF,0.000000,0.000000,0.000000,0.000000,W,0.000000,F,,,,,,
analog-value,1122,I122,Integer variable 122,FFF,F,F,0,0,1,no-units,FF,0.000000,0.000000,0.000000,0.000000,W,0.000000,F,,,,,,
analog-value,1123,I123,Integer variable 123,FFF,F,F,0,0,1,no-units,FF,0.000000,0.000000,0.000000,0.000000,W,0.000000,F,,,,,,
analog-value,1124,I124,Integer variable 124,FFF,F,F,0,0,1,no-units,FF,0.000000,0.000000,0.000000,0.000000,W,0.000000,F,,,,,,
analog-value,1125,I125,Integer variable 125,FFF,F,F,0,0,1,no-units,FF,0.000000,0.000000,0.000000,0.000000,W,0.000000,F,,,,,,
analog-value,1126,I126,Integer variable 126,FFF,F,F,0,0,1,no-units,FF,0.000000,0.000000,0.000000,0.000000,W,0.000000,F,,,,,,
analog-value,1127,I127,Integer variable 127,FFF,F,F,0,0,1,no-units,FF,0.000000,0.000000,0.000000,0.000000,W,0.000000,F,,,,,,
analog-value,1128,I128,Integer variable 128,FFF,F,F,0,0,1,no-units,FF,0.000000,0.000000,0.000000,0.000000,W,0.000000,F,,,,,,
analog-value,1129,I129,Integer variable 129,FFF,F,F,0,0,1,no-units,FF,0.000000,0.000000,0.000000,0.000000,W,0.000000,F,,,,,,
analog-value,1130,I130,Integer variable 130,FFF,F,F,0,0,1,no-units,FF,0.000000,0.000000,0.000000,0.000000,W,0.000000,F,,,,,,
analog-value,1131,I131,Integer variable 131,FFF,F,F,0,0,1,no-units,FF,0.000000,0.000000,0.000000,0.000000,W,0.000000,F,,,,,,
analog-value,1132,I132,Integer variable 132,FFF,F,F,0,0,1,no-units,FF,0.000000,0.000000,0.000000,0.000000,W,0.000000,F,,,,,,
analog-value,1133,I133,Integer variable 133,FFF,F,F,0,0,1,no-units,FF,0.000000,0.000000,0.000000,0.000000,W,0.000000,F,,,,,,
analog-value,1134,I134,Integer variable 134,FFF,F,F,0,0,1,no-units,FF,0.000000,0.000000,0.000000,0.000000,W,0.000000,F,,,,,,
analog-value,1135,I135,Integer variable 135,FFF,F,F,0,0,1,no-units,FF,0.000000,0.000000,0.000000,0.000000,W,0.000000,F,,,,,,
analog-value,1136,I136,Integer variable 136,FFF,F,F,0,0,1,no-units,FF,0.000000,0.000000,0.000000,0.000000,W,0.000000,F,,,,,,
analog-value,1137,I137,Integer variable 137,FFF,F,F,0,0,1,no-units,FF,0.000000,0.000000,0.000000,0.000000,W,0.000000,F,,,,,,
analog-value,1138,I138,Integer variable 138,FFF,F,F,0,0,1,no-units,FF,0.000000,0.000000,0.000000,0.000000,W,0.000000,F,,,,,,
analog-value,1139,I139,Integer variable 139,FFF,F,F,0,0,1,no-units,FF,0.000000,0.000000,0.000000,0.000000,W,0.000000,F,,,,,,
analog-value,1140,I140,Integer variable 140,FFF,F,F,0,0,1,no-units,FF,0.000000,0.000000,0.000000,0.000000,W,0.000000,F,,,,,,
analog-value,1141,I141,Integer variable 141,FFF,F,F,0,0,1,no-units,FF,0.000000,0.000000,0.000000,0.000000,W,0.000000,F,,,,,,
analog-value,1142,I142,Integer variable 142,FFF,F,F,0,0,1,no-units,FF,0.000000,0.000000,0.000000,0.000000,W,0.000000,F,,,,,,
analog-value,1143,I143,Integer variable 143,FFF,F,F,0,0,1,no-units,FF,0.000000,0.000000,0.000000,0.000000,W,0.000000,F,,,,,,
analog-value,1144,I144,Integer variable 144,FFF,F,F,0,0,1,no-units,FF,0.000000,0.000000,0.000000,0.000000,W,0.000000,F,,,,,,
analog-value,1145,I145,Integer variable 145,FFF,F,F,0,0,1,no-units,FF,0.000000,0.000000,0.000000,0.000000,W,0.000000,F,,,,,,
analog-value,1146,I146,Integer variable 146,FFF,F,F,0,0,1,no-units,FF,0.000000,0.000000,0.000000,0.000000,W,0.000000,F,,,,,,
analog-value,1147,I147,Integer variable 147,FFF,F,F,0,0,1,no-units,FF,0.000000,0.000000,0.000000,0.000000,W,0.000000,F,,,,,,
analog-value,1148,I148,Integer variable 148,FFF,F,F,0,0,1,no-units,FF,0.000000,0.000000,0.000000,0.000000,W,0.000000,F,,,,,,
analog-value,1149,I149,Integer variable 149,FFF,F,F,0,0,1,no-units,FF,0.000000,0.000000,0.000000,0.000000,W,0.000000,F,,,,,,
analog-value,1150,I150,Integer variable 150,FFF,F,F,0,0,1,no-units,FF,0.000000,0.000000,0.000000,0.000000,W,0.000000,F,,,,,,
analog-value,1151,I151,Integer variable 151,FFF,F,F,0,0,1,no-units,FF,0.000000,0.000000,0.000000,0.000000,W,0.000000,F,,,,,,
analog-value,1152,I152,Integer variable 152,FFF,F,F,0,0,1,no-units,FF,0.000000,0.000000,0.000000,0.000000,W,0.000000,F,,,,,,
analog-value,1153,I153,Integer variable 153,FFF,F,F,0,0,1,no-units,FF,0.000000,0.000000,0.000000,0.000000,W,0.000000,F,,,,,,
analog-value,1154,I154,Integer variable 154,FFF,F,F,0,0,1,no-units,FF,0.000000,0.000000,0.000000,0.000000,W,0.000000,F,,,,,,
analog-value,1155,I155,Integer variable 155,FFF,F,F,0,0,1,no-units,FF,0.000000,0.000000,0.000000,0.000000,W,0.000000,F,,,,,,
analog-value,1156,I156,Integer variable 156,FFF,F,F,0,0,1,no-units,FF,0.000000,0.000000,0.000000,0.000000,W,0.000000,F,,,,,,
analog-value,1157,I157,Integer variable 157,FFF,F,F,0,0,1,no-units,FF,0.000000,0.000000,0.000000,0.000000,W,0.000000,F,,,,,,
analog-value,1158,I158,Integer variable 158,FFF,F,F,0,0,1,no-units,FF,0.000000,0.000000,0.000000,0.000000,W,0.000000,F,,,,,,
analog-value,1159,I159,Integer variable 159,FFF,F,F,0,0,1,no-units,FF,0.000000,0.000000,0.000000,0.000000,W,0.000000,F,,,,,,
analog-value,1160,I160,Integer variable 160,FFF,F,F,0,0,1,no-units,FF,0.000000,0.000000,0.000000,0.000000,W,0.000000,F,,,,,,
analog-value,1161,I161,Integer variable 161,FFF,F,F,0,0,1,no-units,FF,0.000000,0.000000,0.000000,0.000000,W,0.000000,F,,,,,,
analog-value,1162,I162,Integer variable 162,FFF,F,F,0,0,1,no-units,FF,0.000000,0.000000,0.000000,0.000000,W,0.000000,F,,,,,,
analog-value,1163,I163,Integer variable 163,FFF,F,F,0,0,1,no-units,FF,0.000000,0.000000,0.000000,0.000000,W,0.000000,F,,,,,,
analog-value,1164,I164,Integer variable 164,FFF,F,F,0,0,1,no-units,FF,0.000000,0.000000,0.000000,0.000000,W,0.000000,F,,,,,,
analog-value,1165,I165,Integer variable 165,FFF,F,F,0,0,1,no-units,FF,0.000000,0.000000,0.000000,0.000000,W,0.000000,F,,,,,,
analog-value,1166,I166,Integer variable 166,FFF,F,F,0,0,1,no-units,FF,0.000000,0.000000,0.000000,0.000000,W,0.000000,F,,,,,,
analog-value,1167,I167,Integer variable 167,FFF,F,F,0,0,1,no-units,FF,0.000000,0.000000,0.000000,0.000000,W,0.000000,F,,,,,,
analog-value,1168,I168,Integer variable 168,FFF,F,F,0,0,1,no-units,FF,0.000000,0.000000,0.000000,0.000000,W,0.000000,F,,,,,,
analog-value,1169,I169,Integer variable 169,FFF,F,F,0,0,1,no-units,FF,0.000000,0.000000,0.000000,0.000000,W,0.000000,F,,,,,,
analog-value,1170,I170,Integer variable 170,FFF,F,F,0,0,1,no-units,FF,0.000000,0.000000,0.000000,0.000000,W,0.000000,F,,,,,,
analog-value,1171,I171,Integer variable 171,FFF,F,F,0,0,1,no-units,FF,0.000000,0.000000,0.000000,0.000000,W,0.000000,F,,,,,,
analog-value,1172,I172,Integer variable 172,FFF,F,F,0,0,1,no-units,FF,0.000000,0.000000,0.000000,0.000000,W,0.000000,F,,,,,,
analog-value,1173,I173,Integer variable 173,FFF,F,F,0,0,1,no-units,FF,0.000000,0.000000,0.000000,0.000000,W,0.000000,F,,,,,,
analog-value,1174,I174,Integer variable 174,FFF,F,F,0,0,1,no-units,FF,0.000000,0.000000,0.000000,0.000000,W,0.000000,F,,,,,,
analog-value,1175,I175,Integer variable 175,FFF,F,F,0,0,1,no-units,FF,0.000000,0.000000,0.000000,0.000000,W,0.000000,F,,,,,,
analog-value,1176,I176,Integer variable 176,FFF,F,F,0,0,1,no-units,FF,0.000000,0.000000,0.000000,0.000000,W,0.000000,F,,,,,,
analog-value,1177,I177,Integer variable 177,FFF,F,F,0,0,1,no-units,FF,0.000000,0.000000,0.000000,0.000000,W,0.000000,F,,,,,,
analog-value,1178,I178,Integer variable 178,FFF,F,F,0,0,1,no-units,FF,0.000000,0.000000,0.000000,0.000000,W,0.000000,F,,,,,,
analog-value,1179,I179,Integer variable 179,FFF,F,F,0,0,1,no-units,FF,0.000000,0.000000,0.000000,0.000000,W,0.000000,F,,,,,,
analog-value,1180,I180,Integer variable 180,FFF,F,F,0,0,1,no-units,FF,0.000000,0.000000,0.000000,0.000000,W,0.000000,F,,,,,,
analog-value,1181,I181,Integer variable 181,FFF,F,F,0,0,1,no-units,FF,0.000000,0.000000,0.000000,0.000000,W,0.000000,F,,,,,,
analog-value,1182,I182,Integer variable 182,FFF,F,F,0,0,1,no-units,FF,0.000000,0.000000,0.000000,0.000000,W,0.000000,F,,,,,,
analog-value,1183,I183,Integer variable 183,FFF,F,F,0,0,1,no-units,FF,0.000000,0.000000,0.000000,0.000000,W,0.000000,F,,,,,,
analog-value,1184,I184,Integer variable 184,FFF,F,F,0,0,1,no-units,FF,0.000000,0.000000,0.000000,0.000000,W,0.000000,F,,,,,,
analog-value,1185,I185,Integer variable 185,FFF,F,F,0,0,1,no-units,FF,0.000000,0.000000,0.000000,0.000000,W,0.000000,F,,,,,,
analog-value,1186,I186,Integer variable 186,FFF,F,F,0,0,1,no-units,FF,0.000000,0.000000,0.000000,0.000000,W,0.000000,F,,,,,,
analog-value,1187,I187,Integer variable 187,FFF,F,F,0,0,1,no-units,FF,0.000000,0.000000,0.000000,0.000000,W,0.000000,F,,,,,,
analog-value,1188,I188,Integer variable 188,FFF,F,F,0,0,1,no-units,FF,0.000000,0.000000,0.000000,0.000000,W,0.000000,F,,,,,,
analog-value,1189,I189,Integer variable 189,FFF,F,F,0,0,1,no-units,FF,0.000000,0.000000,0.000000,0.000000,W,0.000000,F,,,,,,
analog-value,1190,I190,Integer variable 190,FFF,F,F,0,0,1,no-units,FF,0.000000,0.000000,0.000000,0.000000,W,0.000000,F,,,,,,
analog-value,1191,I191,Integer variable 191,FFF,F,F,0,0,1,no-units,FF,0.000000,0.000000,0.000000,0.000000,W,0.000000,F,,,,,,
analog-value,1192,I192,Integer variable 192,FFF,F,F,0,0,1,no-units,FF,0.000000,0.000000,0.000000,0.000000,W,0.000000,F,,,,,,
analog-value,1193,I193,Integer variable 193,FFF,F,F,0,0,1,no-units,FF,0.000000,0.000000,0.000000,0.000000,W,0.000000,F,,,,,,
analog-value,1194,I194,Integer variable 194,FFF,F,F,0,0,1,no-units,FF,0.000000,0.000000,0.000000,0.000000,W,0.000000,F,,,,,,
analog-value,1195,I195,Integer variable 195,FFF,F,F,0,0,1,no-units,FF,0.000000,0.000000,0.000000,0.000000,W,0.000000,F,,,,,,
analog-value,1196,I196,Integer variable 196,FFF,F,F,0,0,1,no-units,FF,0.000000,0.000000,0.000000,0.000000,W,0.000000,F,,,,,,
analog-value,1197,I197,Integer variable 197,FFF,F,F,0,0,1,no-units,FF,0.000000,0.000000,0.000000,0.000000,W,0.000000,F,,,,,,
analog-value,1198,I198,Integer variable 198,FFF,F,F,0,0,1,no-units,FF,0.000000,0.000000,0.000000,0.000000,W,0.000000,F,,,,,,
analog-value,1199,I199,Integer variable 199,FFF,F,F,0,0,1,no-units,FF,0.000000,0.000000,0.000000,0.000000,W,0.000000,F,,,,,,
analog-value,1200,I200,Integer variable 200,FFF,F,F,0,0,1,no-units,FF,0.000000,0.000000,0.000000,0.000000,W,0.000000,F,,,,,,
analog-value,1201,I201,Integer variable 201,FFF,F,F,0,0,1,no-units,FF,0.000000,0.000000,0.000000,0.000000,W,0.000000,F,,,,,,
analog-value,1202,I202,Integer variable 202,FFF,F,F,0,0,1,no-units,FF,0.000000,0.000000,0.000000,0.000000,W,0.000000,F,,,,,,
analog-value,1203,I203,Integer variable 203,FFF,F,F,0,0,1,no-units,FF,0.000000,0.000000,0.000000,0.000000,W,0.000000,F,,,,,,
analog-value,1204,I204,Integer variable 204,FFF,F,F,0,0,1,no-units,FF,0.000000,0.000000,0.000000,0.000000,W,0.000000,F,,,,,,
analog-value,1205,I205,Integer variable 205,FFF,F,F,0,0,1,no-units,FF,0.000000,0.000000,0.000000,0.000000,W,0.000000,F,,,,,,
analog-value,1206,I206,Integer variable 206,FFF,F,F,0,0,1,no-units,FF,0.000000,0.000000,0.000000,0.000000,W,0.000000,F,,,,,,
analog-value,1207,I207,Integer variable 207,FFF,F,F,0,0,1,no-units,FF,0.000000,0.000000,0.000000,0.000000,W,0.000000,F,,,,,,
Object_Type,Object_Instance,Object_Name,Description,Event_Enable,Issue_Confirmed_Notifications,Ack_Required,Time_Delay,Notification_Class,Priority,Inactive_Text,Active_Text,Alarm_Value,ReadWriteCommandable,Relinquish_Default,Alarm_Custom,Alarm_Property,Alarm_ChangeofState,Alarm_Normal,Alarm_Fault,Alarm_OffNormal
binary-value,1,PUMP_ON,SYSTEM_ON,FFF,F,F,0,0,1,Off,On,0,R,0,T,,able,Issue_Confirmed_Notifications,Ack_Required,Time_Delay
binary-value,2,SPIN1,COMPRESSOR 1 STARTING,FFF,F,F,0,0,1,Off,On,0,R,0,T,,onfirmed_Notifications,Ack_Required,Time_Delay,Notification_Class
binary-value,3,SPIN2,COMPRESSOR 2 STARTING,FFF,F,F,0,0,1,Off,On,0,R,0,T,,onfirmed_Notifications,Ack_Required,Time_Delay,Notification_Class
binary-value,4,SPIN3,COMPRESSOR 3 STARTING,FFF,F,F,0,0,1,Off,On,0,R,0,T,,onfirmed_Notifications,Ack_Required,Time_Delay,Notification_Class
binary-value,5,SPIN4,COMPRESSOR 4 STARTING,FFF,F,F,0,0,1,Off,On,0,R,0,T,,onfirmed_Notifications,Ack_Required,Time_Delay,Notification_Class
binary-value,6,ETV_BP_GC,COMPRESSOR 1 HOTGAS ELECTROVALVE,FFF,F,F,0,0,1,Off,On,0,R,0,T,,tifications,Ack_Required,Time_Delay,Notification_Class
binary-value,7,ETV_BP_GC_C2,COMPRESSOR 2 HOTGAS ELECTROVALVE,FFF,F,F,0,0,1,Off,On,0,R,0,T,,tifications,Ack_Required,Time_Delay,Notification_Class
binary-value,8,ETV_BP_GC_C3,COMPRESSOR 3 HOTGAS ELECTROVALVE,FFF,F,F,0,0,1,Off,On,0,R,0,T,,tifications,Ack_Required,Time_Delay,Notification_Class
binary-value,9,ETV_BP_GC_C4,COMPRESSOR 4 HOTGAS ELECTROVALVE,FFF,F,F,0,0,1,Off,On,0,R,0,T,,tifications,Ack_Required,Time_Delay,Notification_Class
binary-value,10,COMPRESSOR1,COMPRESSOR 1 RUNNING,FFF,F,F,0,0,1,Off,On,0,R,0,T,,n,0,R,0
binary-value,11,COMPRESSOR2,COMPRESSOR 2 RUNNING,FFF,F,F,0,0,1,Off,On,0,R,0,T,,n,0,R,0
binary-value,12,COMPRESSOR3,COMPRESSOR 3 RUNNING,FFF,F,F,0,0,1,Off,On,0,R,0,T,,n,0,R,0
binary-value,13,COMPRESSOR4,COMPRESSOR 4 RUNNING,FFF,F,F,0,0,1,Off,On,0,R,0,T,,n,0,R,0
binary-value,14,POMPA1,PUMP 1 ON ,FFF,F,F,0,0,1,Off,On,0,R,0,T,,,0,R,0
binary-value,15,POMPA2,PUMP 2 ON,FFF,F,F,0,0,1,Off,On,0,R,0,T,,,,0,R
binary-value,16,POMPA_FC,FREECOOLING PUMP ON,FFF,F,F,0,0,1,Off,On,0,R,0,T,,,n,0,R
binary-value,17,HEATER,ANTIFREEZE HEATERS,FFF,F,F,0,0,1,Off,On,0,R,0,T,,,,n,0
binary-value,18,X_CMD_IV,WATER MOTORIZED HYDRAULIC VALVE,FFF,F,F,0,0,1,Off,On,0,R,0,T,,tifications,Ack_Required,Time_Delay,Notification_Class
binary-value,19,VALVOLA_FC,WATER MOTORIZED FREECOOLING VALVE,FFF,F,F,0,0,1,Off,On,0,R,0,T,,fications,Ack_Required,Time_Delay,Notification_Class
binary-value,20,D020,Digital variable 20,FFF,F,F,0,0,1,1,Off,0,W,0,F,,,,,
binary-value,21,ETV_COND1_2,CONDENSING SOLENOID 1 VALVE,FFF,F,F,0,0,1,Off,On,0,R,0,T,,,0,F,
binary-value,22,ETV_COND3_4,CONDENSING SOLENOID 2 VALVE,FFF,F,F,0,0,1,Off,On,0,R,0,T,,,0,F,
binary-value,23,ETV_COND5_6,CONDENSING SOLENOID 3 VALVE,FFF,F,F,0,0,1,Off,On,0,R,0,T,,,0,F,
binary-value,24,ETV_COND7_8,CONDENSING SOLENOID 4 VALVE,FFF,F,F,0,0,1,Off,On,0,R,0,T,,,0,F,
binary-value,25,ETV_COND9_10,CONDENSING SOLENOID 5 VALVE,FFF,F,F,0,0,1,Off,On,0,R,0,T,,,0,F,
binary-value,26,D026,Digital variable 26,FFF,F,F,0,0,1,1,Off,0,W,0,F,,,,,
binary-value,27,D027,Digital variable 27,FFF,F,F,0,0,1,1,Off,0,W,0,F,,,,,
binary-value,28,D028,Digital variable 28,FFF,F,F,0,0,1,1,Off,0,W,0,F,,,,,
binary-value,29,D029,Digital variable 29,FFF,F,F,0,0,1,1,Off,0,W,0,F,,,,,
binary-value,30,D030,Digital variable 30,FFF,F,F,0,0,1,1,Off,0,W,0,F,,,,,
binary-value,31,PREAL_FLUX_EV,EVAPORATOR WATER FLOW PREALARM,FFF,F,F,0,0,1,Off,On,0,R,0,T,,F,,fications,Ack_Required
binary-value,32,AL_FLUX_EV,EVAPORATOR WATER FLOW ALARM,FFF,F,F,0,0,1,Off,On,0,R,0,T,,F,,F,
binary-value,33,PREAL_FLUX_PUMP_CON,CONDENSING  WATER FLOW PREALARM,FFF,F,F,0,0,1,Off,On,0,R,0,T,,,,fications,Ack_Required
binary-value,34,AL_FLUX_CON,CONDENSING  WATER FLOW ALARM,FFF,F,F,0,0,1,Off,On,0,R,0,T,,F,,,
binary-value,35,AL_AF_WARM,ANTIFREEZE WARNING,FFF,F,F,0,0,1,Off,On,0,R,0,T,,,0,R,0
binary-value,36,PREAL_AF_ALARM,ANTIFREEZE PREALARM,FFF,F,F,0,0,1,Off,On,0,R,0,T,,0,R,0,F
binary-value,37,AL_AF_ALARM,ANTIFREEZE ALARM,FFF,F,F,0,0,1,Off,On,0,R,0,T,,F,,0,R
binary-value,38,MAL_HT_WIN,WATER IN TEMPERATURE ABOVE MAXIMUM LIMIT,FFF,F,F,0,0,1,Off,On,0,R,0,T,,ns,Ack_Required,Time_Delay,Notification_Class
binary-value,39,MAL_LT_WIN,WATER IN TEMPERATURE BELOW LOW LIMIT,FFF,F,F,0,0,1,Off,On,0,R,0,T,,,F,,ns
binary-value,40,MLOW_TEMP_WOUT,EVAPORATOR HI WATER TEMPERATURE (OPERATING LIMITS),FFF,F,F,0,0,1,Off,On,0,R,0,T,,uired,Time_Delay,Notification_Class,Priority
binary-value,41,MLOW_TEMP_HWIN,EVAPORATOR LOW WATER TEMPERATURE (OPERATING LIMITS),FFF,F,F,0,0,1,Off,On,0,R,0,T,,ired,Time_Delay,Notification_Class,Priority
binary-value,42,MHI_TEMP_WOUT,CONDENSER HI WATER TEMPERATURE (OPERATING LIMITS),FFF,F,F,0,0,1,Off,On,0,R,0,T,,,,ired,Time_Delay
binary-value,43,MHI_TEMP_HWIN,CONDENSER LOW WATER TEMPERATURE (OPERATING LIMITS),FFF,F,F,0,0,1,Off,On,0,R,0,T,,,ired,Time_Delay,Notification_Class
binary-value,44,PREAL_TP_FAN,FANS THERMAL PREALARM,FFF,F,F,0,0,1,Off,On,0,R,0,T,,FF,F,F,0
binary-value,45,AL_TP_FAN,FANS THERMAL ALARM,FFF,F,F,0,0,1,Off,On,0,R,0,T,,F,,FF,F
binary-value,46,PREAL_FASE,MAINS PHASE/ VOLT.OUT OF LIMIT PREALARM,FFF,F,F,0,0,1,Off,On,0,R,0,T,,n,0,R,0
binary-value,47,ALG_FASE,MAINS PHASE/ VOLT.OUT OF LIMIT ALARM,FFF,F,F,0,0,1,Off,On,0,R,0,T,,F,,n,0
binary-value,48,MAL_FREQ_RILEV,SUPPLY FREQUENCY NOT DETECTED,FFF,F,F,0,0,1,Off,On,0,R,0,T,,R,0,F,
binary-value,49,MAL_ISOL_VALVE,ISOLATING VALVE NOT FULLY OPEN,FFF,F,F,0,0,1,Off,On,0,R,0,T,,,0,F,
binary-value,50,MAL_ACCESS,WRONG PASSWORD ALARM,FFF,F,F,0,0,1,Off,On,0,R,0,T,,,0,R,0
binary-value,51,MAL_OR_ORE_COMPR,COMPRESSOR HOUR COUNTER,FFF,F,F,0,0,1,Off,On,0,R,0,T,,R,0,F,
binary-value,52,MAL_OR_ORE_PUMP,PUMP HOUR COUNTER,FFF,F,F,0,0,1,Off,On,0,R,0,T,,,0,F,
binary-value,53,MAL_POMPA1,CIRCULATING PUMP 1 OVERLOAD ALARM,FFF,F,F,0,0,1,Off,On,0,R,0,T,,F,,F,
binary-value,54,MAL_POMPA2,CIRCULATING PUMP 2 OVERLOAD ALARM,FFF,F,F,0,0,1,Off,On,0,R,0,T,,F,,F,
binary-value,55,MAL_POMPAFC,FREECOOLING PUMP OVERLOAD ALARM,FFF,F,F,0,0,1,Off,On,0,R,0,T,,,,F,
binary-value,56,MPERM_MEM_ERROR,PERMANENT MEMORY ERROR,FFF,F,F,0,0,1,Off,On,0,R,0,T,,0,R,0,F
binary-value,57,GLOBAL_ALARM,GLOBAL ALARM,FFF,F,F,0,0,1,Off,On,0,R,0,T,,,0,R,0
binary-value,58,ALARM_A,TYPE A ALARM,FFF,F,F,0,0,1,Off,On,0,R,0,T,,,0,R,0
binary-value,59,ALARM_B,TYPE B ALARM,FFF,F,F,0,0,1,Off,On,0,R,0,T,,,0,R,0
binary-value,60,ALARM_C,TYPE C ALARM,FFF,F,F,0,0,1,Off,On,0,R,0,T,,,0,R,0
binary-value,61,MAL_LAN,INTERRUPTED LAN ALARM,FFF,F,F,0,0,1,Off,On,0,R,0,T,,,0,R,0
binary-value,62,MAL_LAN_BOARD2,BOARD 2 DISCONNECTED,FFF,F,F,0,0,1,Off,On,0,R,0,T,,,,0,R
binary-value,63,MAL_OFFLINE_C1,COMUNICATION FAILURE COMPRESSOR 1,FFF,F,F,0,0,1,Off,On,0,R,0,T,,F,,F,
binary-value,64,MAL_OFFLINE_C2,COMUNICATION FAILURE COMPRESSOR 2,FFF,F,F,0,0,1,Off,On,0,R,0,T,,F,,F,
binary-value,65,MAL_OFFLINE_C3,COMUNICATION FAILURE COMPRESSOR 3,FFF,F,F,0,0,1,Off,On,0,R,0,T,,F,,F,
binary-value,66,D066,Comunication failure compressor 4,FFF,F,F,0,0,1,Off,On,0,R,0,T,,F,,F,
binary-value,67,MAL_COMM_NOK,COMUNICATION FAILURE COM FIELDBUS 2,FFF,F,F,0,0,1,Off,On,0,R,0,T,,,F,,n
binary-value,68,MAL_OFFLINE_PMS,COMUNICATION FAILURE POWER ENERGY,FFF,F,F,0,0,1,Off,On,0,R,0,T,,,,,F
binary-value,69,MAL_OFFLINE_VENT_EC,COMUNICATION FAILURE EC FANS,FFF,F,F,0,0,1,Off,On,0,R,0,T,,0,F,,
binary-value,70,AL_OFFLINE_PUMP,COMUNICATION FAILURE INVERTER PUMP,FFF,F,F,0,0,1,Off,On,0,R,0,T,,,,F,
binary-value,71,MAL_CC1,COMPRESSOR 1  HIGH PRESSURE SWITCH ALARM,FFF,F,F,0,0,1,Off,On,0,R,0,T,,,0,R,0
binary-value,72,MAL_CC2,COMPRESSOR 2  HIGH PRESSURE SWITCH ALARM,FFF,F,F,0,0,1,Off,On,0,R,0,T,,,0,R,0
binary-value,73,MAL_CC3,COMPRESSOR 3  HIGH PRESSURE SWITCH ALARM,FFF,F,F,0,0,1,Off,On,0,R,0,T,,,0,R,0
binary-value,74,MAL_CC4,COMPRESSOR 4  HIGH PRESSURE SWITCH ALARM,FFF,F,F,0,0,1,Off,On,0,R,0,T,,,0,R,0
binary-value,75,MAL_HP,COMPRESSOR 1  HIGH PRESSURE ALARM,FFF,F,F,0,0,1,Off,On,0,R,0,T,,R,0,F,
binary-value,76,MAL_HP_C2,COMPRESSOR 2  HIGH PRESSURE ALARM,FFF,F,F,0,0,1,Off,On,0,R,0,T,,R,0,F,
binary-value,77,MAL_HP_C3,COMPRESSOR 3  HIGH PRESSURE ALARM,FFF,F,F,0,0,1,Off,On,0,R,0,T,,R,0,F,
binary-value,78,MAL_HP_C4,COMPRESSOR 4  HIGH PRESSURE ALARM,FFF,F,F,0,0,1,Off,On,0,R,0,T,,R,0,F,
binary-value,79,PREAL_BP,LOW PRESSURE PREALARM,FFF,F,F,0,0,1,Off,On,0,R,0,T,,On,0,R,0
binary-value,80,AL_GRAVE_BP,LOW PRESSURE ALARM,FFF,F,F,0,0,1,Off,On,0,R,0,T,,F,,On,0
binary-value,81,MAL_LP,COMPRESSOR 1  LOW PRESSURE ALARM,FFF,F,F,0,0,1,Off,On,0,R,0,T,,,R,0,F
binary-value,82,MAL_LP_C2,COMPRESSOR 2  LOW PRESSURE ALARM,FFF,F,F,0,0,1,Off,On,0,R,0,T,,,R,0,F
binary-value,83,MAL_LP_C3,COMPRESSOR 3  LOW PRESSURE ALARM,FFF,F,F,0,0,1,Off,On,0,R,0,T,,,R,0,F
binary-value,84,MAL_LP_C4,COMPRESSOR 4  LOW PRESSURE ALARM,FFF,F,F,0,0,1,Off,On,0,R,0,T,,,R,0,F
binary-value,85,MAL_SONDA_TWIN,WATER IN TEMPERATURE SENSOR FAILURE,FFF,F,F,0,0,1,Off,On,0,R,0,T,,0,F,,
binary-value,86,MAL_SONDA_TWOUT,WATER OUT TEMPERATURE SENSOR FAILURE,FFF,F,F,0,0,1,Off,On,0,R,0,T,,,F,,
binary-value,87,MAL_SONDA_THWIN,HOT WATER IN TEMPERATURE SENSOR FAILURE,FFF,F,F,0,0,1,Off,On,0,R,0,T,,,,0,R
binary-value,88,MAL_SONDA_THWOUT,HOT WATER OUT TEMPERATURE SENSOR FAILURE,FFF,F,F,0,0,1,Off,On,0,R,0,T,,,0,R,0
binary-value,89,MAL_SONDA_LEVEL,EVAPORATOR LEVEL 1 TRASDUCER FAILURE,FFF,F,F,0,0,1,Off,On,0,R,0,T,,,F,,
binary-value,90,MAL_SONDA_LEVEL2,EVAPORATOR LEVEL 2 TRASDUCER FAILURE,FFF,F,F,0,0,1,Off,On,0,R,0,T,,,F,,
binary-value,91,MAL_SONDA_TE,OUTDOOR AIR TEMP. SENSOR FAILURE/DISCONNECTED,FFF,F,F,0,0,1,Off,On,0,R,0,T,,0,F,,
binary-value,92,MAL_SONDA_TINEVAP,EVAPORATOR PRESSURE SENSOR FAILURE,FFF,F,F,0,0,1,Off,On,0,R,0,T,,n,0,R,0
binary-value,93,MAL_SONDA_TLIQ,LIQUID PRESSURE SENSOR FAILURE,FFF,F,F,0,0,1,Off,On,0,R,0,T,,,F,,n
binary-value,94,MAL_SONDA_PCC,LIQUID TEMPERATURE SENSOR FAILURE,FFF,F,F,0,0,1,Off,On,0,R,0,T,,,n,0,R
binary-value,95,MAL_SONDA_PDISCH,DISCHARGE PRESSURE SENSOR FAILURE,FFF,F,F,0,0,1,Off,On,0,R,0,T,,,n,0,R
binary-value,96,MAL_SONDA_PIN,WATER IN PRESSURE SENSOR FAILURE,FFF,F,F,0,0,1,Off,On,0,R,0,T,,,,n,0
binary-value,97,MAL_SONDA_POUT,WATER OUT PRESSURE SENSOR FAILURE,FFF,F,F,0,0,1,Off,On,0,R,0,T,,,n,0,R
binary-value,98,MOR_ERR_SW,BOARD 2 SOFTWARE NOT COMPATIBLE,FFF,F,F,0,0,1,Off,On,0,R,0,T,,,,,n
binary-value,99,MOR_ERR_BMS,BMS ERROR WRITE,FFF,F,F,0,0,1,Off,On,0,R,0,T,,Off,On,0,R
binary-value,100,AL_SERIUS_PUMP_INV,INVERTER PUMP ALARM (SERIUS),FFF,F,F,0,0,1,Off,On,0,R,0,F,,,,,
binary-value,101,AL_NOT_SERIUS_PUMP_INV,INVERTER PUMP ALARM (NOT SERIUS),FFF,F,F,0,0,1,Off,On,0,R,0,T,,,n,0,R
binary-value,102,MAL_LOW_WAT_PRES,WATER PRESSURE ABOVE MAXIMUM LIMIT,FFF,F,F,0,0,1,Off,On,0,R,0,T,,,0,R,0
binary-value,103,MAL_HI-WAT_PRES,WATER PRESSURE BELOW LOW LIMIT,FFF,F,F,0,0,1,Off,On,0,R,0,T,,,F,,
binary-value,104,MAL_UPS,EXTERNAL UPS ALARM,FFF,F,F,0,0,1,Off,On,0,R,0,T,,On,0,R,0
binary-value,105,D105,OMI Offline ALARM,FFF,F,F,0,0,1,Off,On,0,R,0,T,,,On,0,R
binary-value,106,D106,Digital variable 106,FFF,F,F,0,0,1,Off,On,0,W,0,F,,,,,
binary-value,107,FAILURE_C1,ALARM COMPRESSOR 1,FFF,F,F,0,0,1,Off,On,0,R,0,T,,On,0,R,0
binary-value,108,FAILURE_C2,ALARM COMPRESSOR 2,FFF,F,F,0,0,1,Off,On,0,R,0,T,,On,0,R,0
binary-value,109,FAILURE_C3,ALARM COMPRESSOR 3,FFF,F,F,0,0,1,Off,On,0,R,0,T,,On,0,R,0
binary-value,110,FAILURE_C4,ALARM COMPRESSOR 4,FFF,F,F,0,0,1,Off,On,0,R,0,T,,On,0,R,0
binary-value,111,MAL_HCURR,AL. COMPRESSOR 1  HIGH CURRENT ,FFF,F,F,0,0,1,Off,On,0,R,0,T,,F,,,0
binary-value,112,MAL_HCURR_C2,AL. COMPRESSOR 2  HIGH CURRENT ,FFF,F,F,0,0,1,Off,On,0,R,0,T,,F,,,0
binary-value,113,MAL_HCURR_C3,AL. COMPRESSOR 3  HIGH CURRENT ,FFF,F,F,0,0,1,Off,On,0,R,0,T,,F,,,0
binary-value,114,MAL_HCURR_C4,AL. COMPRESSOR 4  HIGH CURRENT ,FFF,F,F,0,0,1,Off,On,0,R,0,T,,F,,,0
binary-value,115,MAL_CAVITY_HT,AL. COMPR. 1  HIGH TEMPERATURE CAVITY ANOMALY,FFF,F,F,0,0,1,Off,On,0,R,0,T,,,F,,
binary-value,116,MAL_CAVITY_HT_C2,AL. COMPR. 2  HIGH TEMPERATURE CAVITY ANOMALY,FFF,F,F,0,0,1,Off,On,0,R,0,T,,,F,,
binary-value,117,MAL_CAVITY_HT_C3,AL. COMPR. 3  HIGH TEMPERATURE CAVITY ANOMALY,FFF,F,F,0,0,1,Off,On,0,R,0,T,,,F,,
binary-value,118,MAL_CAVITY_HT_C4,AL. COMPR. 4  HIGH TEMPERATURE CAVITY ANOMALY,FFF,F,F,0,0,1,Off,On,0,R,0,T,,,,F,
binary-value,119,MAL_HRT_CMPR,AL. COMPR. 1  TOT COMPRESSION RATIO ANOMALY,FFF,F,F,0,0,1,Off,On,0,R,0,T,,,,,F
binary-value,120,MAL_HRT_CMPR_C2,AL. COMPR. 2  TOT COMPRESSION RATIO ANOMALY,FFF,F,F,0,0,1,Off,On,0,R,0,T,,,,,F
binary-value,121,MAL_HRT_CMPR_C3,AL. COMPR. 3  TOT COMPRESSION RATIO ANOMALY,FFF,F,F,0,0,1,Off,On,0,R,0,T,,,,,F
binary-value,122,MAL_HRT_CMPR_C4,AL. COMPR. 4  TOT COMPRESSION RATIO ANOMALY,FFF,F,F,0,0,1,Off,On,0,R,0,T,,,,,F
binary-value,123,MAL_BEARING,AL. COMPRESSOR 1  BEARING MOTOR FAULT ,FFF,F,F,0,0,1,Off,On,0,R,0,T,,0,F,,
binary-value,124,MAL_BEARING_C2,AL. COMPRESSOR 2  BEARING MOTOR FAULT ,FFF,F,F,0,0,1,Off,On,0,R,0,T,,0,F,,
binary-value,125,MAL_BEARING_C3,AL. COMPRESSOR 3  BEARING MOTOR FAULT ,FFF,F,F,0,0,1,Off,On,0,R,0,T,,0,F,,
binary-value,126,MAL_BEARING_C4,AL. COMPRESSOR 4  BEARING MOTOR FAULT ,FFF,F,F,0,0,1,Off,On,0,R,0,T,,0,F,,
binary-value,127,MAL_HT_SCR,AL. COMPRESSOR 1 SCR HIGH TEMPERATURE,FFF,F,F,0,0,1,Off,On,0,R,0,T,,,0,F,
binary-value,128,MAL_HT_SCR_C2,AL. COMPRESSOR 2 SCR HIGH TEMPERATURE,FFF,F,F,0,0,1,Off,On,0,R,0,T,,,0,F,
binary-value,129,MAL_HT_SCR_C3,AL. COMPRESSOR 3 SCR HIGH TEMPERATURE,FFF,F,F,0,0,1,Off,On,0,R,0,T,,,0,F,
binary-value,130,MAL_HT_SCR_C4,AL. COMPRESSOR 4 SCR HIGH TEMPERATURE,FFF,F,F,0,0,1,Off,On,0,R,0,T,,,0,F,
binary-value,131,MLOW_VOLTAGE1,AL. COMPRESSOR 1 DC-BUS VOLTAGE BELOW ACCEPTABLE MINIMUM VALUE,FFF,F,F,0,0,1,Off,On,0,R,0,T,,lay,Notification_Class,Priority,Inactive_Text
binary-value,132,MLOW_VOLTAGE2,AL. COMPRESSOR 2 DC-BUS VOLTAGE BELOW ACCEPTABLE MINIMUM VALUE,FFF,F,F,0,0,1,Off,On,0,R,0,T,,lay,Notification_Class,Priority,Inactive_Text
binary-value,133,MLOW_VOLTAGE3,AL. COMPRESSOR 3 DC-BUS VOLTAGE BELOW ACCEPTABLE MINIMUM VALUE,FFF,F,F,0,0,1,Off,On,0,R,0,T,,lay,Notification_Class,Priority,Inactive_Text
binary-value,134,MLOW_VOLTAGE4,AL. COMPRESSOR 4 DC-BUS VOLTAGE BELOW ACCEPTABLE MINIMUM VALUE,FFF,F,F,0,0,1,Off,On,0,R,0,T,,lay,Notification_Class,Priority,Inactive_Text
binary-value,135,MAL_SENSOR_FAIL,AL. COMPRESSOR 1  SENSORE FAULT,FFF,F,F,0,0,1,Off,On,0,R,0,T,,,FFF,F,F
binary-value,136,MAL_SENSOR_FAIL_C2,AL. COMPRESSOR 2  SENSORE FAULT,FFF,F,F,0,0,1,Off,On,0,R,0,T,,,FFF,F,F
binary-value,137,MAL_SENSOR_FAIL_C3,AL. COMPRESSOR 3  SENSORE FAULT,FFF,F,F,0,0,1,Off,On,0,R,0,T,,,FFF,F,F
binary-value,138,MAL_SENSOR_FAIL_C4,AL. COMPRESSOR 4  SENSORE FAULT,FFF,F,F,0,0,1,Off,On,0,R,0,T,,,FFF,F,F
binary-value,139,MAL_INV_HT,AL. COMPRESSOR 1 INVERTER HIGH TEMPERATURE,FFF,F,F,0,0,1,Off,On,0,R,0,T,,0,1,Off,On
binary-value,140,MAL_INV_HT_C2,AL. COMPRESSOR 2 INVERTER HIGH TEMPERATURE,FFF,F,F,0,0,1,Off,On,0,R,0,T,,0,1,Off,On
binary-value,141,MAL_INV_HT_C3,AL. COMPRESSOR 3 INVERTER HIGH TEMPERATURE,FFF,F,F,0,0,1,Off,On,0,R,0,T,,0,1,Off,On
binary-value,142,MAL_INV_HT_C4,AL. COMPRESSOR 4 INVERTER HIGH TEMPERATURE,FFF,F,F,0,0,1,Off,On,0,R,0,T,,0,1,Off,On
binary-value,143,MAL_DISCH_HT,AL. COMPRESSOR 1 HIGH DISCHARGE TEMPERATURE,FFF,F,F,0,0,1,Off,On,0,R,0,T,,,1,Off,On
binary-value,144,MAL_DISCH_HT_C2,AL. COMPRESSOR 2 HIGH DISCHARGE TEMPERATURE,FFF,F,F,0,0,1,Off,On,0,R,0,T,,,1,Off,On
binary-value,145,MAL_DISCH_HT_C3,AL. COMPRESSOR 3 HIGH DISCHARGE TEMPERATURE,FFF,F,F,0,0,1,Off,On,0,R,0,T,,,1,Off,On
binary-value,146,MAL_DISCH_HT_C4,AL. COMPRESSOR 4 HIGH DISCHARGE TEMPERATURE,FFF,F,F,0,0,1,Off,On,0,R,0,T,,,1,Off,On
binary-value,147,OR_AL_EXV_AUTO,COMMISSIONING ERROR EXPANSION VALVE,FFF,F,F,0,0,1,Off,On,0,R,0,T,,,R,0,F
binary-value,148,SPW_READ_WRITE,SUPERVISOR SPECIAL PARAMETERS READ/WRITE,FFF,F,F,0,0,1,Off,On,0,W,0,F,,,,,
binary-value,149,POWER_SUPPLY_FAILURE,POWER SUPPLY FAILURE,FFF,F,F,0,0,1,Off,On,0,R,0,T,,ff,On,0,R
binary-value,150,COMPR_DISABLE,COMPRESSORS DISABLE,FFF,F,F,0,0,1,Off,On,0,R,0,T,,,,ff,On
binary-value,151,D151,NEXT COMPRESSOR STEP DISABLE,FFF,F,F,0,0,1,Off,On,0,R,0,T,,R,0,F,
binary-value,152,FORCE,UNIT FORCE (ON OR OFF),FFF,F,F,0,0,1,Off,On,0,R,0,T,,1,Off,On,0
binary-value,153,K_FORCE_ON,UNIT FORCE ON,FFF,F,F,0,0,1,Off,On,0,R,0,T,,ff,On,0,R
binary-value,154,MAN_MODE,UNIT MANUAL MODE,FFF,F,F,0,0,1,Off,On,0,R,0,T,,,,ff,On
binary-value,155,MAL_GENERATOR_MODE_C1,POWER FAILURE DURING COMPRESSOR 1 ON,FFF,F,F,0,0,1,Off,On,0,R,0,T,,R,0,F,
binary-value,156,MAL_GENERATOR_MODE_C2,POWER FAILURE DURING COMPRESSOR 2 ON,FFF,F,F,0,0,1,Off,On,0,R,0,T,,R,0,F,
binary-value,157,MAL_GENERATOR_MODE_C3,POWER FAILURE DURING COMPRESSOR 3 ON,FFF,F,F,0,0,1,Off,On,0,R,0,T,,R,0,F,
binary-value,158,MAL_GENERATOR_MODE_C4,POWER FAILURE DURING COMPRESSOR 4 ON,FFF,F,F,0,0,1,Off,On,0,R,0,T,,R,0,F,
binary-value,159,GO_UCAP,ULTRACAPACITOR WORKING,FFF,F,F,0,0,1,Off,On,0,R,0,T,,F,0,0,1
binary-value,160,UCAP_GHARGE_OK,ULTRACAPACITOR CHARGE COMPLETED,FFF,F,F,0,0,1,Off,On,0,R,0,T,,ff,On,0,R
binary-value,161,D161,Digital variable 161,FFF,F,F,0,0,1,Off,On,0,W,0,F,,,,,
binary-value,162,D162,Digital variable 162,FFF,F,F,0,0,1,Off,On,0,W,0,F,,,,,
binary-value,163,D163,Digital variable 163,FFF,F,F,0,0,1,Off,On,0,W,0,F,,,,,
binary-value,164,D164,Digital variable 164,FFF,F,F,0,0,1,Off,On,0,W,0,F,,,,,
binary-value,165,D165,Digital variable 165,FFF,F,F,0,0,1,Off,On,0,W,0,F,,,,,
binary-value,166,D166,Digital variable 166,FFF,F,F,0,0,1,Off,On,0,W,0,F,,,,,
binary-value,167,D167,Digital variable 167,FFF,F,F,0,0,1,Off,On,0,W,0,F,,,,,
binary-value,168,D168,Digital variable 168,FFF,F,F,0,0,1,Off,On,0,W,0,F,,,,,
binary-value,169,D169,Digital variable 169,FFF,F,F,0,0,1,Off,On,0,W,0,F,,,,,
binary-value,170,D170,Digital variable 170,FFF,F,F,0,0,1,Off,On,0,W,0,F,,,,,
binary-value,171,D171,Digital variable 171,FFF,F,F,0,0,1,Off,On,0,W,0,F,,,,,
binary-value,172,D172,Digital variable 172,FFF,F,F,0,0,1,Off,On,0,W,0,F,,,,,
binary-value,173,D173,Digital variable 173,FFF,F,F,0,0,1,Off,On,0,W,0,F,,,,,
binary-value,174,D174,Digital variable 174,FFF,F,F,0,0,1,Off,On,0,W,0,F,,,,,
binary-value,175,D175,Digital variable 175,FFF,F,F,0,0,1,Off,On,0,W,0,F,,,,,
binary-value,176,D176,Digital variable 176,FFF,F,F,0,0,1,Off,On,0,W,0,F,,,,,
binary-value,177,D177,Digital variable 177,FFF,F,F,0,0,1,Off,On,0,W,0,F,,,,,
binary-value,178,D178,Digital variable 178,FFF,F,F,0,0,1,Off,On,0,W,0,F,,,,,
binary-value,179,D179,Digital variable 179,FFF,F,F,0,0,1,Off,On,0,W,0,F,,,,,
binary-value,180,D180,Digital variable 180,FFF,F,F,0,0,1,Off,On,0,W,0,F,,,,,
binary-value,181,D181,Digital variable 181,FFF,F,F,0,0,1,Off,On,0,W,0,F,,,,,
binary-value,182,D182,Digital variable 182,FFF,F,F,0,0,1,Off,On,0,W,0,F,,,,,
binary-value,183,D183,Digital variable 183,FFF,F,F,0,0,1,Off,On,0,W,0,F,,,,,
binary-value,184,D184,Digital variable 184,FFF,F,F,0,0,1,Off,On,0,W,0,F,,,,,
binary-value,185,D185,Digital variable 185,FFF,F,F,0,0,1,Off,On,0,W,0,F,,,,,
binary-value,186,D186,Digital variable 186,FFF,F,F,0,0,1,Off,On,0,W,0,F,,,,,
binary-value,187,D187,Digital variable 187,FFF,F,F,0,0,1,Off,On,0,W,0,F,,,,,
binary-value,188,D188,Digital variable 188,FFF,F,F,0,0,1,Off,On,0,W,0,F,,,,,
binary-value,189,D189,Digital variable 189,FFF,F,F,0,0,1,Off,On,0,W,0,F,,,,,
binary-value,190,D190,Digital variable 190,FFF,F,F,0,0,1,Off,On,0,W,0,F,,,,,
binary-value,191,D191,Digital variable 191,FFF,F,F,0,0,1,Off,On,0,W,0,F,,,,,
binary-value,192,D192,Digital variable 192,FFF,F,F,0,0,1,Off,On,0,W,0,F,,,,,
binary-value,193,D193,Digital variable 193,FFF,F,F,0,0,1,Off,On,0,W,0,F,,,,,
binary-value,194,D194,Digital variable 194,FFF,F,F,0,0,1,Off,On,0,W,0,F,,,,,
binary-value,195,D195,Digital variable 195,FFF,F,F,0,0,1,Off,On,0,W,0,F,,,,,
binary-value,196,D196,Digital variable 196,FFF,F,F,0,0,1,Off,On,0,W,0,F,,,,,
binary-value,197,D197,Digital variable 197,FFF,F,F,0,0,1,Off,On,0,W,0,F,,,,,
binary-value,198,D198,Digital variable 198,FFF,F,F,0,0,1,Off,On,0,W,0,F,,,,,
binary-value,199,D199,Digital variable 199,FFF,F,F,0,0,1,Off,On,0,W,0,F,,,,,
binary-value,200,D200,Digital variable 200,FFF,F,F,0,0,1,Off,On,0,W,0,F,,,,,
binary-value,201,K_SYSON,UNIT REMOTE SWITCH-ON/OFF CONTROL,FFF,F,F,0,0,1,Off,On,0,W,0,T,,F,,R,0
binary-value,202,SLEEP_MODE,SET BACK MODE (SLEEP MODE),FFF,F,F,0,0,1,Off,On,0,W,0,T,,W,0,F,
binary-value,203,XS_RES_AL,BUZZER AND ALARM REMOTE RESET CONTROL,FFF,F,F,0,0,1,Off,On,0,W,0,T,,,0,F,
binary-value,204,RES_SOCOMEC,SOCOMEC RESET,FFF,F,F,0,0,1,Off,On,0,W,0,T,,F,0,0,1
binary-value,205,LOWP_SP,LOW POWER REQUEST,FFF,F,F,0,0,1,Off,On,0,W,0,T,,0,1,Off,On
binary-value,206,D206,Digital variable 206,FFF,F,F,0,0,1,Off,On,0,W,0,F,,,,,
binary-value,207,D207,Digital variable 207,FFF,F,F,0,0,1,Off,On,0,W,0,F,,,,,
