; Device 77000
Object_Type,Object_Instance,Object_Name,Description,Event_Enable,Issue_Confirmed_Notifications,Ack_Required,Time_Delay,Notification_Class,Priority,Units,Limit_Enable,High_Limit,Low_Limit,Deadband,COV_Increment,ReadWriteCommandable,Relinquish_Default,Alarm_Custom,Alarm_Property,Alarm_OutOfRange,Alarm_Normal,Alarm_Fault,Alarm_HighLimit,Alarm_LowLimit
analog-value,1,A001,Water Outlet Temperature,FFF,F,F,0,0,255,no-units,FF,0.000000,0.000000,0.000000,0.000000,W,0.000000,F,,,1,,,
analog-value,2,A002,Water Outlet Temp. used by regulator,FFF,F,F,0,0,255,no-units,FF,0.000000,0.000000,0.000000,0.000000,W,0.000000,F,,,,,,
analog-value,3,A003,Water Inlet Temperature,FFF,F,F,0,0,255,no-units,FF,0.000000,0.000000,0.000000,0.000000,W,0.000000,F,,,,,,
analog-value,4,A004,Water Tank Temperature,FFF,F,F,0,0,255,no-units,FF,0.000000,0.000000,0.000000,0.000000,W,0.000000,F,,,,,,
analog-value,5,A005,Outdoor Air Temperature,FFF,F,F,0,0,255,no-units,FF,0.000000,0.000000,0.000000,0.000000,W,0.000000,F,,,,,,
analog-value,6,A006,Circuit 1 Condensing Temperature,FFF,F,F,0,0,255,no-units,FF,0.000000,0.000000,0.000000,0.000000,W,0.000000,F,,,,,,
analog-value,7,A007,Circuit 2 Condensing Temperature,FFF,F,F,0,0,255,no-units,FF,0.000000,0.000000,0.000000,0.000000,W,0.000000,F,,,,,,
analog-value,8,A008,Circuit 1 Evaporating Temperature,FFF,F,F,0,0,255,no-units,FF,0.000000,0.000000,0.000000,0.000000,W,0.000000,F,,,,,,
analog-value,9,A009,Circuit 2 Evaporating Temperature,FFF,F,F,0,0,255,no-units,FF,0.000000,0.000000,0.000000,0.000000,W,0.000000,F,,,,,,
analog-value,10,A010,Circuit 1 Condensing Pressure ,FFF,F,F,0,0,255,no-units,FF,0.000000,0.000000,0.000000,0.000000,W,0.000000,F,,,,,,
analog-value,11,A011,Circuit 2 Condensing Pressure,FFF,F,F,0,0,255,no-units,FF,0.000000,0.000000,0.000000,0.000000,W,0.000000,F,,,,,,
analog-value,12,A012,Circuit 1 Evaporating Pressure,FFF,F,F,0,0,255,no-units,FF,0.000000,0.000000,0.000000,0.000000,W,0.000000,F,,,,,,
analog-value,13,A013,Circuit 2 Evaporating Pressure,FFF,F,F,0,0,255,no-units,FF,0.000000,0.000000,0.000000,0.000000,W,0.000000,F,,,,,,
analog-value,14,A014,Fan Speed Modul.Ramp,FFF,F,F,0,0,255,no-units,FF,0.000000,0.000000,0.000000,0.000000,W,0.000000,F,,,,,,
analog-value,15,A015,Delivery Water Temp. Actual Set Point,FFF,F,F,0,0,255,no-units,FF,0.000000,0.000000,0.000000,0.000000,W,0.000000,F,,,,,,
analog-value,16,A016,Delivery Water Temp. Max. Hysteresi,FFF,F,F,0,0,255,no-units,FF,0.000000,0.000000,0.000000,0.000000,W,0.000000,F,,,,,,
analog-value,17,A017,Offset supervisor,FFF,F,F,0,0,255,no-units,FF,0.000000,0.000000,0.000000,0.000000,W,0.000000,F,,,,,,
analog-value,18,A018,Delivery Water Temp. Summer STD Set Point,FFF,F,F,0,0,255,no-units,FF,0.000000,0.000000,0.000000,0.000000,W,0.000000,F,,,,,,
analog-value,19,A019,Delivery Water Temp. Summer OPT Set Point,FFF,F,F,0,0,255,no-units,FF,0.000000,0.000000,0.000000,0.000000,W,0.000000,F,,,,,,
analog-value,20,A020,Del.Water T. Summer SetBack mode SetP.,FFF,F,F,0,0,255,no-units,FF,0.000000,0.000000,0.000000,0.000000,W,0.000000,F,,,,,,
analog-value,21,A021,Delivery Water Temp. Winter Set Point,FFF,F,F,0,0,255,no-units,FF,0.000000,0.000000,0.000000,0.000000,W,0.000000,F,,,,,,
analog-value,22,A022,Del.Water T. Winter SetBack mode SetP,FFF,F,F,0,0,255,no-units,FF,0.000000,0.000000,0.000000,0.000000,W,0.000000,F,,,,,,
analog-value,23,A023,CW inlet High Temp.Summer Alarm Threshold,FFF,F,F,0,0,255,no-units,FF,0.000000,0.000000,0.000000,0.000000,W,0.000000,F,,,,,,
analog-value,24,A024,CW inlet Low Temp.Summer Alarm Threshold,FFF,F,F,0,0,255,no-units,FF,0.000000,0.000000,0.000000,0.000000,W,0.000000,F,,,,,,
analog-value,25,A025,CW inlet High Temp. Alarm Winter Threshold,FFF,F,F,0,0,255,no-units,FF,0.000000,0.000000,0.000000,0.000000,W,0.000000,F,,,,,,
analog-value,26,A026,CW inlet Low Temp. Alarm Winter Threshold,FFF,F,F,0,0,255,no-units,FF,0.000000,0.000000,0.000000,0.000000,W,0.000000,F,,,,,,
analog-value,27,A027,Summer T.ext Compens.: P1 T.ext SetP.,FFF,F,F,0,0,255,no-units,FF,0.000000,0.000000,0.000000,0.000000,W,0.000000,F,,,,,,
analog-value,28,A028,Summer T.ext Compens.: P2 T.wout SetP.,FFF,F,F,0,0,255,no-units,FF,0.000000,0.000000,0.000000,0.000000,W,0.000000,F,,,,,,
analog-value,29,A029,Summer T.ext Compens.: P2 T.ext SetP.,FFF,F,F,0,0,255,no-units,FF,0.000000,0.000000,0.000000,0.000000,W,0.000000,F,,,,,,
analog-value,30,A030,Winter T.ext Compens.: P1 T.ext SetP.,FFF,F,F,0,0,255,no-units,FF,0.000000,0.000000,0.000000,0.000000,W,0.000000,F,,,,,,
analog-value,31,A031,Winter T.ext Compens.: P2 T.wout SetP.,FFF,F,F,0,0,255,no-units,FF,0.000000,0.000000,0.000000,0.000000,W,0.000000,F,,,,,,
analog-value,32,A032,Winter T.ext Compens.: P2 T.ext SetP.,FFF,F,F,0,0,255,no-units,FF,0.000000,0.000000,0.000000,0.000000,W,0.000000,F,,,,,,
analog-value,33,A033,Free-Cooling Activation Set Point,FFF,F,F,0,0,255,no-units,FF,0.000000,0.000000,0.000000,0.000000,W,0.000000,F,,,,,,
analog-value,34,A034,Circuit 1 superheating,FFF,F,F,0,0,255,no-units,FF,0.000000,0.000000,0.000000,0.000000,W,0.000000,F,,,,,,
analog-value,35,A035,Circuit 2 superheating,FFF,F,F,0,0,255,no-units,FF,0.000000,0.000000,0.000000,0.000000,W,0.000000,F,,,,,,
analog-value,36,A036,Delivery Water Temp. Winter OPT Set Point,FFF,F,F,0,0,255,no-units,FF,0.000000,0.000000,0.000000,0.000000,W,0.000000,F,,,,,,
analog-value,37,A037,Summer/Winter Autom.Switch On Winter,FFF,F,F,0,0,255,no-units,FF,0.000000,0.000000,0.000000,0.000000,W,0.000000,F,,,,,,
analog-value,38,A038,Summer/Winter Autom.Switch On Summer,FFF,F,F,0,0,255,no-units,FF,0.000000,0.000000,0.000000,0.000000,W,0.000000,F,,,,,,
analog-value,39,A039,Circuit 1 liquid refrigerant temperature,FFF,F,F,0,0,255,no-units,FF,0.000000,0.000000,0.000000,0.000000,W,0.000000,F,,,,,,
analog-value,40,A040,Circuit 2 liquid refrigerant temperature,FFF,F,F,0,0,255,no-units,FF,0.000000,0.000000,0.000000,0.000000,W,0.000000,F,,,,,,
analog-value,41,A041,Circuit 1 subcooling,FFF,F,F,0,0,255,no-units,FF,0.000000,0.000000,0.000000,0.000000,W,0.000000,F,,,,,,
analog-value,42,A042,Circuit 2 subcooling,FFF,F,F,0,0,255,no-units,FF,0.000000,0.000000,0.000000,0.000000,W,0.000000,F,,,,,,
analog-value,43,A043,Expansion valve 1 position percentage,FFF,F,F,0,0,255,no-units,FF,0.000000,0.000000,0.000000,0.000000,W,0.000000,F,,,,,,
analog-value,44,A044,Expansion valve 2 position percentage,FFF,F,F,0,0,255,no-units,FF,0.000000,0.000000,0.000000,0.000000,W,0.000000,F,,,,,,
analog-value,45,A045,Circuit 1 superheating setpoint,FFF,F,F,0,0,255,no-units,FF,0.000000,0.000000,0.000000,0.000000,W,0.000000,F,,,,,,
analog-value,46,A046,Circuit 2 superheating setpoint,FFF,F,F,0,0,255,no-units,FF,0.000000,0.000000,0.000000,0.000000,W,0.000000,F,,,,,,
analog-value,47,A047,Heat recovery  water inlet temperature,FFF,F,F,0,0,255,no-units,FF,0.000000,0.000000,0.000000,0.000000,W,0.000000,F,,,,,,
analog-value,48,A048,Heat recovery  water outlet temperature,FFF,F,F,0,0,255,no-units,FF,0.000000,0.000000,0.000000,0.000000,W,0.000000,F,,,,,,
analog-value,49,A049,Regulation Ramp,FFF,F,F,0,0,255,no-units,FF,0.000000,0.000000,0.000000,0.000000,W,0.000000,F,,,,,,
analog-value,50,A050,Inverter Pump speed max,FFF,F,F,0,0,255,no-units,FF,0.000000,0.000000,0.000000,0.000000,W,0.000000,F,,,,,,
analog-value,51,A051,Inverter Pump speed min,FFF,F,F,0,0,255,no-units,FF,0.000000,0.000000,0.000000,0.000000,W,0.000000,F,,,,,,
analog-value,52,A052,ANALOG VARIABLE 52,FFF,F,F,0,0,255,no-units,FF,0.000000,0.000000,0.000000,0.000000,W,0.000000,F,,,,,,
analog-value,53,A053,ANALOG VARIABLE 53,FFF,F,F,0,0,255,no-units,FF,0.000000,0.000000,0.000000,0.000000,W,0.000000,F,,,,,,
analog-value,54,A054,ANALOG VARIABLE 54,FFF,F,F,0,0,255,no-units,FF,0.000000,0.000000,0.000000,0.000000,W,0.000000,F,,,,,,
analog-value,55,A055,ANALOG VARIABLE 55,FFF,F,F,0,0,255,no-units,FF,0.000000,0.000000,0.000000,0.000000,W,0.000000,F,,,,,,
analog-value,56,A056,ANALOG VARIABLE 56,FFF,F,F,0,0,255,no-units,FF,0.000000,0.000000,0.000000,0.000000,W,0.000000,F,,,,,,
analog-value,57,A057,ANALOG VARIABLE 57,FFF,F,F,0,0,255,no-units,FF,0.000000,0.000000,0.000000,0.000000,W,0.000000,F,,,,,,
analog-value,58,A058,ANALOG VARIABLE 58,FFF,F,F,0,0,255,no-units,FF,0.000000,0.000000,0.000000,0.000000,W,0.000000,F,,,,,,
analog-value,59,A059,ANALOG VARIABLE 59,FFF,F,F,0,0,255,no-units,FF,0.000000,0.000000,0.000000,0.000000,W,0.000000,F,,,,,,
analog-value,60,A060,ANALOG VARIABLE 60,FFF,F,F,0,0,255,no-units,FF,0.000000,0.000000,0.000000,0.000000,W,0.000000,F,,,,,,
analog-value,61,A061,Water Circuit 1 Outlet Temperature,FFF,F,F,0,0,255,no-units,FF,0.000000,0.000000,0.000000,0.000000,W,0.000000,F,,,,,,
analog-value,62,A062,Water Circuit 2 Outlet Temperature,FFF,F,F,0,0,255,no-units,FF,0.000000,0.000000,0.000000,0.000000,W,0.000000,F,,,,,,
analog-value,63,A063,Compressor 1 discharge temperature,FFF,F,F,0,0,255,no-units,FF,0.000000,0.000000,0.000000,0.000000,W,0.000000,F,,,,,,
analog-value,64,A064,Compressor 1 Frequency,FFF,F,F,0,0,255,no-units,FF,0.000000,0.000000,0.000000,0.000000,W,0.000000,F,,,,,,
analog-value,65,A065,ANALOG VARIABLE 65,FFF,F,F,0,0,255,no-units,FF,0.000000,0.000000,0.000000,0.000000,W,0.000000,F,,,,,,
analog-value,66,A066,ANALOG VARIABLE 66,FFF,F,F,0,0,255,no-units,FF,0.000000,0.000000,0.000000,0.000000,W,0.000000,F,,,,,,
analog-value,67,A067,ANALOG VARIABLE 67,FFF,F,F,0,0,255,no-units,FF,0.000000,0.000000,0.000000,0.000000,W,0.000000,F,,,,,,
analog-value,68,A068,ANALOG VARIABLE 68,FFF,F,F,0,0,255,no-units,FF,0.000000,0.000000,0.000000,0.000000,W,0.000000,F,,,,,,
analog-value,69,A069,ANALOG VARIABLE 69,FFF,F,F,0,0,255,no-units,FF,0.000000,0.000000,0.000000,0.000000,W,0.000000,F,,,,,,
analog-value,70,A070,ANALOG VARIABLE 70,FFF,F,F,0,0,255,no-units,FF,0.000000,0.000000,0.000000,0.000000,W,0.000000,F,,,,,,
analog-value,71,A071,ANALOG VARIABLE 71,FFF,F,F,0,0,255,no-units,FF,0.000000,0.000000,0.000000,0.000000,W,0.000000,F,,,,,,
analog-value,72,A072,ANALOG VARIABLE 72,FFF,F,F,0,0,255,no-units,FF,0.000000,0.000000,0.000000,0.000000,W,0.000000,F,,,,,,
analog-value,73,A073,ANALOG VARIABLE 73,FFF,F,F,0,0,255,no-units,FF,0.000000,0.000000,0.000000,0.000000,W,0.000000,F,,,,,,
analog-value,74,A074,ANALOG VARIABLE 74,FFF,F,F,0,0,255,no-units,FF,0.000000,0.000000,0.000000,0.000000,W,0.000000,F,,,,,,
analog-value,75,A075,ANALOG VARIABLE 75,FFF,F,F,0,0,255,no-units,FF,0.000000,0.000000,0.000000,0.000000,W,0.000000,F,,,,,,
analog-value,76,A076,ANALOG VARIABLE 76,FFF,F,F,0,0,255,no-units,FF,0.000000,0.000000,0.000000,0.000000,W,0.000000,F,,,,,,
analog-value,77,A077,ANALOG VARIABLE 77,FFF,F,F,0,0,255,no-units,FF,0.000000,0.000000,0.000000,0.000000,W,0.000000,F,,,,,,
analog-value,78,A078,ANALOG VARIABLE 78,FFF,F,F,0,0,255,no-units,FF,0.000000,0.000000,0.000000,0.000000,W,0.000000,F,,,,,,
analog-value,79,A079,ANALOG VARIABLE 79,FFF,F,F,0,0,255,no-units,FF,0.000000,0.000000,0.000000,0.000000,W,0.000000,F,,,,,,
analog-value,80,A080,ANALOG VARIABLE 80,FFF,F,F,0,0,255,no-units,FF,0.000000,0.000000,0.000000,0.000000,W,0.000000,F,,,,,,
analog-value,81,A081,ANALOG VARIABLE 81,FFF,F,F,0,0,255,no-units,FF,0.000000,0.000000,0.000000,0.000000,W,0.000000,F,,,,,,
analog-value,82,A082,ANALOG VARIABLE 82,FFF,F,F,0,0,255,no-units,FF,0.000000,0.000000,0.000000,0.000000,W,0.000000,F,,,,,,
analog-value,83,A083,ANALOG VARIABLE 83,FFF,F,F,0,0,255,no-units,FF,0.000000,0.000000,0.000000,0.000000,W,0.000000,F,,,,,,
analog-value,84,A084,ANALOG VARIABLE 84,FFF,F,F,0,0,255,no-units,FF,0.000000,0.000000,0.000000,0.000000,W,0.000000,F,,,,,,
analog-value,85,A085,ANALOG VARIABLE 85,FFF,F,F,0,0,255,no-units,FF,0.000000,0.000000,0.000000,0.000000,W,0.000000,F,,,,,,
analog-value,86,A086,ANALOG VARIABLE 86,FFF,F,F,0,0,255,no-units,FF,0.000000,0.000000,0.000000,0.000000,W,0.000000,F,,,,,,
analog-value,87,A087,ANALOG VARIABLE 87,FFF,F,F,0,0,255,no-units,FF,0.000000,0.000000,0.000000,0.000000,W,0.000000,F,,,,,,
analog-value,88,A088,ANALOG VARIABLE 88,FFF,F,F,0,0,255,no-units,FF,0.000000,0.000000,0.000000,0.000000,W,0.000000,F,,,,,,
analog-value,89,A089,ANALOG VARIABLE 89,FFF,F,F,0,0,255,no-units,FF,0.000000,0.000000,0.000000,0.000000,W,0.000000,F,,,,,,
analog-value,90,A090,ANALOG VARIABLE 90,FFF,F,F,0,0,255,no-units,FF,0.000000,0.000000,0.000000,0.000000,W,0.000000,F,,,,,,
analog-value,91,A091,ANALOG VARIABLE 91,FFF,F,F,0,0,255,no-units,FF,0.000000,0.000000,0.000000,0.000000,W,0.000000,F,,,,,,
analog-value,92,A092,ANALOG VARIABLE 92,FFF,F,F,0,0,255,no-units,FF,0.000000,0.000000,0.000000,0.000000,W,0.000000,F,,,,,,
analog-value,93,A093,ANALOG VARIABLE 93,FFF,F,F,0,0,255,no-units,FF,0.000000,0.000000,0.000000,0.000000,W,0.000000,F,,,,,,
analog-value,94,A094,ANALOG VARIABLE 94,FFF,F,F,0,0,255,no-units,FF,0.000000,0.000000,0.000000,0.000000,W,0.000000,F,,,,,,
analog-value,95,A095,ANALOG VARIABLE 95,FFF,F,F,0,0,255,no-units,FF,0.000000,0.000000,0.000000,0.000000,W,0.000000,F,,,,,,
analog-value,96,A096,ANALOG VARIABLE 96,FFF,F,F,0,0,255,no-units,FF,0.000000,0.000000,0.000000,0.000000,W,0.000000,F,,,,,,
analog-value,97,A097,ANALOG VARIABLE 97,FFF,F,F,0,0,255,no-units,FF,0.000000,0.000000,0.000000,0.000000,W,0.000000,F,,,,,,
analog-value,98,A098,ANALOG VARIABLE 98,FFF,F,F,0,0,255,no-units,FF,0.000000,0.000000,0.000000,0.000000,W,0.000000,F,,,,,,
analog-value,99,A099,ANALOG VARIABLE 99,FFF,F,F,0,0,255,no-units,FF,0.000000,0.000000,0.000000,0.000000,W,0.000000,F,,,,,,
analog-value,100,A100,ANALOG VARIABLE 100,FFF,F,F,0,0,255,no-units,FF,0.000000,0.000000,0.000000,0.000000,W,0.000000,F,,,,,,
analog-value,101,A101,ANALOG VARIABLE 101,FFF,F,F,0,0,255,no-units,FF,0.000000,0.000000,0.000000,0.000000,W,0.000000,F,,,,,,
analog-value,102,A102,ANALOG VARIABLE 102,FFF,F,F,0,0,255,no-units,FF,0.000000,0.000000,0.000000,0.000000,W,0.000000,F,,,,,,
analog-value,103,A103,ANALOG VARIABLE 103,FFF,F,F,0,0,255,no-units,FF,0.000000,0.000000,0.000000,0.000000,W,0.000000,F,,,,,,
analog-value,104,A104,ANALOG VARIABLE 104,FFF,F,F,0,0,255,no-units,FF,0.000000,0.000000,0.000000,0.000000,W,0.000000,F,,,,,,
analog-value,105,A105,ANALOG VARIABLE 105,FFF,F,F,0,0,255,no-units,FF,0.000000,0.000000,0.000000,0.000000,W,0.000000,F,,,,,,
analog-value,106,A106,ANALOG VARIABLE 106,FFF,F,F,0,0,255,no-units,FF,0.000000,0.000000,0.000000,0.000000,W,0.000000,F,,,,,,
analog-value,107,A107,ANALOG VARIABLE 107,FFF,F,F,0,0,255,no-units,FF,0.000000,0.000000,0.000000,0.000000,W,0.000000,F,,,,,,
analog-value,108,A108,ANALOG VARIABLE 108,FFF,F,F,0,0,255,no-units,FF,0.000000,0.000000,0.000000,0.000000,W,0.000000,F,,,,,,
analog-value,109,A109,ANALOG VARIABLE 109,FFF,F,F,0,0,255,no-units,FF,0.000000,0.000000,0.000000,0.000000,W,0.000000,F,,,,,,
analog-value,110,A110,ANALOG VARIABLE 110,FFF,F,F,0,0,255,no-units,FF,0.000000,0.000000,0.000000,0.000000,W,0.000000,F,,,,,,
analog-value,111,A111,ANALOG VARIABLE 111,FFF,F,F,0,0,255,no-units,FF,0.000000,0.000000,0.000000,0.000000,W,0.000000,F,,,,,,
analog-value,112,A112,ANALOG VARIABLE 112,FFF,F,F,0,0,255,no-units,FF,0.000000,0.000000,0.000000,0.000000,W,0.000000,F,,,,,,
analog-value,113,A113,ANALOG VARIABLE 113,FFF,F,F,0,0,255,no-units,FF,0.000000,0.000000,0.000000,0.000000,W,0.000000,F,,,,,,
analog-value,114,A114,ANALOG VARIABLE 114,FFF,F,F,0,0,255,no-units,FF,0.000000,0.000000,0.000000,0.000000,W,0.000000,F,,,,,,
analog-value,115,A115,ANALOG VARIABLE 115,FFF,F,F,0,0,255,no-units,FF,0.000000,0.000000,0.000000,0.000000,W,0.000000,F,,,,,,
analog-value,116,A116,ANALOG VARIABLE 116,FFF,F,F,0,0,255,no-units,FF,0.000000,0.000000,0.000000,0.000000,W,0.000000,F,,,,,,
analog-value,117,A117,ANALOG VARIABLE 117,FFF,F,F,0,0,255,no-units,FF,0.000000,0.000000,0.000000,0.000000,W,0.000000,F,,,,,,
analog-value,118,A118,ANALOG VARIABLE 118,FFF,F,F,0,0,255,no-units,FF,0.000000,0.000000,0.000000,0.000000,W,0.000000,F,,,,,,
analog-value,119,A119,ANALOG VARIABLE 119,FFF,F,F,0,0,255,no-units,FF,0.000000,0.000000,0.000000,0.000000,W,0.000000,F,,,,,,
analog-value,120,A120,ANALOG VARIABLE 120,FFF,F,F,0,0,255,no-units,FF,0.000000,0.000000,0.000000,0.000000,W,0.000000,F,,,,,,
analog-value,121,A121,ANALOG VARIABLE 121,FFF,F,F,0,0,255,no-units,FF,0.000000,0.000000,0.000000,0.000000,W,0.000000,F,,,,,,
analog-value,122,A122,ANALOG VARIABLE 122,FFF,F,F,0,0,255,no-units,FF,0.000000,0.000000,0.000000,0.000000,W,0.000000,F,,,,,,
analog-value,123,A123,ANALOG VARIABLE 123,FFF,F,F,0,0,255,no-units,FF,0.000000,0.000000,0.000000,0.000000,W,0.000000,F,,,,,,
analog-value,124,A124,ANALOG VARIABLE 124,FFF,F,F,0,0,255,no-units,FF,0.000000,0.000000,0.000000,0.000000,W,0.000000,F,,,,,,
analog-value,125,A125,ANALOG VARIABLE 125,FFF,F,F,0,0,255,no-units,FF,0.000000,0.000000,0.000000,0.000000,W,0.000000,F,,,,,,
analog-value,126,A126,ANALOG VARIABLE 126,FFF,F,F,0,0,255,no-units,FF,0.000000,0.000000,0.000000,0.000000,W,0.000000,F,,,,,,
analog-value,127,A127,ANALOG VARIABLE 127,FFF,F,F,0,0,255,no-units,FF,0.000000,0.000000,0.000000,0.000000,W,0.000000,F,,,,,,
analog-value,128,A128,ANALOG VARIABLE 128,FFF,F,F,0,0,255,no-units,FF,0.000000,0.000000,0.000000,0.000000,W,0.000000,F,,,,,,
analog-value,129,A129,ANALOG VARIABLE 129,FFF,F,F,0,0,255,no-units,FF,0.000000,0.000000,0.000000,0.000000,W,0.000000,F,,,,,,
analog-value,130,A130,ANALOG VARIABLE 130,FFF,F,F,0,0,255,no-units,FF,0.000000,0.000000,0.000000,0.000000,W,0.000000,F,,,,,,
analog-value,131,A131,ANALOG VARIABLE 131,FFF,F,F,0,0,255,no-units,FF,0.000000,0.000000,0.000000,0.000000,W,0.000000,F,,,,,,
analog-value,132,A132,ANALOG VARIABLE 132,FFF,F,F,0,0,255,no-units,FF,0.000000,0.000000,0.000000,0.000000,W,0.000000,F,,,,,,
analog-value,133,A133,ANALOG VARIABLE 133,FFF,F,F,0,0,255,no-units,FF,0.000000,0.000000,0.000000,0.000000,W,0.000000,F,,,,,,
analog-value,134,A134,ANALOG VARIABLE 134,FFF,F,F,0,0,255,no-units,FF,0.000000,0.000000,0.000000,0.000000,W,0.000000,F,,,,,,
analog-value,135,A135,ANALOG VARIABLE 135,FFF,F,F,0,0,255,no-units,FF,0.000000,0.000000,0.000000,0.000000,W,0.000000,F,,,,,,
analog-value,136,A136,ANALOG VARIABLE 136,FFF,F,F,0,0,255,no-units,FF,0.000000,0.000000,0.000000,0.000000,W,0.000000,F,,,,,,
analog-value,137,A137,ANALOG VARIABLE 137,FFF,F,F,0,0,255,no-units,FF,0.000000,0.000000,0.000000,0.000000,W,0.000000,F,,,,,,
analog-value,138,A138,ANALOG VARIABLE 138,FFF,F,F,0,0,255,no-units,FF,0.000000,0.000000,0.000000,0.000000,W,0.000000,F,,,,,,
analog-value,139,A139,ANALOG VARIABLE 139,FFF,F,F,0,0,255,no-units,FF,0.000000,0.000000,0.000000,0.000000,W,0.000000,F,,,,,,
analog-value,140,A140,ANALOG VARIABLE 140,FFF,F,F,0,0,255,no-units,FF,0.000000,0.000000,0.000000,0.000000,W,0.000000,F,,,,,,
analog-value,141,A141,ANALOG VARIABLE 141,FFF,F,F,0,0,255,no-units,FF,0.000000,0.000000,0.000000,0.000000,W,0.000000,F,,,,,,
analog-value,142,A142,ANALOG VARIABLE 142,FFF,F,F,0,0,255,no-units,FF,0.000000,0.000000,0.000000,0.000000,W,0.000000,F,,,,,,
analog-value,143,A143,ANALOG VARIABLE 143,FFF,F,F,0,0,255,no-units,FF,0.000000,0.000000,0.000000,0.000000,W,0.000000,F,,,,,,
analog-value,144,A144,ANALOG VARIABLE 144,FFF,F,F,0,0,255,no-units,FF,0.000000,0.000000,0.000000,0.000000,W,0.000000,F,,,,,,
analog-value,145,A145,ANALOG VARIABLE 145,FFF,F,F,0,0,255,no-units,FF,0.000000,0.000000,0.000000,0.000000,W,0.000000,F,,,,,,
analog-value,146,A146,ANALOG VARIABLE 146,FFF,F,F,0,0,255,no-units,FF,0.000000,0.000000,0.000000,0.000000,W,0.000000,F,,,,,,
analog-value,147,A147,ANALOG VARIABLE 147,FFF,F,F,0,0,255,no-units,FF,0.000000,0.000000,0.000000,0.000000,W,0.000000,F,,,,,,
analog-value,148,A148,ANALOG VARIABLE 148,FFF,F,F,0,0,255,no-units,FF,0.000000,0.000000,0.000000,0.000000,W,0.000000,F,,,,,,
analog-value,149,A149,ANALOG VARIABLE 149,FFF,F,F,0,0,255,no-units,FF,0.000000,0.000000,0.000000,0.000000,W,0.000000,F,,,,,,
analog-value,150,A150,ANALOG VARIABLE 150,FFF,F,F,0,0,255,no-units,FF,0.000000,0.000000,0.000000,0.000000,W,0.000000,F,,,,,,
analog-value,151,A151,ANALOG VARIABLE 151,FFF,F,F,0,0,255,no-units,FF,0.000000,0.000000,0.000000,0.000000,W,0.000000,F,,,,,,
analog-value,152,A152,ANALOG VARIABLE 152,FFF,F,F,0,0,255,no-units,FF,0.000000,0.000000,0.000000,0.000000,W,0.000000,F,,,,,,
analog-value,153,A153,ANALOG VARIABLE 153,FFF,F,F,0,0,255,no-units,FF,0.000000,0.000000,0.000000,0.000000,W,0.000000,F,,,,,,
analog-value,154,A154,ANALOG VARIABLE 154,FFF,F,F,0,0,255,no-units,FF,0.000000,0.000000,0.000000,0.000000,W,0.000000,F,,,,,,
analog-value,155,A155,ANALOG VARIABLE 155,FFF,F,F,0,0,255,no-units,FF,0.000000,0.000000,0.000000,0.000000,W,0.000000,F,,,,,,
analog-value,156,A156,ANALOG VARIABLE 156,FFF,F,F,0,0,255,no-units,FF,0.000000,0.000000,0.000000,0.000000,W,0.000000,F,,,,,,
analog-value,157,A157,ANALOG VARIABLE 157,FFF,F,F,0,0,255,no-units,FF,0.000000,0.000000,0.000000,0.000000,W,0.000000,F,,,,,,
analog-value,158,A158,ANALOG VARIABLE 158,FFF,F,F,0,0,255,no-units,FF,0.000000,0.000000,0.000000,0.000000,W,0.000000,F,,,,,,
analog-value,159,A159,ANALOG VARIABLE 159,FFF,F,F,0,0,255,no-units,FF,0.000000,0.000000,0.000000,0.000000,W,0.000000,F,,,,,,
analog-value,160,A160,ANALOG VARIABLE 160,FFF,F,F,0,0,255,no-units,FF,0.000000,0.000000,0.000000,0.000000,W,0.000000,F,,,,,,
analog-value,161,A161,ANALOG VARIABLE 161,FFF,F,F,0,0,255,no-units,FF,0.000000,0.000000,0.000000,0.000000,W,0.000000,F,,,,,,
analog-value,162,A162,ANALOG VARIABLE 162,FFF,F,F,0,0,255,no-units,FF,0.000000,0.000000,0.000000,0.000000,W,0.000000,F,,,,,,
analog-value,163,A163,ANALOG VARIABLE 163,FFF,F,F,0,0,255,no-units,FF,0.000000,0.000000,0.000000,0.000000,W,0.000000,F,,,,,,
analog-value,164,A164,ANALOG VARIABLE 164,FFF,F,F,0,0,255,no-units,FF,0.000000,0.000000,0.000000,0.000000,W,0.000000,F,,,,,,
analog-value,165,A165,ANALOG VARIABLE 165,FFF,F,F,0,0,255,no-units,FF,0.000000,0.000000,0.000000,0.000000,W,0.000000,F,,,,,,
analog-value,166,A166,ANALOG VARIABLE 166,FFF,F,F,0,0,255,no-units,FF,0.000000,0.000000,0.000000,0.000000,W,0.000000,F,,,,,,
analog-value,167,A167,ANALOG VARIABLE 167,FFF,F,F,0,0,255,no-units,FF,0.000000,0.000000,0.000000,0.000000,W,0.000000,F,,,,,,
analog-value,168,A168,ANALOG VARIABLE 168,FFF,F,F,0,0,255,no-units,FF,0.000000,0.000000,0.000000,0.000000,W,0.000000,F,,,,,,
analog-value,169,A169,ANALOG VARIABLE 169,FFF,F,F,0,0,255,no-units,FF,0.000000,0.000000,0.000000,0.000000,W,0.000000,F,,,,,,
analog-value,170,A170,ANALOG VARIABLE 170,FFF,F,F,0,0,255,no-units,FF,0.000000,0.000000,0.000000,0.000000,W,0.000000,F,,,,,,
analog-value,171,A171,ANALOG VARIABLE 171,FFF,F,F,0,0,255,no-units,FF,0.000000,0.000000,0.000000,0.000000,W,0.000000,F,,,,,,
analog-value,172,A172,ANALOG VARIABLE 172,FFF,F,F,0,0,255,no-units,FF,0.000000,0.000000,0.000000,0.000000,W,0.000000,F,,,,,,
analog-value,173,A173,ANALOG VARIABLE 173,FFF,F,F,0,0,255,no-units,FF,0.000000,0.000000,0.000000,0.000000,W,0.000000,F,,,,,,
analog-value,174,A174,ANALOG VARIABLE 174,FFF,F,F,0,0,255,no-units,FF,0.000000,0.000000,0.000000,0.000000,W,0.000000,F,,,,,,
analog-value,175,A175,ANALOG VARIABLE 175,FFF,F,F,0,0,255,no-units,FF,0.000000,0.000000,0.000000,0.000000,W,0.000000,F,,,,,,
analog-value,176,A176,ANALOG VARIABLE 176,FFF,F,F,0,0,255,no-units,FF,0.000000,0.000000,0.000000,0.000000,W,0.000000,F,,,,,,
analog-value,177,A177,ANALOG VARIABLE 177,FFF,F,F,0,0,255,no-units,FF,0.000000,0.000000,0.000000,0.000000,W,0.000000,F,,,,,,
analog-value,178,A178,ANALOG VARIABLE 178,FFF,F,F,0,0,255,no-units,FF,0.000000,0.000000,0.000000,0.000000,W,0.000000,F,,,,,,
analog-value,179,A179,ANALOG VARIABLE 179,FFF,F,F,0,0,255,no-units,FF,0.000000,0.000000,0.000000,0.000000,W,0.000000,F,,,,,,
analog-value,180,A180,ANALOG VARIABLE 180,FFF,F,F,0,0,255,no-units,FF,0.000000,0.000000,0.000000,0.000000,W,0.000000,F,,,,,,
analog-value,181,A181,ANALOG VARIABLE 181,FFF,F,F,0,0,255,no-units,FF,0.000000,0.000000,0.000000,0.000000,W,0.000000,F,,,,,,
analog-value,182,A182,ANALOG VARIABLE 182,FFF,F,F,0,0,255,no-units,FF,0.000000,0.000000,0.000000,0.000000,W,0.000000,F,,,,,,
analog-value,183,A183,ANALOG VARIABLE 183,FFF,F,F,0,0,255,no-units,FF,0.000000,0.000000,0.000000,0.000000,W,0.000000,F,,,,,,
analog-value,184,A184,ANALOG VARIABLE 184,FFF,F,F,0,0,255,no-units,FF,0.000000,0.000000,0.000000,0.000000,W,0.000000,F,,,,,,
analog-value,185,A185,ANALOG VARIABLE 185,FFF,F,F,0,0,255,no-units,FF,0.000000,0.000000,0.000000,0.000000,W,0.000000,F,,,,,,
analog-value,186,A186,ANALOG VARIABLE 186,FFF,F,F,0,0,255,no-units,FF,0.000000,0.000000,0.000000,0.000000,W,0.000000,F,,,,,,
analog-value,187,A187,ANALOG VARIABLE 187,FFF,F,F,0,0,255,no-units,FF,0.000000,0.000000,0.000000,0.000000,W,0.000000,F,,,,,,
analog-value,188,A188,ANALOG VARIABLE 188,FFF,F,F,0,0,255,no-units,FF,0.000000,0.000000,0.000000,0.000000,W,0.000000,F,,,,,,
analog-value,189,A189,ANALOG VARIABLE 189,FFF,F,F,0,0,255,no-units,FF,0.000000,0.000000,0.000000,0.000000,W,0.000000,F,,,,,,
analog-value,190,A190,ANALOG VARIABLE 190,FFF,F,F,0,0,255,no-units,FF,0.000000,0.000000,0.000000,0.000000,W,0.000000,F,,,,,,
analog-value,191,A191,ANALOG VARIABLE 191,FFF,F,F,0,0,255,no-units,FF,0.000000,0.000000,0.000000,0.000000,W,0.000000,F,,,,,,
analog-value,192,A192,ANALOG VARIABLE 192,FFF,F,F,0,0,255,no-units,FF,0.000000,0.000000,0.000000,0.000000,W,0.000000,F,,,,,,
analog-value,193,A193,ANALOG VARIABLE 193,FFF,F,F,0,0,255,no-units,FF,0.000000,0.000000,0.000000,0.000000,W,0.000000,F,,,,,,
analog-value,194,A194,ANALOG VARIABLE 194,FFF,F,F,0,0,255,no-units,FF,0.000000,0.000000,0.000000,0.000000,W,0.000000,F,,,,,,
analog-value,195,A195,ANALOG VARIABLE 195,FFF,F,F,0,0,255,no-units,FF,0.000000,0.000000,0.000000,0.000000,W,0.000000,F,,,,,,
analog-value,196,A196,ANALOG VARIABLE 196,FFF,F,F,0,0,255,no-units,FF,0.000000,0.000000,0.000000,0.000000,W,0.000000,F,,,,,,
analog-value,197,A197,ANALOG VARIABLE 197,FFF,F,F,0,0,255,no-units,FF,0.000000,0.000000,0.000000,0.000000,W,0.000000,F,,,,,,
analog-value,198,A198,ANALOG VARIABLE 198,FFF,F,F,0,0,255,no-units,FF,0.000000,0.000000,0.000000,0.000000,W,0.000000,F,,,,,,
analog-value,199,A199,ANALOG VARIABLE 199,FFF,F,F,0,0,255,no-units,FF,0.000000,0.000000,0.000000,0.000000,W,0.000000,F,,,,,,
analog-value,200,A200,ANALOG VARIABLE 200,FFF,F,F,0,0,255,no-units,FF,0.000000,0.000000,0.000000,0.000000,W,0.000000,F,,,,,,
analog-value,201,A201,ANALOG VARIABLE 201,FFF,F,F,0,0,255,no-units,FF,0.000000,0.000000,0.000000,0.000000,W,0.000000,F,,,,,,
analog-value,202,A202,ANALOG VARIABLE 202,FFF,F,F,0,0,255,no-units,FF,0.000000,0.000000,0.000000,0.000000,W,0.000000,F,,,,,,
analog-value,203,A203,ANALOG VARIABLE 203,FFF,F,F,0,0,255,no-units,FF,0.000000,0.000000,0.000000,0.000000,W,0.000000,F,,,,,,
analog-value,204,A204,ANALOG VARIABLE 204,FFF,F,F,0,0,255,no-units,FF,0.000000,0.000000,0.000000,0.000000,W,0.000000,F,,,,,,
analog-value,205,A205,ANALOG VARIABLE 205,FFF,F,F,0,0,255,no-units,FF,0.000000,0.000000,0.000000,0.000000,W,0.000000,F,,,,,,
analog-value,206,A206,ANALOG VARIABLE 206,FFF,F,F,0,0,255,no-units,FF,0.000000,0.000000,0.000000,0.000000,W,0.000000,F,,,,,,
analog-value,207,A207,ANALOG VARIABLE 207,FFF,F,F,0,0,255,no-units,FF,0.000000,0.000000,0.000000,0.000000,W,0.000000,F,,,,,,
Object_Type,Object_Instance,Object_Name,Description,Event_Enable,Issue_Confirmed_Notifications,Ack_Required,Time_Delay,Notification_Class,Priority,Units,Limit_Enable,High_Limit,Low_Limit,Deadband,COV_Increment,ReadWriteCommandable,Relinquish_Default,Alarm_Custom,Alarm_Property,Alarm_OutOfRange,Alarm_Normal,Alarm_Fault,Alarm_HighLimit,Alarm_LowLimit
analog-value,1001,I001,Compressor 1 hour counter,FFF,F,F,0,0,255,no-units,FF,0.000000,0.000000,0.000000,0.000000,W,0.000000,T,,,1,,,
analog-value,1002,I002,Compressor 2 hour counter,FFF,F,F,0,0,255,no-units,FF,0.000000,0.000000,0.000000,0.000000,W,0.000000,T,,,1,,,
analog-value,1003,I003,Compressor 3 hour counter,FFF,F,F,0,0,255,no-units,FF,0.000000,0.000000,0.000000,0.000000,W,0.000000,T,,,1,,,
analog-value,1004,I004,Compressor 4 hour counter,FFF,F,F,0,0,255,no-units,FF,0.000000,0.000000,0.000000,0.000000,W,0.000000,T,,,1,,,
analog-value,1005,I005,Circulating Pump 1 hour counter,FFF,F,F,0,0,255,no-units,FF,0.000000,0.000000,0.000000,0.000000,W,0.000000,T,,,1,,,
analog-value,1006,I006,Circulating Pump 2 hour counter,FFF,F,F,0,0,255,no-units,FF,0.000000,0.000000,0.000000,0.000000,W,0.000000,T,,,1,,,
analog-value,1007,I007,Free-cooling Pump hour counter,FFF,F,F,0,0,255,no-units,FF,0.000000,0.000000,0.000000,0.000000,W,0.000000,T,,,1,,,
analog-value,1008,I008,Compressor 1 Starting counter,FFF,F,F,0,0,255,no-units,FF,0.000000,0.000000,0.000000,0.000000,W,0.000000,T,,,1,,,
analog-value,1009,I009,Compressor 1 Starting counter x10.000,FFF,F,F,0,0,255,no-units,FF,0.000000,0.000000,0.000000,0.000000,W,0.000000,T,,,1,,,
analog-value,1010,I010,Compressor 2 Starting counter,FFF,F,F,0,0,255,no-units,FF,0.000000,0.000000,0.000000,0.000000,W,0.000000,T,,,1,,,
analog-value,1011,I011,Compressor 2 Starting counter x10.000,FFF,F,F,0,0,255,no-units,FF,0.000000,0.000000,0.000000,0.000000,W,0.000000,T,,,1,,,
analog-value,1012,I012,Compressor 3 Starting counter,FFF,F,F,0,0,255,no-units,FF,0.000000,0.000000,0.000000,0.000000,W,0.000000,T,,,1,,,
analog-value,1013,I013,Compressor 3 Starting counter x10.000,FFF,F,F,0,0,255,no-units,FF,0.000000,0.000000,0.000000,0.000000,W,0.000000,T,,,1,,,
analog-value,1014,I014,Compressor 4 Starting counter,FFF,F,F,0,0,255,no-units,FF,0.000000,0.000000,0.000000,0.000000,W,0.000000,T,,,1,,,
analog-value,1015,I015,Compressor 4 Starting counter x10.000,FFF,F,F,0,0,255,no-units,FF,0.000000,0.000000,0.000000,0.000000,W,0.000000,T,,,1,,,
analog-value,1016,I016,Circuit 1 Defrost counter,FFF,F,F,0,0,255,no-units,FF,0.000000,0.000000,0.000000,0.000000,W,0.000000,T,,,1,,,
analog-value,1017,I017,Circuit 1 Defrost counter x10.000,FFF,F,F,0,0,255,no-units,FF,0.000000,0.000000,0.000000,0.000000,W,0.000000,T,,,1,,,
analog-value,1018,I018,Circuit 2 Defrost counter,FFF,F,F,0,0,255,no-units,FF,0.000000,0.000000,0.000000,0.000000,W,0.000000,T,,,1,,,
analog-value,1019,I019,Circuit 2 Defrost counter x10.000,FFF,F,F,0,0,255,no-units,FF,0.000000,0.000000,0.000000,0.000000,W,0.000000,T,,,1,,,
analog-value,1020,I020,Both Circuit Defrost counter,FFF,F,F,0,0,255,no-units,FF,0.000000,0.000000,0.000000,0.000000,W,0.000000,T,,,1,,,
analog-value,1021,I021,Both Circuit Defrost counter x10.000,FFF,F,F,0,0,255,no-units,FF,0.000000,0.000000,0.000000,0.000000,W,0.000000,T,,,1,,,
analog-value,1022,I022,Non Performing Defrost counter,FFF,F,F,0,0,255,no-units,FF,0.000000,0.000000,0.000000,0.000000,W,0.000000,T,,,1,,,
analog-value,1023,I023,Non Performing Defrost counter x10.000,FFF,F,F,0,0,255,no-units,FF,0.000000,0.000000,0.000000,0.000000,W,0.000000,T,,,1,,,
analog-value,1024,I024,Unit Type,FFF,F,F,0,0,255,no-units,FF,0.000000,0.000000,0.000000,0.000000,W,0.000000,T,,,1,,,
analog-value,1025,I025,Circulating Pump Config.,FFF,F,F,0,0,255,no-units,FF,0.000000,0.000000,0.000000,0.000000,W,0.000000,T,,,1,,,
analog-value,1026,I026,Total of units connected in LAN,FFF,F,F,0,0,255,no-units,FF,0.000000,0.000000,0.000000,0.000000,W,0.000000,T,,,1,,,
analog-value,1027,I027,Comp.1 Status,FFF,F,F,0,0,255,no-units,FF,0.000000,0.000000,0.000000,0.000000,W,0.000000,T,,,1,,,
analog-value,1028,I028,Comp.2 Status,FFF,F,F,0,0,255,no-units,FF,0.000000,0.000000,0.000000,0.000000,W,0.000000,T,,,1,,,
analog-value,1029,I029,Comp.3 Status,FFF,F,F,0,0,255,no-units,FF,0.000000,0.000000,0.000000,0.000000,W,0.000000,T,,,1,,,
analog-value,1030,I030,Comp.4 Status,FFF,F,F,0,0,255,no-units,FF,0.000000,0.000000,0.000000,0.000000,W,0.000000,T,,,1,,,
analog-value,1031,I031,Pump 1 Status,FFF,F,F,0,0,255,no-units,FF,0.000000,0.000000,0.000000,0.000000,W,0.000000,T,,,1,,,
analog-value,1032,I032,Pump 2 Status,FFF,F,F,0,0,255,no-units,FF,0.000000,0.000000,0.000000,0.000000,W,0.000000,T,,,1,,,
analog-value,1033,I033,FC Pump Status,FFF,F,F,0,0,255,no-units,FF,0.000000,0.000000,0.000000,0.000000,W,0.000000,T,,,1,,,
analog-value,1034,I034,Actual set Point mode,FFF,F,F,0,0,255,no-units,FF,0.000000,0.000000,0.000000,0.000000,W,0.000000,T,,,1,,,
analog-value,1035,I035,Reserved,FFF,F,F,0,0,255,no-units,FF,0.000000,0.000000,0.000000,0.000000,W,0.000000,T,,,1,,,
analog-value,1036,I036,Reserved,FFF,F,F,0,0,255,no-units,FF,0.000000,0.000000,0.000000,0.000000,W,0.000000,T,,,1,,,
analog-value,1037,I037,Last Defrost Lenght,FFF,F,F,0,0,255,no-units,FF,0.000000,0.000000,0.000000,0.000000,W,0.000000,T,,,1,,,
analog-value,1038,I038,Restart Delay,FFF,F,F,0,0,255,no-units,FF,0.000000,0.000000,0.000000,0.000000,W,0.000000,T,,,1,,,
analog-value,1039,I039,Regulation Start Transitory,FFF,F,F,0,0,255,no-units,FF,0.000000,0.000000,0.000000,0.000000,W,0.000000,T,,,1,,,
analog-value,1040,I040,Low Pressure Delay,FFF,F,F,0,0,255,no-units,FF,0.000000,0.000000,0.000000,0.000000,W,0.000000,T,,,1,,,
analog-value,1041,I041,Water High/Low Temp. Alarm Delay,FFF,F,F,0,0,255,no-units,FF,0.000000,0.000000,0.000000,0.000000,W,0.000000,T,,,1,,,
analog-value,1042,I042,INTEGER VARIABLE 42,FFF,F,F,0,0,255,no-units,FF,0.000000,0.000000,0.000000,0.000000,W,0.000000,T,,,1,,,
analog-value,1043,I043,Stand-by Unit Switch-over time,FFF,F,F,0,0,255,no-units,FF,0.000000,0.000000,0.000000,0.000000,W,0.000000,T,,,1,,,
analog-value,1044,I044,Run-Stand-by pump switch-over time,FFF,F,F,0,0,255,no-units,FF,0.000000,0.000000,0.000000,0.000000,W,0.000000,T,,,1,,,
analog-value,1045,I045,Setback Mode Cyclical start,FFF,F,F,0,0,255,no-units,FF,0.000000,0.000000,0.000000,0.000000,W,0.000000,T,,,1,,,
analog-value,1046,I046,Compr.1 working hours threshold,FFF,F,F,0,0,255,no-units,FF,0.000000,0.000000,0.000000,0.000000,W,0.000000,T,,,1,,,
analog-value,1047,I047,Compr.2 working hours threshold,FFF,F,F,0,0,255,no-units,FF,0.000000,0.000000,0.000000,0.000000,W,0.000000,T,,,1,,,
analog-value,1048,I048,Compr.3 working hours threshold,FFF,F,F,0,0,255,no-units,FF,0.000000,0.000000,0.000000,0.000000,W,0.000000,T,,,1,,,
analog-value,1049,I049,Compr.4 working hours threshold,FFF,F,F,0,0,255,no-units,FF,0.000000,0.000000,0.000000,0.000000,W,0.000000,T,,,1,,,
analog-value,1050,I050,Pump 1 working hours threshold,FFF,F,F,0,0,255,no-units,FF,0.000000,0.000000,0.000000,0.000000,W,0.000000,T,,,1,,,
analog-value,1051,I051,Pump 2 working hours threshold,FFF,F,F,0,0,255,no-units,FF,0.000000,0.000000,0.000000,0.000000,W,0.000000,T,,,1,,,
analog-value,1052,I052,FC Pump working hours threshold,FFF,F,F,0,0,255,no-units,FF,0.000000,0.000000,0.000000,0.000000,W,0.000000,T,,,1,,,
analog-value,1053,I053,INTEGER VARIABLE 53,FFF,F,F,0,0,255,no-units,FF,0.000000,0.000000,0.000000,0.000000,W,0.000000,T,,,1,,,
analog-value,1054,I054,INTEGER VARIABLE 54,FFF,F,F,0,0,255,no-units,FF,0.000000,0.000000,0.000000,0.000000,W,0.000000,T,,,1,,,
analog-value,1055,I055,Expansion valve 1 position steps,FFF,F,F,0,0,255,no-units,FF,0.000000,0.000000,0.000000,0.000000,W,0.000000,T,,,1,,,
analog-value,1056,I056,Expansion valve 2 position steps,FFF,F,F,0,0,255,no-units,FF,0.000000,0.000000,0.000000,0.000000,W,0.000000,T,,,1,,,
analog-value,1057,I057,Water pressure: max. pressure recorded,FFF,F,F,0,0,255,no-units,FF,0.000000,0.000000,0.000000,0.000000,W,0.000000,T,,,1,,,
analog-value,1058,I058,INTEGER VARIABLE 58,FFF,F,F,0,0,255,no-units,FF,0.000000,0.000000,0.000000,0.000000,W,0.000000,T,,,1,,,
analog-value,1059,I059,Current hour,FFF,F,F,0,0,255,no-units,FF,0.000000,0.000000,0.000000,0.000000,W,0.000000,T,,,1,,,
analog-value,1060,I060,current minute,FFF,F,F,0,0,255,no-units,FF,0.000000,0.000000,0.000000,0.000000,W,0.000000,T,,,1,,,
analog-value,1061,I061,current day,FFF,F,F,0,0,255,no-units,FF,0.000000,0.000000,0.000000,0.000000,W,0.000000,T,,,1,,,
analog-value,1062,I062,current month,FFF,F,F,0,0,255,no-units,FF,0.000000,0.000000,0.000000,0.000000,W,0.000000,T,,,1,,,
analog-value,1063,I063,current year,FFF,F,F,0,0,255,no-units,FF,0.000000,0.000000,0.000000,0.000000,W,0.000000,T,,,1,,,
analog-value,1064,I064,Unit series,FFF,F,F,0,0,255,no-units,FF,0.000000,0.000000,0.000000,0.000000,W,0.000000,T,,,1,,,
analog-value,1065,I065,Unit type,FFF,F,F,0,0,255,no-units,FF,0.000000,0.000000,0.000000,0.000000,W,0.000000,T,,,1,,,
analog-value,1066,I066,Unit model,FFF,F,F,0,0,255,no-units,FF,0.000000,0.000000,0.000000,0.000000,W,0.000000,T,,,1,,,
analog-value,1067,I067,Gas type,FFF,F,F,0,0,255,no-units,FF,0.000000,0.000000,0.000000,0.000000,W,0.000000,T,,,1,,,
analog-value,1068,I068,INTEGER VARIABLE 68,FFF,F,F,0,0,255,no-units,FF,0.000000,0.000000,0.000000,0.000000,W,0.000000,T,,,1,,,
analog-value,1069,I069,INTEGER VARIABLE 69,FFF,F,F,0,0,255,no-units,FF,0.000000,0.000000,0.000000,0.000000,W,0.000000,T,,,1,,,
analog-value,1070,I070,Unit serial number Part 1,FFF,F,F,0,0,255,no-units,FF,0.000000,0.000000,0.000000,0.000000,W,0.000000,T,,,1,,,
analog-value,1071,I071,Unit serial number Part 2,FFF,F,F,0,0,255,no-units,FF,0.000000,0.000000,0.000000,0.000000,W,0.000000,T,,,1,,,
analog-value,1072,I072,Unit serial number Part 3,FFF,F,F,0,0,255,no-units,FF,0.000000,0.000000,0.000000,0.000000,W,0.000000,T,,,1,,,
analog-value,1073,I073,INTEGER VARIABLE 73,FFF,F,F,0,0,255,no-units,FF,0.000000,0.000000,0.000000,0.000000,W,0.000000,T,,,1,,,
analog-value,1074,I074,INTEGER VARIABLE 74,FFF,F,F,0,0,255,no-units,FF,0.000000,0.000000,0.000000,0.000000,W,0.000000,T,,,1,,,
analog-value,1075,I075,Software versione,FFF,F,F,0,0,255,no-units,FF,0.000000,0.000000,0.000000,0.000000,W,0.000000,T,,,1,,,
analog-value,1076,I076,Software date,FFF,F,F,0,0,255,no-units,FF,0.000000,0.000000,0.000000,0.000000,W,0.000000,T,,,1,,,
analog-value,1077,I077,Summer/Winter Autom.Switch Delay on Winter,FFF,F,F,0,0,255,no-units,FF,0.000000,0.000000,0.000000,0.000000,W,0.000000,T,,,1,,,
analog-value,1078,I078,Summer/Winter Autom.Switch Delay on Summer,FFF,F,F,0,0,255,no-units,FF,0.000000,0.000000,0.000000,0.000000,W,0.000000,T,,,1,,,
analog-value,1079,I079,Inverter Pump Total head setpoint,FFF,F,F,0,0,255,no-units,FF,0.000000,0.000000,0.000000,0.000000,W,0.000000,T,,,1,,,
analog-value,1080,I080,Integer Variable 80,FFF,F,F,0,0,255,no-units,FF,0.000000,0.000000,0.000000,0.000000,W,0.000000,T,,,1,,,
analog-value,1081,I081,Integer Variable 81,FFF,F,F,0,0,255,no-units,FF,0.000000,0.000000,0.000000,0.000000,W,0.000000,T,,,1,,,
analog-value,1082,I082,Integer Variable 82,FFF,F,F,0,0,255,no-units,FF,0.000000,0.000000,0.000000,0.000000,W,0.000000,T,,,1,,,
analog-value,1083,I083,Integer Variable 83,FFF,F,F,0,0,255,no-units,FF,0.000000,0.000000,0.000000,0.000000,W,0.000000,T,,,1,,,
analog-value,1084,I084,Integer Variable 84,FFF,F,F,0,0,255,no-units,FF,0.000000,0.000000,0.000000,0.000000,W,0.000000,T,,,1,,,
analog-value,1085,I085,Integer Variable 85,FFF,F,F,0,0,255,no-units,FF,0.000000,0.000000,0.000000,0.000000,W,0.000000,T,,,1,,,
analog-value,1086,I086,Integer Variable 86,FFF,F,F,0,0,255,no-units,FF,0.000000,0.000000,0.000000,0.000000,W,0.000000,T,,,1,,,
analog-value,1087,I087,Integer Variable 87,FFF,F,F,0,0,255,no-units,FF,0.000000,0.000000,0.000000,0.000000,W,0.000000,T,,,1,,,
analog-value,1088,I088,Integer Variable 88,FFF,F,F,0,0,255,no-units,FF,0.000000,0.000000,0.000000,0.000000,W,0.000000,T,,,1,,,
analog-value,1089,I089,Integer Variable 89,FFF,F,F,0,0,255,no-units,FF,0.000000,0.000000,0.000000,0.000000,W,0.000000,T,,,1,,,
analog-value,1090,I090,Integer Variable 90,FFF,F,F,0,0,255,no-units,FF,0.000000,0.000000,0.000000,0.000000,W,0.000000,T,,,1,,,
analog-value,1091,I091,Integer Variable 91,FFF,F,F,0,0,255,no-units,FF,0.000000,0.000000,0.000000,0.000000,W,0.000000,T,,,1,,,
analog-value,1092,I092,Integer Variable 92,FFF,F,F,0,0,255,no-units,FF,0.000000,0.000000,0.000000,0.000000,W,0.000000,T,,,1,,,
analog-value,1093,I093,Integer Variable 93,FFF,F,F,0,0,255,no-units,FF,0.000000,0.000000,0.000000,0.000000,W,0.000000,T,,,1,,,
analog-value,1094,I094,Integer Variable 94,FFF,F,F,0,0,255,no-units,FF,0.000000,0.000000,0.000000,0.000000,W,0.000000,T,,,1,,,
analog-value,1095,I095,Integer Variable 95,FFF,F,F,0,0,255,no-units,FF,0.000000,0.000000,0.000000,0.000000,W,0.000000,T,,,1,,,
analog-value,1096,I096,Integer Variable 96,FFF,F,F,0,0,255,no-units,FF,0.000000,0.000000,0.000000,0.000000,W,0.000000,T,,,1,,,
analog-value,1097,I097,Integer Variable 97,FFF,F,F,0,0,255,no-units,FF,0.000000,0.000000,0.000000,0.000000,W,0.000000,T,,,1,,,
analog-value,1098,I098,Integer Variable 98,FFF,F,F,0,0,255,no-units,FF,0.000000,0.000000,0.000000,0.000000,W,0.000000,T,,,1,,,
analog-value,1099,I099,Integer Variable 99,FFF,F,F,0,0,255,no-units,FF,0.000000,0.000000,0.000000,0.000000,W,0.000000,T,,,1,,,
analog-value,1100,I100,Integer Variable 100,FFF,F,F,0,0,255,no-units,FF,0.000000,0.000000,0.000000,0.000000,W,0.000000,T,,,1,,,
analog-value,1101,I101,Integer Variable 101,FFF,F,F,0,0,255,no-units,FF,0.000000,0.000000,0.000000,0.000000,W,0.000000,T,,,1,,,
analog-value,1102,I102,Integer Variable 102,FFF,F,F,0,0,255,no-units,FF,0.000000,0.000000,0.000000,0.000000,W,0.000000,T,,,1,,,
analog-value,1103,I103,Integer Variable 103,FFF,F,F,0,0,255,no-units,FF,0.000000,0.000000,0.000000,0.000000,W,0.000000,T,,,1,,,
analog-value,1104,I104,Integer Variable 104,FFF,F,F,0,0,255,no-units,FF,0.000000,0.000000,0.000000,0.000000,W,0.000000,T,,,1,,,
analog-value,1105,I105,Integer Variable 105,FFF,F,F,0,0,255,no-units,FF,0.000000,0.000000,0.000000,0.000000,W,0.000000,T,,,1,,,
analog-value,1106,I106,Integer Variable 106,FFF,F,F,0,0,255,no-units,FF,0.000000,0.000000,0.000000,0.000000,W,0.000000,T,,,1,,,
analog-value,1107,I107,Integer Variable 107,FFF,F,F,0,0,255,no-units,FF,0.000000,0.000000,0.000000,0.000000,W,0.000000,T,,,1,,,
analog-value,1108,I108,Integer Variable 108,FFF,F,F,0,0,255,no-units,FF,0.000000,0.000000,0.000000,0.000000,W,0.000000,T,,,1,,,
analog-value,1109,I109,Integer Variable 109,FFF,F,F,0,0,255,no-units,FF,0.000000,0.000000,0.000000,0.000000,W,0.000000,T,,,1,,,
analog-value,1110,I110,Integer Variable 110,FFF,F,F,0,0,255,no-units,FF,0.000000,0.000000,0.000000,0.000000,W,0.000000,T,,,1,,,
analog-value,1111,I111,Integer Variable 111,FFF,F,F,0,0,255,no-units,FF,0.000000,0.000000,0.000000,0.000000,W,0.000000,T,,,1,,,
analog-value,1112,I112,Integer Variable 112,FFF,F,F,0,0,255,no-units,FF,0.000000,0.000000,0.000000,0.000000,W,0.000000,T,,,1,,,
analog-value,1113,I113,Integer Variable 113,FFF,F,F,0,0,255,no-units,FF,0.000000,0.000000,0.000000,0.000000,W,0.000000,T,,,1,,,
analog-value,1114,I114,Integer Variable 114,FFF,F,F,0,0,255,no-units,FF,0.000000,0.000000,0.000000,0.000000,W,0.000000,T,,,1,,,
analog-value,1115,I115,Integer Variable 115,FFF,F,F,0,0,255,no-units,FF,0.000000,0.000000,0.000000,0.000000,W,0.000000,T,,,1,,,
analog-value,1116,I116,Integer Variable 116,FFF,F,F,0,0,255,no-units,FF,0.000000,0.000000,0.000000,0.000000,W,0.000000,T,,,1,,,
analog-value,1117,I117,Integer Variable 117,FFF,F,F,0,0,255,no-units,FF,0.000000,0.000000,0.000000,0.000000,W,0.000000,T,,,1,,,
analog-value,1118,I118,Integer Variable 118,FFF,F,F,0,0,255,no-units,FF,0.000000,0.000000,0.000000,0.000000,W,0.000000,T,,,1,,,
analog-value,1119,I119,Integer Variable 119,FFF,F,F,0,0,255,no-units,FF,0.000000,0.000000,0.000000,0.000000,W,0.000000,T,,,1,,,
analog-value,1120,I120,Integer Variable 120,FFF,F,F,0,0,255,no-units,FF,0.000000,0.000000,0.000000,0.000000,W,0.000000,T,,,1,,,
analog-value,1121,I121,Integer Variable 121,FFF,F,F,0,0,255,no-units,FF,0.000000,0.000000,0.000000,0.000000,W,0.000000,T,,,1,,,
analog-value,1122,I122,Integer Variable 122,FFF,F,F,0,0,255,no-units,FF,0.000000,0.000000,0.000000,0.000000,W,0.000000,T,,,1,,,
analog-value,1123,I123,Integer Variable 123,FFF,F,F,0,0,255,no-units,FF,0.000000,0.000000,0.000000,0.000000,W,0.000000,T,,,1,,,
analog-value,1124,I124,Integer Variable 124,FFF,F,F,0,0,255,no-units,FF,0.000000,0.000000,0.000000,0.000000,W,0.000000,T,,,1,,,
analog-value,1125,I125,Integer Variable 125,FFF,F,F,0,0,255,no-units,FF,0.000000,0.000000,0.000000,0.000000,W,0.000000,T,,,1,,,
analog-value,1126,I126,Integer Variable 126,FFF,F,F,0,0,255,no-units,FF,0.000000,0.000000,0.000000,0.000000,W,0.000000,T,,,1,,,
analog-value,1127,I127,Integer Variable 127,FFF,F,F,0,0,255,no-units,FF,0.000000,0.000000,0.000000,0.000000,W,0.000000,T,,,1,,,
analog-value,1128,I128,Integer Variable 128,FFF,F,F,0,0,255,no-units,FF,0.000000,0.000000,0.000000,0.000000,W,0.000000,T,,,1,,,
analog-value,1129,I129,Integer Variable 129,FFF,F,F,0,0,255,no-units,FF,0.000000,0.000000,0.000000,0.000000,W,0.000000,T,,,1,,,
analog-value,1130,I130,Integer Variable 130,FFF,F,F,0,0,255,no-units,FF,0.000000,0.000000,0.000000,0.000000,W,0.000000,T,,,1,,,
analog-value,1131,I131,Integer Variable 131,FFF,F,F,0,0,255,no-units,FF,0.000000,0.000000,0.000000,0.000000,W,0.000000,T,,,1,,,
analog-value,1132,I132,Integer Variable 132,FFF,F,F,0,0,255,no-units,FF,0.000000,0.000000,0.000000,0.000000,W,0.000000,T,,,1,,,
analog-value,1133,I133,Integer Variable 133,FFF,F,F,0,0,255,no-units,FF,0.000000,0.000000,0.000000,0.000000,W,0.000000,T,,,1,,,
analog-value,1134,I134,Integer Variable 134,FFF,F,F,0,0,255,no-units,FF,0.000000,0.000000,0.000000,0.000000,W,0.000000,T,,,1,,,
analog-value,1135,I135,Integer Variable 135,FFF,F,F,0,0,255,no-units,FF,0.000000,0.000000,0.000000,0.000000,W,0.000000,T,,,1,,,
analog-value,1136,I136,Integer Variable 136,FFF,F,F,0,0,255,no-units,FF,0.000000,0.000000,0.000000,0.000000,W,0.000000,T,,,1,,,
analog-value,1137,I137,Integer Variable 137,FFF,F,F,0,0,255,no-units,FF,0.000000,0.000000,0.000000,0.000000,W,0.000000,T,,,1,,,
analog-value,1138,I138,Integer Variable 138,FFF,F,F,0,0,255,no-units,FF,0.000000,0.000000,0.000000,0.000000,W,0.000000,T,,,1,,,
analog-value,1139,I139,Integer Variable 139,FFF,F,F,0,0,255,no-units,FF,0.000000,0.000000,0.000000,0.000000,W,0.000000,T,,,1,,,
analog-value,1140,I140,Integer Variable 140,FFF,F,F,0,0,255,no-units,FF,0.000000,0.000000,0.000000,0.000000,W,0.000000,T,,,1,,,
analog-value,1141,I141,Integer Variable 141,FFF,F,F,0,0,255,no-units,FF,0.000000,0.000000,0.000000,0.000000,W,0.000000,T,,,1,,,
analog-value,1142,I142,Integer Variable 142,FFF,F,F,0,0,255,no-units,FF,0.000000,0.000000,0.000000,0.000000,W,0.000000,T,,,1,,,
analog-value,1143,I143,Integer Variable 143,FFF,F,F,0,0,255,no-units,FF,0.000000,0.000000,0.000000,0.000000,W,0.000000,T,,,1,,,
analog-value,1144,I144,Integer Variable 144,FFF,F,F,0,0,255,no-units,FF,0.000000,0.000000,0.000000,0.000000,W,0.000000,T,,,1,,,
analog-value,1145,I145,Integer Variable 145,FFF,F,F,0,0,255,no-units,FF,0.000000,0.000000,0.000000,0.000000,W,0.000000,T,,,1,,,
analog-value,1146,I146,Integer Variable 146,FFF,F,F,0,0,255,no-units,FF,0.000000,0.000000,0.000000,0.000000,W,0.000000,T,,,1,,,
analog-value,1147,I147,Integer Variable 147,FFF,F,F,0,0,255,no-units,FF,0.000000,0.000000,0.000000,0.000000,W,0.000000,T,,,1,,,
analog-value,1148,I148,Integer Variable 148,FFF,F,F,0,0,255,no-units,FF,0.000000,0.000000,0.000000,0.000000,W,0.000000,T,,,1,,,
analog-value,1149,I149,Integer Variable 149,FFF,F,F,0,0,255,no-units,FF,0.000000,0.000000,0.000000,0.000000,W,0.000000,T,,,1,,,
analog-value,1150,I150,Integer Variable 150,FFF,F,F,0,0,255,no-units,FF,0.000000,0.000000,0.000000,0.000000,W,0.000000,T,,,1,,,
analog-value,1151,I151,Integer Variable 151,FFF,F,F,0,0,255,no-units,FF,0.000000,0.000000,0.000000,0.000000,W,0.000000,T,,,1,,,
analog-value,1152,I152,Integer Variable 152,FFF,F,F,0,0,255,no-units,FF,0.000000,0.000000,0.000000,0.000000,W,0.000000,T,,,1,,,
analog-value,1153,I153,Integer Variable 153,FFF,F,F,0,0,255,no-units,FF,0.000000,0.000000,0.000000,0.000000,W,0.000000,T,,,1,,,
analog-value,1154,I154,Integer Variable 154,FFF,F,F,0,0,255,no-units,FF,0.000000,0.000000,0.000000,0.000000,W,0.000000,T,,,1,,,
analog-value,1155,I155,Integer Variable 155,FFF,F,F,0,0,255,no-units,FF,0.000000,0.000000,0.000000,0.000000,W,0.000000,T,,,1,,,
analog-value,1156,I156,Integer Variable 156,FFF,F,F,0,0,255,no-units,FF,0.000000,0.000000,0.000000,0.000000,W,0.000000,T,,,1,,,
analog-value,1157,I157,Integer Variable 157,FFF,F,F,0,0,255,no-units,FF,0.000000,0.000000,0.000000,0.000000,W,0.000000,T,,,1,,,
analog-value,1158,I158,Integer Variable 158,FFF,F,F,0,0,255,no-units,FF,0.000000,0.000000,0.000000,0.000000,W,0.000000,T,,,1,,,
analog-value,1159,I159,Integer Variable 159,FFF,F,F,0,0,255,no-units,FF,0.000000,0.000000,0.000000,0.000000,W,0.000000,T,,,1,,,
analog-value,1160,I160,Integer Variable 160,FFF,F,F,0,0,255,no-units,FF,0.000000,0.000000,0.000000,0.000000,W,0.000000,T,,,1,,,
analog-value,1161,I161,Integer Variable 161,FFF,F,F,0,0,255,no-units,FF,0.000000,0.000000,0.000000,0.000000,W,0.000000,T,,,1,,,
analog-value,1162,I162,Integer Variable 162,FFF,F,F,0,0,255,no-units,FF,0.000000,0.000000,0.000000,0.000000,W,0.000000,T,,,1,,,
analog-value,1163,I163,Integer Variable 163,FFF,F,F,0,0,255,no-units,FF,0.000000,0.000000,0.000000,0.000000,W,0.000000,T,,,1,,,
analog-value,1164,I164,Integer Variable 164,FFF,F,F,0,0,255,no-units,FF,0.000000,0.000000,0.000000,0.000000,W,0.000000,T,,,1,,,
analog-value,1165,I165,Integer Variable 165,FFF,F,F,0,0,255,no-units,FF,0.000000,0.000000,0.000000,0.000000,W,0.000000,T,,,1,,,
analog-value,1166,I166,Integer Variable 166,FFF,F,F,0,0,255,no-units,FF,0.000000,0.000000,0.000000,0.000000,W,0.000000,T,,,1,,,
analog-value,1167,I167,Integer Variable 167,FFF,F,F,0,0,255,no-units,FF,0.000000,0.000000,0.000000,0.000000,W,0.000000,T,,,1,,,
analog-value,1168,I168,Integer Variable 168,FFF,F,F,0,0,255,no-units,FF,0.000000,0.000000,0.000000,0.000000,W,0.000000,T,,,1,,,
analog-value,1169,I169,Integer Variable 169,FFF,F,F,0,0,255,no-units,FF,0.000000,0.000000,0.000000,0.000000,W,0.000000,T,,,1,,,
analog-value,1170,I170,Integer Variable 170,FFF,F,F,0,0,255,no-units,FF,0.000000,0.000000,0.000000,0.000000,W,0.000000,T,,,1,,,
analog-value,1171,I171,Integer Variable 171,FFF,F,F,0,0,255,no-units,FF,0.000000,0.000000,0.000000,0.000000,W,0.000000,T,,,1,,,
analog-value,1172,I172,Integer Variable 172,FFF,F,F,0,0,255,no-units,FF,0.000000,0.000000,0.000000,0.000000,W,0.000000,T,,,1,,,
analog-value,1173,I173,Integer Variable 173,FFF,F,F,0,0,255,no-units,FF,0.000000,0.000000,0.000000,0.000000,W,0.000000,T,,,1,,,
analog-value,1174,I174,Integer Variable 174,FFF,F,F,0,0,255,no-units,FF,0.000000,0.000000,0.000000,0.000000,W,0.000000,T,,,1,,,
analog-value,1175,I175,Integer Variable 175,FFF,F,F,0,0,255,no-units,FF,0.000000,0.000000,0.000000,0.000000,W,0.000000,T,,,1,,,
analog-value,1176,I176,Integer Variable 176,FFF,F,F,0,0,255,no-units,FF,0.000000,0.000000,0.000000,0.000000,W,0.000000,T,,,1,,,
analog-value,1177,I177,Integer Variable 177,FFF,F,F,0,0,255,no-units,FF,0.000000,0.000000,0.000000,0.000000,W,0.000000,T,,,1,,,
analog-value,1178,I178,Integer Variable 178,FFF,F,F,0,0,255,no-units,FF,0.000000,0.000000,0.000000,0.000000,W,0.000000,T,,,1,,,
analog-value,1179,I179,Integer Variable 179,FFF,F,F,0,0,255,no-units,FF,0.000000,0.000000,0.000000,0.000000,W,0.000000,T,,,1,,,
analog-value,1180,I180,Integer Variable 180,FFF,F,F,0,0,255,no-units,FF,0.000000,0.000000,0.000000,0.000000,W,0.000000,T,,,1,,,
analog-value,1181,I181,Integer Variable 181,FFF,F,F,0,0,255,no-units,FF,0.000000,0.000000,0.000000,0.000000,W,0.000000,T,,,1,,,
analog-value,1182,I182,Integer Variable 182,FFF,F,F,0,0,255,no-units,FF,0.000000,0.000000,0.000000,0.000000,W,0.000000,T,,,1,,,
analog-value,1183,I183,Integer Variable 183,FFF,F,F,0,0,255,no-units,FF,0.000000,0.000000,0.000000,0.000000,W,0.000000,T,,,1,,,
analog-value,1184,I184,Integer Variable 184,FFF,F,F,0,0,255,no-units,FF,0.000000,0.000000,0.000000,0.000000,W,0.000000,T,,,1,,,
analog-value,1185,I185,Integer Variable 185,FFF,F,F,0,0,255,no-units,FF,0.000000,0.000000,0.000000,0.000000,W,0.000000,T,,,1,,,
analog-value,1186,I186,Integer Variable 186,FFF,F,F,0,0,255,no-units,FF,0.000000,0.000000,0.000000,0.000000,W,0.000000,T,,,1,,,
analog-value,1187,I187,Integer Variable 187,FFF,F,F,0,0,255,no-units,FF,0.000000,0.000000,0.000000,0.000000,W,0.000000,T,,,1,,,
analog-value,1188,I188,Integer Variable 188,FFF,F,F,0,0,255,no-units,FF,0.000000,0.000000,0.000000,0.000000,W,0.000000,T,,,1,,,
analog-value,1189,I189,Integer Variable 189,FFF,F,F,0,0,255,no-units,FF,0.000000,0.000000,0.000000,0.000000,W,0.000000,T,,,1,,,
analog-value,1190,I190,Integer Variable 190,FFF,F,F,0,0,255,no-units,FF,0.000000,0.000000,0.000000,0.000000,W,0.000000,T,,,1,,,
analog-value,1191,I191,Integer Variable 191,FFF,F,F,0,0,255,no-units,FF,0.000000,0.000000,0.000000,0.000000,W,0.000000,T,,,1,,,
analog-value,1192,I192,Integer Variable 192,FFF,F,F,0,0,255,no-units,FF,0.000000,0.000000,0.000000,0.000000,W,0.000000,T,,,1,,,
analog-value,1193,I193,Integer Variable 193,FFF,F,F,0,0,255,no-units,FF,0.000000,0.000000,0.000000,0.000000,W,0.000000,T,,,1,,,
analog-value,1194,I194,Integer Variable 194,FFF,F,F,0,0,255,no-units,FF,0.000000,0.000000,0.000000,0.000000,W,0.000000,T,,,1,,,
analog-value,1195,I195,Integer Variable 195,FFF,F,F,0,0,255,no-units,FF,0.000000,0.000000,0.000000,0.000000,W,0.000000,T,,,1,,,
analog-value,1196,I196,Integer Variable 196,FFF,F,F,0,0,255,no-units,FF,0.000000,0.000000,0.000000,0.000000,W,0.000000,T,,,1,,,
analog-value,1197,I197,Integer Variable 197,FFF,F,F,0,0,255,no-units,FF,0.000000,0.000000,0.000000,0.000000,W,0.000000,T,,,1,,,
analog-value,1198,I198,Integer Variable 198,FFF,F,F,0,0,255,no-units,FF,0.000000,0.000000,0.000000,0.000000,W,0.000000,T,,,1,,,
analog-value,1199,I199,Integer Variable 199,FFF,F,F,0,0,255,no-units,FF,0.000000,0.000000,0.000000,0.000000,W,0.000000,T,,,1,,,
analog-value,1200,I200,Integer Variable 200,FFF,F,F,0,0,255,no-units,FF,0.000000,0.000000,0.000000,0.000000,W,0.000000,T,,,1,,,
analog-value,1201,I201,Integer Variable 201,FFF,F,F,0,0,255,no-units,FF,0.000000,0.000000,0.000000,0.000000,W,0.000000,T,,,1,,,
analog-value,1202,I202,Integer Variable 202,FFF,F,F,0,0,255,no-units,FF,0.000000,0.000000,0.000000,0.000000,W,0.000000,T,,,1,,,
analog-value,1203,I203,Integer Variable 203,FFF,F,F,0,0,255,no-units,FF,0.000000,0.000000,0.000000,0.000000,W,0.000000,T,,,1,,,
analog-value,1204,I204,Integer Variable 204,FFF,F,F,0,0,255,no-units,FF,0.000000,0.000000,0.000000,0.000000,W,0.000000,T,,,1,,,
analog-value,1205,I205,Integer Variable 205,FFF,F,F,0,0,255,no-units,FF,0.000000,0.000000,0.000000,0.000000,W,0.000000,T,,,1,,,
analog-value,1206,I206,Integer Variable 206,FFF,F,F,0,0,255,no-units,FF,0.000000,0.000000,0.000000,0.000000,W,0.000000,T,,,1,,,
analog-value,1207,I207,Integer Variable 207,FFF,F,F,0,0,255,no-units,FF,0.000000,0.000000,0.000000,0.000000,W,0.000000,T,,,1,,,
Object_Type,Object_Instance,Object_Name,Description,Event_Enable,Issue_Confirmed_Notifications,Ack_Required,Time_Delay,Notification_Class,Priority,Inactive_Text,Active_Text,Alarm_Value,ReadWriteCommandable,Relinquish_Default,Alarm_Custom,Alarm_Property,Alarm_ChangeofState,Alarm_Normal,Alarm_Fault,Alarm_OffNormal
binary-value,1,D001,System On,FFF,F,F,0,0,255,Off,On,0,W,0,F,,,,,
binary-value,2,D002,Compressor 1,FFF,F,F,0,0,255,Off,On,0,W,0,F,,,,,
binary-value,3,D003,Compressor 2,FFF,F,F,0,0,255,Off,On,0,W,0,F,,,,,
binary-value,4,D004,Compressor 3,FFF,F,F,0,0,255,Off,On,0,W,0,F,,,,,
binary-value,5,D005,Compressor 4,FFF,F,F,0,0,255,Off,On,0,W,0,F,,,,,
binary-value,6,D006,Circulating Pump 1,FFF,F,F,0,0,255,Off,On,0,W,0,F,,,,,
binary-value,7,D007,Circulating Pump 2,FFF,F,F,0,0,255,Off,On,0,W,0,F,,,,,
binary-value,8,D008,Circ. 1 Refrigerant shut-off valve,FFF,F,F,0,0,255,Off,On,0,W,0,F,,,,,
binary-value,9,D009,Circ. 2 Refrigerant shut-off valve,FFF,F,F,0,0,255,Off,On,0,W,0,F,,,,,
binary-value,10,D010,Heat recovery Pump ,FFF,F,F,0,0,255,Off,On,0,W,0,F,,,,,
binary-value,11,D011,Heat recovery Circuit 1  ,FFF,F,F,0,0,255,Off,On,0,W,0,F,,,,,
binary-value,12,D012,Heat recovery Circuit 2  ,FFF,F,F,0,0,255,Off,On,0,W,0,F,,,,,
binary-value,13,D013,Antifreeze heaters,FFF,F,F,0,0,255,Off,On,0,W,0,F,,,,,
binary-value,14,D014,Circuit 1 Defrost,FFF,F,F,0,0,255,Off,On,0,W,0,F,,,,,
binary-value,15,D015,Circuit 2 Defrost,FFF,F,F,0,0,255,Off,On,0,W,0,F,,,,,
binary-value,16,D016,Low power consumption mode,FFF,F,F,0,0,255,Off,On,0,W,0,F,,,,,
binary-value,17,D017,Winter mode,FFF,F,F,0,0,255,Off,On,0,W,0,F,,,,,
binary-value,18,D018,Free-cooling valve,FFF,F,F,0,0,255,Off,On,0,W,0,F,,,,,
binary-value,19,D019,Free-cooling pump,FFF,F,F,0,0,255,Off,On,0,W,0,F,,,,,
binary-value,20,D020,DIGITALVARIABLE 188,FFF,F,F,0,0,255,Off,On,0,W,0,F,,,,,
binary-value,21,D021,Ucap working,FFF,F,F,0,0,255,Off,On,0,W,0,F,,,,,
binary-value,22,D022,Inverter pump reduced speed,FFF,F,F,0,0,255,Off,On,0,W,0,F,,,,,
binary-value,23,D023,DIGITALVARIABLE 191,FFF,F,F,0,0,255,Off,On,0,W,0,F,,,,,
binary-value,24,D024,DIGITALVARIABLE 192,FFF,F,F,0,0,255,Off,On,0,W,0,F,,,,,
binary-value,25,D025,DIGITALVARIABLE 193,FFF,F,F,0,0,255,Off,On,0,W,0,F,,,,,
binary-value,26,D026,DIGITALVARIABLE 194,FFF,F,F,0,0,255,Off,On,0,W,0,F,,,,,
binary-value,27,D027,DIGITALVARIABLE 195,FFF,F,F,0,0,255,Off,On,0,W,0,F,,,,,
binary-value,28,D028,DIGITALVARIABLE 196,FFF,F,F,0,0,255,Off,On,0,W,0,F,,,,,
binary-value,29,D029,DIGITALVARIABLE 197,FFF,F,F,0,0,255,Off,On,0,W,0,F,,,,,
binary-value,30,D030,DIGITALVARIABLE 198,FFF,F,F,0,0,255,Off,On,0,W,0,F,,,,,
binary-value,31,D031,Loss of water flow prealarm (Autom.Reset),FFF,F,F,0,0,255,Off,On,0,W,0,F,,,,,
binary-value,32,D032,Loss of water flow alarm (Autom.Reset),FFF,F,F,0,0,255,Off,On,0,W,0,F,,,,,
binary-value,33,D033,Low Pressure 1 PreAlarm (Autom.Reset),FFF,F,F,0,0,255,Off,On,0,W,0,F,,,,,
binary-value,34,D034,Low Pressure 2 PreAlarm (Autom.Reset),FFF,F,F,0,0,255,Off,On,0,W,0,F,,,,,
binary-value,35,D035,Low Pressure 1 Alarm,FFF,F,F,0,0,255,Off,On,0,W,0,F,,,,,
binary-value,36,D036,Low Pressure 2 Alarm,FFF,F,F,0,0,255,Off,On,0,W,0,F,,,,,
binary-value,37,D037,High Pressure 1 Alarm,FFF,F,F,0,0,255,Off,On,0,W,0,F,,,,,
binary-value,38,D038,High Pressure 2 Alarm,FFF,F,F,0,0,255,Off,On,0,W,0,F,,,,,
binary-value,39,D039,Compressor 1 Overload Prealarm (Autom.Reset),FFF,F,F,0,0,255,Off,On,0,W,0,F,,,,,
binary-value,40,D040,Compressor 2 Overload Prealarm (Autom.Reset),FFF,F,F,0,0,255,Off,On,0,W,0,F,,,,,
binary-value,41,D041,Compressor 3 Overload Prealarm (Autom.Reset),FFF,F,F,0,0,255,Off,On,0,W,0,F,,,,,
binary-value,42,D042,Compressor 4 Overload Prealarm (Autom.Reset),FFF,F,F,0,0,255,Off,On,0,W,0,F,,,,,
binary-value,43,D043,Compressor 1 Overload Alarm,FFF,F,F,0,0,255,Off,On,0,W,0,F,,,,,
binary-value,44,D044,Compressor 2 Overload Alarm,FFF,F,F,0,0,255,Off,On,0,W,0,F,,,,,
binary-value,45,D045,Compressor 3 Overload Alarm,FFF,F,F,0,0,255,Off,On,0,W,0,F,,,,,
binary-value,46,D046,Compressor 4 Overload Alarm,FFF,F,F,0,0,255,Off,On,0,W,0,F,,,,,
binary-value,47,D047,Circulating Pump 1 Overload Alarm,FFF,F,F,0,0,255,Off,On,0,W,0,F,,,,,
binary-value,48,D048,Circulating Pump 2 Overload Alarm,FFF,F,F,0,0,255,Off,On,0,W,0,F,,,,,
binary-value,49,D049,Free-cooling Pump Overload Alarm,FFF,F,F,0,0,255,Off,On,0,W,0,F,,,,,
binary-value,50,D050,Antifreeze 1 Prealarm (Automatic Reset),FFF,F,F,0,0,255,Off,On,0,W,0,F,,,,,
binary-value,51,D051,Antifreeze 2 Prealarm (Automatic Reset),FFF,F,F,0,0,255,Off,On,0,W,0,F,,,,,
binary-value,52,D052,Antifreeze 1 Alarm,FFF,F,F,0,0,255,Off,On,0,W,0,F,,,,,
binary-value,53,D053,Antifreeze 2 Alarm,FFF,F,F,0,0,255,Off,On,0,W,0,F,,,,,
binary-value,54,D054,Fase sequence alarm (Automatic Reset),FFF,F,F,0,0,255,Off,On,0,W,0,F,,,,,
binary-value,55,D055,Fase sequence alarm,FFF,F,F,0,0,255,Off,On,0,W,0,F,,,,,
binary-value,56,D056,Fans thermal Prealarm (Automatic Reset),FFF,F,F,0,0,255,Off,On,0,W,0,F,,,,,
binary-value,57,D057,Fans thermal alarm,FFF,F,F,0,0,255,Off,On,0,W,0,F,,,,,
binary-value,58,D058,Net frequency error,FFF,F,F,0,0,255,Off,On,0,W,0,F,,,,,
binary-value,59,D059,Water inlet High Temperature Alarm,FFF,F,F,0,0,255,Off,On,0,W,0,F,,,,,
binary-value,60,D060,Water inlet Low Temperature Alarm,FFF,F,F,0,0,255,Off,On,0,W,0,F,,,,,
binary-value,61,D061,Water Inlet Temp. Sensor Failure/Disconnected,FFF,F,F,0,0,255,Off,On,0,W,0,F,,,,,
binary-value,62,D062,Water Outlet Temp. Sensor Failure/Disconnected,FFF,F,F,0,0,255,Off,On,0,W,0,F,,,,,
binary-value,63,D063,Water Tank Temp. Sensor Failure/Disconnected,FFF,F,F,0,0,255,Off,On,0,W,0,F,,,,,
binary-value,64,D064,Outdoor air Temp. Sensor Failure/Disconnected,FFF,F,F,0,0,255,Off,On,0,W,0,F,,,,,
binary-value,65,D065,Condensing 1 Press. Sensor Failure/Disconnected,FFF,F,F,0,0,255,Off,On,0,W,0,F,,,,,
binary-value,66,D066,Condensing 2 Press. Sensor Failure/Disconnected,FFF,F,F,0,0,255,Off,On,0,W,0,F,,,,,
binary-value,67,D067,Evaporating 1 Press. Sensor Failure/Disconnected,FFF,F,F,0,0,255,Off,On,0,W,0,F,,,,,
binary-value,68,D068,Evaporating 2 Press. Sensor Failure/Disconnected,FFF,F,F,0,0,255,Off,On,0,W,0,F,,,,,
binary-value,69,D069,Water Inlet Press. Sensor Failure/Disconnected,FFF,F,F,0,0,255,Off,On,0,W,0,F,,,,,
binary-value,70,D070,Water Outlet Press. Sensor Failure/Disconnected,FFF,F,F,0,0,255,Off,On,0,W,0,F,,,,,
binary-value,71,D071,EXV 1 Temp. Sensor Failure/Disconnected,FFF,F,F,0,0,255,Off,On,0,W,0,F,,,,,
binary-value,72,D072,EXV 2 Temp. Sensor Failure/Disconnected,FFF,F,F,0,0,255,Off,On,0,W,0,F,,,,,
binary-value,73,D073,EXV 1 Press. Sensor Failure/Disconnected,FFF,F,F,0,0,255,Off,On,0,W,0,F,,,,,
binary-value,74,D074,EXV 2 Press. Sensor Failure/Disconnected,FFF,F,F,0,0,255,Off,On,0,W,0,F,,,,,
binary-value,75,D075,Heat recovery Water Input Temp. Sensor Failure/Disconnected,FFF,F,F,0,0,255,Off,On,0,W,0,F,,,,,
binary-value,76,D076,Heat recovery Water Output Temp. Sensor Failure/Disconnected,FFF,F,F,0,0,255,Off,On,0,W,0,F,,,,,
binary-value,77,D077,Water Tank Temp. Sensor Failure/Disconnected,FFF,F,F,0,0,255,Off,On,0,W,0,F,,,,,
binary-value,78,D078,Additional Temp. Sensor Failure/Disconnected,FFF,F,F,0,0,255,Off,On,0,W,0,F,,,,,
binary-value,79,D079,Reserved,FFF,F,F,0,0,255,Off,On,0,W,0,F,,,,,
binary-value,80,D080,pCOe (address 3) expansion board offline,FFF,F,F,0,0,255,Off,On,0,W,0,F,,,,,
binary-value,81,D081,Compressor 1: hour counter threshold Alarm ,FFF,F,F,0,0,255,Off,On,0,W,0,F,,,,,
binary-value,82,D082,Compressor 2: hour counter threshold Alarm ,FFF,F,F,0,0,255,Off,On,0,W,0,F,,,,,
binary-value,83,D083,Compressor 3: hour counter threshold Alarm ,FFF,F,F,0,0,255,Off,On,0,W,0,F,,,,,
binary-value,84,D084,Compressor 4: hour counter threshold Alarm ,FFF,F,F,0,0,255,Off,On,0,W,0,F,,,,,
binary-value,85,D085,Circulating Pump 1: hour counter threshold Alarm,FFF,F,F,0,0,255,Off,On,0,W,0,F,,,,,
binary-value,86,D086,Circulating Pump 2: hour counter threshold Alarm,FFF,F,F,0,0,255,Off,On,0,W,0,F,,,,,
binary-value,87,D087,Free-Cooling Pump: hour counter threshold Alarm,FFF,F,F,0,0,255,Off,On,0,W,0,F,,,,,
binary-value,88,D088,Wrong password Alarm,FFF,F,F,0,0,255,Off,On,0,W,0,F,,,,,
binary-value,89,D089,Main Board EEPROM failure,FFF,F,F,0,0,255,Off,On,0,W,0,F,,,,,
binary-value,90,D090,Interrupted LAN Alarm,FFF,F,F,0,0,255,Off,On,0,W,0,F,,,,,
binary-value,91,D091,Heat recovery 1 limit PreAlarm (Autom.Reset),FFF,F,F,0,0,255,Off,On,0,W,0,F,,,,,
binary-value,92,D092,Heat recovery 2 limit PreAlarm (Autom.Reset),FFF,F,F,0,0,255,Off,On,0,W,0,F,,,,,
binary-value,93,D093,Heat recovery 1 limit Alarm,FFF,F,F,0,0,255,Off,On,0,W,0,F,,,,,
binary-value,94,D094,Heat recovery 2 limit Alarm,FFF,F,F,0,0,255,Off,On,0,W,0,F,,,,,
binary-value,95,D095,Expansion valve 1 alarm,FFF,F,F,0,0,255,Off,On,0,W,0,F,,,,,
binary-value,96,D096,Expansion valve 2 alarm,FFF,F,F,0,0,255,Off,On,0,W,0,F,,,,,
binary-value,97,D097,Expansion valve 1 Low Superheat,FFF,F,F,0,0,255,Off,On,0,W,0,F,,,,,
binary-value,98,D098,Expansion valve 2 Low Superheat,FFF,F,F,0,0,255,Off,On,0,W,0,F,,,,,
binary-value,99,D099,Expansion valve 1 LOP protection alarm,FFF,F,F,0,0,255,Off,On,0,W,0,F,,,,,
binary-value,100,D100,Expansion valve 2 LOP protection alarm,FFF,F,F,0,0,255,Off,On,0,W,0,F,,,,,
binary-value,101,D101,Expansion valve 1 MOP protection alarm,FFF,F,F,0,0,255,Off,On,0,W,0,F,,,,,
binary-value,102,D102,Expansion valve 2 MOP protection alarm,FFF,F,F,0,0,255,Off,On,0,W,0,F,,,,,
binary-value,103,D103,Expansion valve 1 motor alarm,FFF,F,F,0,0,255,Off,On,0,W,0,F,,,,,
binary-value,104,D104,Expansion valve 2 motor alarm,FFF,F,F,0,0,255,Off,On,0,W,0,F,,,,,
binary-value,105,D105,Expansion valve 1 driver EEPROM failure,FFF,F,F,0,0,255,Off,On,0,W,0,F,,,,,
binary-value,106,D106,Expansion valve 2 driver EEPROM failure,FFF,F,F,0,0,255,Off,On,0,W,0,F,,,,,
binary-value,107,D107,Expansion valve 1 driver offline,FFF,F,F,0,0,255,Off,On,0,W,0,F,,,,,
binary-value,108,D108,Expansion valve 2 driver offline,FFF,F,F,0,0,255,Off,On,0,W,0,F,,,,,
binary-value,109,D109,Reserved,FFF,F,F,0,0,255,Off,On,0,W,0,F,,,,,
binary-value,110,D110,Reserved,FFF,F,F,0,0,255,Off,On,0,W,0,F,,,,,
binary-value,111,D111,Expansion valve driver firmware failure,FFF,F,F,0,0,255,Off,On,0,W,0,F,,,,,
binary-value,112,D112,Freecooling motorized valve blocked,FFF,F,F,0,0,255,Off,On,0,W,0,F,,,,,
binary-value,113,D113,Water High Pressure Alarm,FFF,F,F,0,0,255,Off,On,0,W,0,F,,,,,
binary-value,114,D114,Water Low Pressure Alarm,FFF,F,F,0,0,255,Off,On,0,W,0,F,,,,,
binary-value,115,D115,Inverter pump driver offline,FFF,F,F,0,0,255,Off,On,0,W,0,F,,,,,
binary-value,116,D116,Reserved,FFF,F,F,0,0,255,Off,On,0,W,0,F,,,,,
binary-value,117,D117,Inverter pump driver alarm,FFF,F,F,0,0,255,Off,On,0,W,0,F,,,,,
binary-value,118,D118,Powersupply failure,FFF,F,F,0,0,255,Off,On,0,W,0,F,,,,,
binary-value,119,D119,DIGITALVARIABLE ,FFF,F,F,0,0,255,Off,On,0,W,0,F,,,,,
binary-value,120,D120,Heat recovery Loss of water flow alarm,FFF,F,F,0,0,255,Off,On,0,W,0,F,,,,,
binary-value,121,D121,Energy meter offline,FFF,F,F,0,0,255,Off,On,0,W,0,F,,,,,
binary-value,122,D122,Motorized switch offline,FFF,F,F,0,0,255,Off,On,0,W,0,F,,,,,
binary-value,123,D123,Electric Heaters Fuse Fault,FFF,F,F,0,0,255,Off,On,0,W,0,F,,,,,
binary-value,124,D124,DIGITALVARIABLE ,FFF,F,F,0,0,255,Off,On,0,W,0,F,,,,,
binary-value,125,D125,DIGITALVARIABLE ,FFF,F,F,0,0,255,Off,On,0,W,0,F,,,,,
binary-value,126,D126,DIGITALVARIABLE ,FFF,F,F,0,0,255,Off,On,0,W,0,F,,,,,
binary-value,127,D127,Gas Leakage Detection,FFF,F,F,0,0,255,Off,On,0,W,0,F,,,,,
binary-value,128,D128,Gas Leakage Detection: hour counter threshold Alarm,FFF,F,F,0,0,255,Off,On,0,W,0,F,,,,,
binary-value,129,D129,Compressor inverter discharge Temp. Sensor Failure/Disconnected,FFF,F,F,0,0,255,Off,On,0,W,0,F,,,,,
binary-value,130,D130,Compressor inverter low oil level,FFF,F,F,0,0,255,Off,On,0,W,0,F,,,,,
binary-value,131,D131,Compressor inverter trip alarm,FFF,F,F,0,0,255,Off,On,0,W,0,F,,,,,
binary-value,132,D132,Compressor inverter no trip alarm,FFF,F,F,0,0,255,Off,On,0,W,0,F,,,,,
binary-value,133,D133,EVD Driver Error trasmission parameters,FFF,F,F,0,0,255,Off,On,0,W,0,F,,,,,
binary-value,134,D134,Digital Variable 134,FFF,F,F,0,0,255,Off,On,0,W,0,F,,,,,
binary-value,135,D135,Digital Variable 135,FFF,F,F,0,0,255,Off,On,0,W,0,F,,,,,
binary-value,136,D136,Digital Variable 136,FFF,F,F,0,0,255,Off,On,0,W,0,F,,,,,
binary-value,137,D137,Digital Variable 137,FFF,F,F,0,0,255,Off,On,0,W,0,F,,,,,
binary-value,138,D138,Digital Variable 138,FFF,F,F,0,0,255,Off,On,0,W,0,F,,,,,
binary-value,139,D139,Digital Variable 139,FFF,F,F,0,0,255,Off,On,0,W,0,F,,,,,
binary-value,140,D140,Digital Variable 140,FFF,F,F,0,0,255,Off,On,0,W,0,F,,,,,
binary-value,141,D141,Digital Variable 141,FFF,F,F,0,0,255,Off,On,0,W,0,F,,,,,
binary-value,142,D142,Digital Variable 142,FFF,F,F,0,0,255,Off,On,0,W,0,F,,,,,
binary-value,143,D143,Digital Variable 143,FFF,F,F,0,0,255,Off,On,0,W,0,F,,,,,
binary-value,144,D144,Digital Variable 144,FFF,F,F,0,0,255,Off,On,0,W,0,F,,,,,
binary-value,145,D145,Digital Variable 145,FFF,F,F,0,0,255,Off,On,0,W,0,F,,,,,
binary-value,146,D146,Digital Variable 146,FFF,F,F,0,0,255,Off,On,0,W,0,F,,,,,
binary-value,147,D147,Digital Variable 147,FFF,F,F,0,0,255,Off,On,0,W,0,F,,,,,
binary-value,148,D148,Digital Variable 148,FFF,F,F,0,0,255,Off,On,0,W,0,F,,,,,
binary-value,149,D149,Digital Variable 149,FFF,F,F,0,0,255,Off,On,0,W,0,F,,,,,
binary-value,150,D150,Digital Variable 150,FFF,F,F,0,0,255,Off,On,0,W,0,F,,,,,
binary-value,151,D151,Digital Variable 151,FFF,F,F,0,0,255,Off,On,0,W,0,F,,,,,
binary-value,152,D152,Digital Variable 152,FFF,F,F,0,0,255,Off,On,0,W,0,F,,,,,
binary-value,153,D153,Digital Variable 153,FFF,F,F,0,0,255,Off,On,0,W,0,F,,,,,
binary-value,154,D154,Digital Variable 154,FFF,F,F,0,0,255,Off,On,0,W,0,F,,,,,
binary-value,155,D155,Digital Variable 155,FFF,F,F,0,0,255,Off,On,0,W,0,F,,,,,
binary-value,156,D156,Digital Variable 156,FFF,F,F,0,0,255,Off,On,0,W,0,F,,,,,
binary-value,157,D157,Digital Variable 157,FFF,F,F,0,0,255,Off,On,0,W,0,F,,,,,
binary-value,158,D158,Digital Variable 158,FFF,F,F,0,0,255,Off,On,0,W,0,F,,,,,
binary-value,159,D159,Digital Variable 159,FFF,F,F,0,0,255,Off,On,0,W,0,F,,,,,
binary-value,160,D160,Digital Variable 160,FFF,F,F,0,0,255,Off,On,0,W,0,F,,,,,
binary-value,161,D161,Digital Variable 161,FFF,F,F,0,0,255,Off,On,0,W,0,F,,,,,
binary-value,162,D162,Digital Variable 162,FFF,F,F,0,0,255,Off,On,0,W,0,F,,,,,
binary-value,163,D163,Digital Variable 163,FFF,F,F,0,0,255,Off,On,0,W,0,F,,,,,
binary-value,164,D164,Digital Variable 164,FFF,F,F,0,0,255,Off,On,0,W,0,F,,,,,
binary-value,165,D165,Digital Variable 165,FFF,F,F,0,0,255,Off,On,0,W,0,F,,,,,
binary-value,166,D166,Digital Variable 166,FFF,F,F,0,0,255,Off,On,0,W,0,F,,,,,
binary-value,167,D167,Digital Variable 167,FFF,F,F,0,0,255,Off,On,0,W,0,F,,,,,
binary-value,168,D168,Digital Variable 168,FFF,F,F,0,0,255,Off,On,0,W,0,F,,,,,
binary-value,169,D169,Digital Variable 169,FFF,F,F,0,0,255,Off,On,0,W,0,F,,,,,
binary-value,170,D170,Digital Variable 170,FFF,F,F,0,0,255,Off,On,0,W,0,F,,,,,
binary-value,171,D171,Digital Variable 171,FFF,F,F,0,0,255,Off,On,0,W,0,F,,,,,
binary-value,172,D172,Digital Variable 172,FFF,F,F,0,0,255,Off,On,0,W,0,F,,,,,
binary-value,173,D173,Digital Variable 173,FFF,F,F,0,0,255,Off,On,0,W,0,F,,,,,
binary-value,174,D174,Digital Variable 174,FFF,F,F,0,0,255,Off,On,0,W,0,F,,,,,
binary-value,175,D175,Digital Variable 175,FFF,F,F,0,0,255,Off,On,0,W,0,F,,,,,
binary-value,176,D176,Digital Variable 176,FFF,F,F,0,0,255,Off,On,0,W,0,F,,,,,
binary-value,177,D177,Digital Variable 177,FFF,F,F,0,0,255,Off,On,0,W,0,F,,,,,
binary-value,178,D178,Digital Variable 178,FFF,F,F,0,0,255,Off,On,0,W,0,F,,,,,
binary-value,179,D179,Digital Variable 179,FFF,F,F,0,0,255,Off,On,0,W,0,F,,,,,
binary-value,180,D180,Digital Variable 180,FFF,F,F,0,0,255,Off,On,0,W,0,F,,,,,
binary-value,181,D181,Digital Variable 181,FFF,F,F,0,0,255,Off,On,0,W,0,F,,,,,
binary-value,182,D182,Digital Variable 182,FFF,F,F,0,0,255,Off,On,0,W,0,F,,,,,
binary-value,183,D183,Digital Variable 183,FFF,F,F,0,0,255,Off,On,0,W,0,F,,,,,
binary-value,184,D184,Digital Variable 184,FFF,F,F,0,0,255,Off,On,0,W,0,F,,,,,
binary-value,185,D185,Digital Variable 185,FFF,F,F,0,0,255,Off,On,0,W,0,F,,,,,
binary-value,186,D186,Digital Variable 186,FFF,F,F,0,0,255,Off,On,0,W,0,F,,,,,
binary-value,187,D187,Digital Variable 187,FFF,F,F,0,0,255,Off,On,0,W,0,F,,,,,
binary-value,188,D188,Digital Variable 188,FFF,F,F,0,0,255,Off,On,0,W,0,F,,,,,
binary-value,189,D189,Digital Variable 189,FFF,F,F,0,0,255,Off,On,0,W,0,F,,,,,
binary-value,190,D190,Digital Variable 190,FFF,F,F,0,0,255,Off,On,0,W,0,F,,,,,
binary-value,191,D191,Digital Variable 191,FFF,F,F,0,0,255,Off,On,0,W,0,F,,,,,
binary-value,192,D192,Digital Variable 192,FFF,F,F,0,0,255,Off,On,0,W,0,F,,,,,
binary-value,193,D193,Digital Variable 193,FFF,F,F,0,0,255,Off,On,0,W,0,F,,,,,
binary-value,194,D194,Digital Variable 194,FFF,F,F,0,0,255,Off,On,0,W,0,F,,,,,
binary-value,195,D195,Digital Variable 195,FFF,F,F,0,0,255,Off,On,0,W,0,F,,,,,
binary-value,196,D196,Digital Variable 196,FFF,F,F,0,0,255,Off,On,0,W,0,F,,,,,
binary-value,197,D197,Digital Variable 197,FFF,F,F,0,0,255,Off,On,0,W,0,F,,,,,
binary-value,198,D198,Digital Variable 198,FFF,F,F,0,0,255,Off,On,0,W,0,F,,,,,
binary-value,199,D199,Digital Variable 199,FFF,F,F,0,0,255,Off,On,0,W,0,F,,,,,
binary-value,200,D200,Digital Variable 200,FFF,F,F,0,0,255,Off,On,0,W,0,F,,,,,
binary-value,201,D201,Digital Variable 201,FFF,F,F,0,0,255,Off,On,0,W,0,F,,,,,
binary-value,202,D202,Digital Variable 202,FFF,F,F,0,0,255,Off,On,0,W,0,F,,,,,
binary-value,203,D203,Digital Variable 203,FFF,F,F,0,0,255,Off,On,0,W,0,F,,,,,
binary-value,204,D204,Digital Variable 204,FFF,F,F,0,0,255,Off,On,0,W,0,F,,,,,
binary-value,205,D205,Digital Variable 205,FFF,F,F,0,0,255,Off,On,0,W,0,F,,,,,
binary-value,206,D206,Digital Variable 206,FFF,F,F,0,0,255,Off,On,0,W,0,F,,,,,
binary-value,207,D207,Digital Variable 207,FFF,F,F,0,0,255,Off,On,0,W,0,F,,,,,
