Object_Type,Object_Instance,Object_Name,Description,Event_Enable,Issue_Confirmed_Notifications,Ack_Required,Time_Delay,Priority,Units,Limit_Enable,High_Limit,Low_Limit,Deadband,COV_Increment,Notification_Class
analog-value,1,A001,Water Outlet Temperature,FFF,F,F,0,1,degrees-celsius,FF,0.000000,0.000000,0.000000,0.000000,0
analog-value,2,A002,Water Outlet Temp. used by regulator,FFF,F,F,0,1,degrees-celsius,FF,0.000000,0.000000,0.000000,0.000000,0
analog-value,3,A003,Water Inlet Temperature,FFF,F,F,0,1,degrees-celsius,FF,0.000000,0.000000,0.000000,0.000000,0
analog-value,4,A004,Outdoor Air Temperature,FFF,F,F,0,1,degrees-celsius,FF,0.000000,0.000000,0.000000,0.000000,0
analog-value,5,A005,Condensing Temperature,FFF,F,F,0,1,degrees-celsius,FF,0.000000,0.000000,0.000000,0.000000,0
analog-value,6,A006,Suction Pressure,FFF,F,F,0,1,bars,FF,0.000000,0.000000,0.000000,0.000000,0
analog-value,7,A007,Evaporating Temperature,FFF,F,F,0,1,degrees-celsius,FF,0.000000,0.000000,0.000000,0.000000,0
analog-value,8,A008,Suction Temperature,FFF,F,F,0,1,degrees-celsius,FF,0.000000,0.000000,0.000000,0.000000,0
analog-value,9,A009,Fan Speed Modulation (0-100,FFF,F,F,0,1,percent,FF,0.000000,0.000000,0.000000,0.000000,0
analog-value,10,A010,Regulation Ramp,FFF,F,F,0,1,percent,FF,0.000000,0.000000,0.000000,0.000000,0
analog-value,11,A011,Real Superheat,FFF,F,F,0,1,no-units,FF,0.000000,0.000000,0.000000,0.000000,0
analog-value,12,A012,Actual Superheat circuit,FFF,F,F,0,1,degrees-celsius,FF,0.000000,0.000000,0.000000,0.000000,0
analog-value,13,A013,Analog Variable 13,FFF,F,F,0,1,no-units,FF,0.000000,0.000000,0.000000,0.000000,0
analog-value,14,A014,Analog Variable 14,FFF,F,F,0,1,no-units,FF,0.000000,0.000000,0.000000,0.000000,0
analog-value,15,A015,Delivery Water Temp. Actual Set Point,FFF,F,F,0,1,degrees-celsius,FF,0.000000,0.000000,0.000000,0.000000,0
analog-value,16,A016,Delivery Water Temp. Max. Hysteresi,FFF,F,F,0,1,degrees-celsius,FF,0.000000,0.000000,0.000000,0.000000,0
analog-value,17,A017,Sending variables Offset,FFF,F,F,0,1,no-units,FF,0.000000,0.000000,0.000000,0.000000,0
analog-value,18,A018,Delivery Water Temp. Summer STD Set Point,FFF,F,F,0,1,degrees-celsius,FF,0.000000,0.000000,0.000000,0.000000,0
analog-value,19,A019,Delivery Water Temp. Summer OPT Set Point,FFF,F,F,0,1,degrees-celsius,FF,0.000000,0.000000,0.000000,0.000000,0
analog-value,20,A020,Del.Water T. Summer SetBack mode SetP.,FFF,F,F,0,1,degrees-celsius,FF,0.000000,0.000000,0.000000,0.000000,0
analog-value,21,A021,Delivery Water Temp. Winter Set Point,FFF,F,F,0,1,degrees-celsius,FF,0.000000,0.000000,0.000000,0.000000,0
analog-value,22,A022,Del.Water T. Winter SetBack mode SetP.,FFF,F,F,0,1,degrees-celsius,FF,0.000000,0.000000,0.000000,0.000000,0
analog-value,23,A023,CW inlet High Temp. Alarm Threshold,FFF,F,F,0,1,degrees-celsius,FF,0.000000,0.000000,0.000000,0.000000,0
analog-value,24,A024,CW inlet Low Temp. Alarm Threshold,FFF,F,F,0,1,degrees-celsius,FF,0.000000,0.000000,0.000000,0.000000,0
analog-value,25,A025,HW inlet High Temp. Alarm Threshold,FFF,F,F,0,1,degrees-celsius,FF,0.000000,0.000000,0.000000,0.000000,0
analog-value,26,A026,HW inlet Low Temp. Alarm Threshold,FFF,F,F,0,1,degrees-celsius,FF,0.000000,0.000000,0.000000,0.000000,0
analog-value,27,A027,Summer T.ext Compens.: P1 T.ext SetP.,FFF,F,F,0,1,degrees-celsius,FF,0.000000,0.000000,0.000000,0.000000,0
analog-value,28,A028,Summer T.ext Compens.: P2 T.wout SetP.,FFF,F,F,0,1,degrees-celsius,FF,0.000000,0.000000,0.000000,0.000000,0
analog-value,29,A029,Summer T.ext Compens.: P2 T.ext SetP.,FFF,F,F,0,1,degrees-celsius,FF,0.000000,0.000000,0.000000,0.000000,0
analog-value,30,A030,Winter T.ext Compens.: P1 T.ext SetP.,FFF,F,F,0,1,degrees-celsius,FF,0.000000,0.000000,0.000000,0.000000,0
analog-value,31,A031,Winter T.ext Compens.: P2 T.wout SetP.,FFF,F,F,0,1,degrees-celsius,FF,0.000000,0.000000,0.000000,0.000000,0
analog-value,32,A032,Winter T.ext Compens.: P2 T.ext SetP.,FFF,F,F,0,1,degrees-celsius,FF,0.000000,0.000000,0.000000,0.000000,0
analog-value,33,A033,Analog Variable 33,FFF,F,F,0,1,no-units,FF,0.000000,0.000000,0.000000,0.000000,0
analog-value,34,A034,Analog Variable 34,FFF,F,F,0,1,no-units,FF,0.000000,0.000000,0.000000,0.000000,0
analog-value,35,A035,Analog Variable 35,FFF,F,F,0,1,no-units,FF,0.000000,0.000000,0.000000,0.000000,0
analog-value,36,A036,Analog Variable 36,FFF,F,F,0,1,no-units,FF,0.000000,0.000000,0.000000,0.000000,0
analog-value,37,A037,Analog Variable 37,FFF,F,F,0,1,no-units,FF,0.000000,0.000000,0.000000,0.000000,0
analog-value,38,A038,Analog Variable 38,FFF,F,F,0,1,no-units,FF,0.000000,0.000000,0.000000,0.000000,0
analog-value,39,A039,Analog Variable 39,FFF,F,F,0,1,no-units,FF,0.000000,0.000000,0.000000,0.000000,0
analog-value,40,A040,Analog Variable 40,FFF,F,F,0,1,no-units,FF,0.000000,0.000000,0.000000,0.000000,0
analog-value,41,A041,Analog Variable 41,FFF,F,F,0,1,no-units,FF,0.000000,0.000000,0.000000,0.000000,0
analog-value,42,A042,Analog Variable 42,FFF,F,F,0,1,no-units,FF,0.000000,0.000000,0.000000,0.000000,0
analog-value,43,A043,Analog Variable 43,FFF,F,F,0,1,no-units,FF,0.000000,0.000000,0.000000,0.000000,0
analog-value,44,A044,Analog Variable 44,FFF,F,F,0,1,no-units,FF,0.000000,0.000000,0.000000,0.000000,0
analog-value,45,A045,Analog Variable 45,FFF,F,F,0,1,no-units,FF,0.000000,0.000000,0.000000,0.000000,0
analog-value,46,A046,Analog Variable 46,FFF,F,F,0,1,no-units,FF,0.000000,0.000000,0.000000,0.000000,0
analog-value,47,A047,Analog Variable 47,FFF,F,F,0,1,no-units,FF,0.000000,0.000000,0.000000,0.000000,0
analog-value,48,A048,Analog Variable 48,FFF,F,F,0,1,no-units,FF,0.000000,0.000000,0.000000,0.000000,0
analog-value,49,A049,Analog Variable 49,FFF,F,F,0,1,no-units,FF,0.000000,0.000000,0.000000,0.000000,0
analog-value,50,A050,Analog Variable 50,FFF,F,F,0,1,no-units,FF,0.000000,0.000000,0.000000,0.000000,0
analog-value,51,A051,Analog Variable 51,FFF,F,F,0,1,no-units,FF,0.000000,0.000000,0.000000,0.000000,0
analog-value,52,A052,Analog Variable 52,FFF,F,F,0,1,no-units,FF,0.000000,0.000000,0.000000,0.000000,0
analog-value,53,A053,Analog Variable 53,FFF,F,F,0,1,no-units,FF,0.000000,0.000000,0.000000,0.000000,0
analog-value,54,A054,Analog Variable 54,FFF,F,F,0,1,no-units,FF,0.000000,0.000000,0.000000,0.000000,0
analog-value,55,A055,Analog Variable 55,FFF,F,F,0,1,no-units,FF,0.000000,0.000000,0.000000,0.000000,0
analog-value,56,A056,Analog Variable 56,FFF,F,F,0,1,no-units,FF,0.000000,0.000000,0.000000,0.000000,0
analog-value,57,A057,Analog Variable 57,FFF,F,F,0,1,no-units,FF,0.000000,0.000000,0.000000,0.000000,0
analog-value,58,A058,Analog Variable 58,FFF,F,F,0,1,no-units,FF,0.000000,0.000000,0.000000,0.000000,0
analog-value,59,A059,Analog Variable 59,FFF,F,F,0,1,no-units,FF,0.000000,0.000000,0.000000,0.000000,0
analog-value,60,A060,Analog Variable 60,FFF,F,F,0,1,no-units,FF,0.000000,0.000000,0.000000,0.000000,0
analog-value,61,A061,Analog Variable 61,FFF,F,F,0,1,no-units,FF,0.000000,0.000000,0.000000,0.000000,0
analog-value,62,A062,Analog Variable 62,FFF,F,F,0,1,no-units,FF,0.000000,0.000000,0.000000,0.000000,0
analog-value,63,A063,Analog Variable 63,FFF,F,F,0,1,no-units,FF,0.000000,0.000000,0.000000,0.000000,0
analog-value,64,A064,Analog Variable 64,FFF,F,F,0,1,no-units,FF,0.000000,0.000000,0.000000,0.000000,0
analog-value,65,A065,Analog Variable 65,FFF,F,F,0,1,no-units,FF,0.000000,0.000000,0.000000,0.000000,0
analog-value,66,A066,Analog Variable 66,FFF,F,F,0,1,no-units,FF,0.000000,0.000000,0.000000,0.000000,0
analog-value,67,A067,Analog Variable 67,FFF,F,F,0,1,no-units,FF,0.000000,0.000000,0.000000,0.000000,0
analog-value,68,A068,Analog Variable 68,FFF,F,F,0,1,no-units,FF,0.000000,0.000000,0.000000,0.000000,0
analog-value,69,A069,Analog Variable 69,FFF,F,F,0,1,no-units,FF,0.000000,0.000000,0.000000,0.000000,0
analog-value,70,A070,Analog Variable 70,FFF,F,F,0,1,no-units,FF,0.000000,0.000000,0.000000,0.000000,0
analog-value,71,A071,Analog Variable 71,FFF,F,F,0,1,no-units,FF,0.000000,0.000000,0.000000,0.000000,0
analog-value,72,A072,Analog Variable 72,FFF,F,F,0,1,no-units,FF,0.000000,0.000000,0.000000,0.000000,0
analog-value,73,A073,Analog Variable 73,FFF,F,F,0,1,no-units,FF,0.000000,0.000000,0.000000,0.000000,0
analog-value,74,A074,Analog Variable 74,FFF,F,F,0,1,no-units,FF,0.000000,0.000000,0.000000,0.000000,0
analog-value,75,A075,Analog Variable 75,FFF,F,F,0,1,no-units,FF,0.000000,0.000000,0.000000,0.000000,0
analog-value,76,A076,Analog Variable 76,FFF,F,F,0,1,no-units,FF,0.000000,0.000000,0.000000,0.000000,0
analog-value,77,A077,Analog Variable 77,FFF,F,F,0,1,no-units,FF,0.000000,0.000000,0.000000,0.000000,0
analog-value,78,A078,Analog Variable 78,FFF,F,F,0,1,no-units,FF,0.000000,0.000000,0.000000,0.000000,0
analog-value,79,A079,Analog Variable 79,FFF,F,F,0,1,no-units,FF,0.000000,0.000000,0.000000,0.000000,0
analog-value,80,A080,Analog Variable 80,FFF,F,F,0,1,no-units,FF,0.000000,0.000000,0.000000,0.000000,0
analog-value,81,A081,Analog Variable 81,FFF,F,F,0,1,no-units,FF,0.000000,0.000000,0.000000,0.000000,0
analog-value,82,A082,Analog Variable 82,FFF,F,F,0,1,no-units,FF,0.000000,0.000000,0.000000,0.000000,0
analog-value,83,A083,Analog Variable 83,FFF,F,F,0,1,no-units,FF,0.000000,0.000000,0.000000,0.000000,0
analog-value,84,A084,Analog Variable 84,FFF,F,F,0,1,no-units,FF,0.000000,0.000000,0.000000,0.000000,0
analog-value,85,A085,Analog Variable 85,FFF,F,F,0,1,no-units,FF,0.000000,0.000000,0.000000,0.000000,0
analog-value,86,A086,Analog Variable 86,FFF,F,F,0,1,no-units,FF,0.000000,0.000000,0.000000,0.000000,0
analog-value,87,A087,Analog Variable 87,FFF,F,F,0,1,no-units,FF,0.000000,0.000000,0.000000,0.000000,0
analog-value,88,A088,Analog Variable 88,FFF,F,F,0,1,no-units,FF,0.000000,0.000000,0.000000,0.000000,0
analog-value,89,A089,Analog Variable 89,FFF,F,F,0,1,no-units,FF,0.000000,0.000000,0.000000,0.000000,0
analog-value,90,A090,Analog Variable 90,FFF,F,F,0,1,no-units,FF,0.000000,0.000000,0.000000,0.000000,0
analog-value,91,A091,Analog Variable 91,FFF,F,F,0,1,no-units,FF,0.000000,0.000000,0.000000,0.000000,0
analog-value,92,A092,Analog Variable 92,FFF,F,F,0,1,no-units,FF,0.000000,0.000000,0.000000,0.000000,0
analog-value,93,A093,Analog Variable 93,FFF,F,F,0,1,no-units,FF,0.000000,0.000000,0.000000,0.000000,0
analog-value,94,A094,Analog Variable 94,FFF,F,F,0,1,no-units,FF,0.000000,0.000000,0.000000,0.000000,0
analog-value,95,A095,Analog Variable 95,FFF,F,F,0,1,no-units,FF,0.000000,0.000000,0.000000,0.000000,0
analog-value,96,A096,Analog Variable 96,FFF,F,F,0,1,no-units,FF,0.000000,0.000000,0.000000,0.000000,0
analog-value,97,A097,Analog Variable 97,FFF,F,F,0,1,no-units,FF,0.000000,0.000000,0.000000,0.000000,0
analog-value,98,A098,Analog Variable 98,FFF,F,F,0,1,no-units,FF,0.000000,0.000000,0.000000,0.000000,0
analog-value,99,A099,Analog Variable 99,FFF,F,F,0,1,no-units,FF,0.000000,0.000000,0.000000,0.000000,0
analog-value,100,A100,Analog Variable 100,FFF,F,F,0,1,no-units,FF,0.000000,0.000000,0.000000,0.000000,0
analog-value,101,A101,Analog Variable 101,FFF,F,F,0,1,no-units,FF,0.000000,0.000000,0.000000,0.000000,0
analog-value,102,A102,Analog Variable 102,FFF,F,F,0,1,no-units,FF,0.000000,0.000000,0.000000,0.000000,0
analog-value,103,A103,Analog Variable 103,FFF,F,F,0,1,no-units,FF,0.000000,0.000000,0.000000,0.000000,0
analog-value,104,A104,Analog Variable 104,FFF,F,F,0,1,no-units,FF,0.000000,0.000000,0.000000,0.000000,0
analog-value,105,A105,Analog Variable 105,FFF,F,F,0,1,no-units,FF,0.000000,0.000000,0.000000,0.000000,0
analog-value,106,A106,Analog Variable 106,FFF,F,F,0,1,no-units,FF,0.000000,0.000000,0.000000,0.000000,0
analog-value,107,A107,Analog Variable 107,FFF,F,F,0,1,no-units,FF,0.000000,0.000000,0.000000,0.000000,0
analog-value,108,A108,Analog Variable 108,FFF,F,F,0,1,no-units,FF,0.000000,0.000000,0.000000,0.000000,0
analog-value,109,A109,Analog Variable 109,FFF,F,F,0,1,no-units,FF,0.000000,0.000000,0.000000,0.000000,0
analog-value,110,A110,Analog Variable 110,FFF,F,F,0,1,no-units,FF,0.000000,0.000000,0.000000,0.000000,0
analog-value,111,A111,Analog Variable 111,FFF,F,F,0,1,no-units,FF,0.000000,0.000000,0.000000,0.000000,0
analog-value,112,A112,Analog Variable 112,FFF,F,F,0,1,no-units,FF,0.000000,0.000000,0.000000,0.000000,0
analog-value,113,A113,Analog Variable 113,FFF,F,F,0,1,no-units,FF,0.000000,0.000000,0.000000,0.000000,0
analog-value,114,A114,Analog Variable 114,FFF,F,F,0,1,no-units,FF,0.000000,0.000000,0.000000,0.000000,0
analog-value,115,A115,Analog Variable 115,FFF,F,F,0,1,no-units,FF,0.000000,0.000000,0.000000,0.000000,0
analog-value,116,A116,Analog Variable 116,FFF,F,F,0,1,no-units,FF,0.000000,0.000000,0.000000,0.000000,0
analog-value,117,A117,Analog Variable 117,FFF,F,F,0,1,no-units,FF,0.000000,0.000000,0.000000,0.000000,0
analog-value,118,A118,Analog Variable 118,FFF,F,F,0,1,no-units,FF,0.000000,0.000000,0.000000,0.000000,0
analog-value,119,A119,Analog Variable 119,FFF,F,F,0,1,no-units,FF,0.000000,0.000000,0.000000,0.000000,0
analog-value,120,A120,Analog Variable 120,FFF,F,F,0,1,no-units,FF,0.000000,0.000000,0.000000,0.000000,0
analog-value,121,A121,Analog Variable 121,FFF,F,F,0,1,no-units,FF,0.000000,0.000000,0.000000,0.000000,0
analog-value,122,A122,Analog Variable 122,FFF,F,F,0,1,no-units,FF,0.000000,0.000000,0.000000,0.000000,0
analog-value,123,A123,Analog Variable 123,FFF,F,F,0,1,no-units,FF,0.000000,0.000000,0.000000,0.000000,0
analog-value,124,A124,Analog Variable 124,FFF,F,F,0,1,no-units,FF,0.000000,0.000000,0.000000,0.000000,0
analog-value,125,A125,Analog Variable 125,FFF,F,F,0,1,no-units,FF,0.000000,0.000000,0.000000,0.000000,0
analog-value,126,A126,Analog Variable 126,FFF,F,F,0,1,no-units,FF,0.000000,0.000000,0.000000,0.000000,0
analog-value,127,A127,Analog Variable 127,FFF,F,F,0,1,no-units,FF,0.000000,0.000000,0.000000,0.000000,0
analog-value,128,A128,Analog Variable 128,FFF,F,F,0,1,no-units,FF,0.000000,0.000000,0.000000,0.000000,0
analog-value,129,A129,Analog Variable 129,FFF,F,F,0,1,no-units,FF,0.000000,0.000000,0.000000,0.000000,0
analog-value,130,A130,Analog Variable 130,FFF,F,F,0,1,no-units,FF,0.000000,0.000000,0.000000,0.000000,0
analog-value,131,A131,Analog Variable 131,FFF,F,F,0,1,no-units,FF,0.000000,0.000000,0.000000,0.000000,0
analog-value,132,A132,Analog Variable 132,FFF,F,F,0,1,no-units,FF,0.000000,0.000000,0.000000,0.000000,0
analog-value,133,A133,Analog Variable 133,FFF,F,F,0,1,no-units,FF,0.000000,0.000000,0.000000,0.000000,0
analog-value,134,A134,Analog Variable 134,FFF,F,F,0,1,no-units,FF,0.000000,0.000000,0.000000,0.000000,0
analog-value,135,A135,Analog Variable 135,FFF,F,F,0,1,no-units,FF,0.000000,0.000000,0.000000,0.000000,0
analog-value,136,A136,Analog Variable 136,FFF,F,F,0,1,no-units,FF,0.000000,0.000000,0.000000,0.000000,0
analog-value,137,A137,Analog Variable 137,FFF,F,F,0,1,no-units,FF,0.000000,0.000000,0.000000,0.000000,0
analog-value,138,A138,Analog Variable 138,FFF,F,F,0,1,no-units,FF,0.000000,0.000000,0.000000,0.000000,0
analog-value,139,A139,Analog Variable 139,FFF,F,F,0,1,no-units,FF,0.000000,0.000000,0.000000,0.000000,0
analog-value,140,A140,Analog Variable 140,FFF,F,F,0,1,no-units,FF,0.000000,0.000000,0.000000,0.000000,0
analog-value,141,A141,Analog Variable 141,FFF,F,F,0,1,no-units,FF,0.000000,0.000000,0.000000,0.000000,0
analog-value,142,A142,Analog Variable 142,FFF,F,F,0,1,no-units,FF,0.000000,0.000000,0.000000,0.000000,0
analog-value,143,A143,Analog Variable 143,FFF,F,F,0,1,no-units,FF,0.000000,0.000000,0.000000,0.000000,0
analog-value,144,A144,Analog Variable 144,FFF,F,F,0,1,no-units,FF,0.000000,0.000000,0.000000,0.000000,0
analog-value,145,A145,Analog Variable 145,FFF,F,F,0,1,no-units,FF,0.000000,0.000000,0.000000,0.000000,0
analog-value,146,A146,Analog Variable 146,FFF,F,F,0,1,no-units,FF,0.000000,0.000000,0.000000,0.000000,0
analog-value,147,A147,Analog Variable 147,FFF,F,F,0,1,no-units,FF,0.000000,0.000000,0.000000,0.000000,0
analog-value,148,A148,Analog Variable 148,FFF,F,F,0,1,no-units,FF,0.000000,0.000000,0.000000,0.000000,0
analog-value,149,A149,Analog Variable 149,FFF,F,F,0,1,no-units,FF,0.000000,0.000000,0.000000,0.000000,0
analog-value,150,A150,Analog Variable 150,FFF,F,F,0,1,no-units,FF,0.000000,0.000000,0.000000,0.000000,0
analog-value,151,A151,Analog Variable 151,FFF,F,F,0,1,no-units,FF,0.000000,0.000000,0.000000,0.000000,0
analog-value,152,A152,Analog Variable 152,FFF,F,F,0,1,no-units,FF,0.000000,0.000000,0.000000,0.000000,0
analog-value,153,A153,Analog Variable 153,FFF,F,F,0,1,no-units,FF,0.000000,0.000000,0.000000,0.000000,0
analog-value,154,A154,Analog Variable 154,FFF,F,F,0,1,no-units,FF,0.000000,0.000000,0.000000,0.000000,0
analog-value,155,A155,Analog Variable 155,FFF,F,F,0,1,no-units,FF,0.000000,0.000000,0.000000,0.000000,0
analog-value,156,A156,Analog Variable 156,FFF,F,F,0,1,no-units,FF,0.000000,0.000000,0.000000,0.000000,0
analog-value,157,A157,Analog Variable 157,FFF,F,F,0,1,no-units,FF,0.000000,0.000000,0.000000,0.000000,0
analog-value,158,A158,Analog Variable 158,FFF,F,F,0,1,no-units,FF,0.000000,0.000000,0.000000,0.000000,0
analog-value,159,A159,Analog Variable 159,FFF,F,F,0,1,no-units,FF,0.000000,0.000000,0.000000,0.000000,0
analog-value,160,A160,Analog Variable 160,FFF,F,F,0,1,no-units,FF,0.000000,0.000000,0.000000,0.000000,0
analog-value,161,A161,Analog Variable 161,FFF,F,F,0,1,no-units,FF,0.000000,0.000000,0.000000,0.000000,0
analog-value,162,A162,Analog Variable 162,FFF,F,F,0,1,no-units,FF,0.000000,0.000000,0.000000,0.000000,0
analog-value,163,A163,Analog Variable 163,FFF,F,F,0,1,no-units,FF,0.000000,0.000000,0.000000,0.000000,0
analog-value,164,A164,Analog Variable 164,FFF,F,F,0,1,no-units,FF,0.000000,0.000000,0.000000,0.000000,0
analog-value,165,A165,Analog Variable 165,FFF,F,F,0,1,no-units,FF,0.000000,0.000000,0.000000,0.000000,0
analog-value,166,A166,Analog Variable 166,FFF,F,F,0,1,no-units,FF,0.000000,0.000000,0.000000,0.000000,0
analog-value,167,A167,Analog Variable 167,FFF,F,F,0,1,no-units,FF,0.000000,0.000000,0.000000,0.000000,0
analog-value,168,A168,Analog Variable 168,FFF,F,F,0,1,no-units,FF,0.000000,0.000000,0.000000,0.000000,0
analog-value,169,A169,Analog Variable 169,FFF,F,F,0,1,no-units,FF,0.000000,0.000000,0.000000,0.000000,0
analog-value,170,A170,Analog Variable 170,FFF,F,F,0,1,no-units,FF,0.000000,0.000000,0.000000,0.000000,0
analog-value,171,A171,Analog Variable 171,FFF,F,F,0,1,no-units,FF,0.000000,0.000000,0.000000,0.000000,0
analog-value,172,A172,Analog Variable 172,FFF,F,F,0,1,no-units,FF,0.000000,0.000000,0.000000,0.000000,0
analog-value,173,A173,Analog Variable 173,FFF,F,F,0,1,no-units,FF,0.000000,0.000000,0.000000,0.000000,0
analog-value,174,A174,Analog Variable 174,FFF,F,F,0,1,no-units,FF,0.000000,0.000000,0.000000,0.000000,0
analog-value,175,A175,Analog Variable 175,FFF,F,F,0,1,no-units,FF,0.000000,0.000000,0.000000,0.000000,0
analog-value,176,A176,Analog Variable 176,FFF,F,F,0,1,no-units,FF,0.000000,0.000000,0.000000,0.000000,0
analog-value,177,A177,Analog Variable 177,FFF,F,F,0,1,no-units,FF,0.000000,0.000000,0.000000,0.000000,0
analog-value,178,A178,Analog Variable 178,FFF,F,F,0,1,no-units,FF,0.000000,0.000000,0.000000,0.000000,0
analog-value,179,A179,Analog Variable 179,FFF,F,F,0,1,no-units,FF,0.000000,0.000000,0.000000,0.000000,0
analog-value,180,A180,Analog Variable 180,FFF,F,F,0,1,no-units,FF,0.000000,0.000000,0.000000,0.000000,0
analog-value,181,A181,Analog Variable 181,FFF,F,F,0,1,no-units,FF,0.000000,0.000000,0.000000,0.000000,0
analog-value,182,A182,Analog Variable 182,FFF,F,F,0,1,no-units,FF,0.000000,0.000000,0.000000,0.000000,0
analog-value,183,A183,Analog Variable 183,FFF,F,F,0,1,no-units,FF,0.000000,0.000000,0.000000,0.000000,0
analog-value,184,A184,Analog Variable 184,FFF,F,F,0,1,no-units,FF,0.000000,0.000000,0.000000,0.000000,0
analog-value,185,A185,Analog Variable 185,FFF,F,F,0,1,no-units,FF,0.000000,0.000000,0.000000,0.000000,0
analog-value,186,A186,Analog Variable 186,FFF,F,F,0,1,no-units,FF,0.000000,0.000000,0.000000,0.000000,0
analog-value,187,A187,Analog Variable 187,FFF,F,F,0,1,no-units,FF,0.000000,0.000000,0.000000,0.000000,0
analog-value,188,A188,Analog Variable 188,FFF,F,F,0,1,no-units,FF,0.000000,0.000000,0.000000,0.000000,0
analog-value,189,A189,Analog Variable 189,FFF,F,F,0,1,no-units,FF,0.000000,0.000000,0.000000,0.000000,0
analog-value,190,A190,Analog Variable 190,FFF,F,F,0,1,no-units,FF,0.000000,0.000000,0.000000,0.000000,0
analog-value,191,A191,Analog Variable 191,FFF,F,F,0,1,no-units,FF,0.000000,0.000000,0.000000,0.000000,0
analog-value,192,A192,Analog Variable 192,FFF,F,F,0,1,no-units,FF,0.000000,0.000000,0.000000,0.000000,0
analog-value,193,A193,Analog Variable 193,FFF,F,F,0,1,no-units,FF,0.000000,0.000000,0.000000,0.000000,0
analog-value,194,A194,Analog Variable 194,FFF,F,F,0,1,no-units,FF,0.000000,0.000000,0.000000,0.000000,0
analog-value,195,A195,Analog Variable 195,FFF,F,F,0,1,no-units,FF,0.000000,0.000000,0.000000,0.000000,0
analog-value,196,A196,Analog Variable 196,FFF,F,F,0,1,no-units,FF,0.000000,0.000000,0.000000,0.000000,0
analog-value,197,A197,Analog Variable 197,FFF,F,F,0,1,no-units,FF,0.000000,0.000000,0.000000,0.000000,0
analog-value,198,A198,Analog Variable 198,FFF,F,F,0,1,no-units,FF,0.000000,0.000000,0.000000,0.000000,0
analog-value,199,A199,Analog Variable 199,FFF,F,F,0,1,no-units,FF,0.000000,0.000000,0.000000,0.000000,0
analog-value,200,A200,Analog Variable 200,FFF,F,F,0,1,no-units,FF,0.000000,0.000000,0.000000,0.000000,0
analog-value,201,A201,Analog Variable 201,FFF,F,F,0,1,no-units,FF,0.000000,0.000000,0.000000,0.000000,0
analog-value,202,A202,Analog Variable 202,FFF,F,F,0,1,no-units,FF,0.000000,0.000000,0.000000,0.000000,0
analog-value,203,A203,Analog Variable 203,FFF,F,F,0,1,no-units,FF,0.000000,0.000000,0.000000,0.000000,0
analog-value,204,A204,Analog Variable 204,FFF,F,F,0,1,no-units,FF,0.000000,0.000000,0.000000,0.000000,0
analog-value,205,A205,Analog Variable 205,FFF,F,F,0,1,no-units,FF,0.000000,0.000000,0.000000,0.000000,0
analog-value,206,A206,Analog Variable 206,FFF,F,F,0,1,no-units,FF,0.000000,0.000000,0.000000,0.000000,0
analog-value,207,A207,Analog Variable 207,FFF,F,F,0,1,no-units,FF,0.000000,0.000000,0.000000,0.000000,0
Object_Type,Object_Instance,Object_Name,Description,Event_Enable,Issue_Confirmed_Notifications,Ack_Required,Time_Delay,Priority,Units,Limit_Enable,High_Limit,Low_Limit,Deadband,COV_Increment,Notification_Class
analog-value,1001,I001,Compressor 1 hour counter,FFF,F,F,0,1,hours,FF,0.000000,0.000000,0.000000,0.000000,0
analog-value,1002,I002,Compressor 2 hour counter,FFF,F,F,0,1,hours,FF,0.000000,0.000000,0.000000,0.000000,0
analog-value,1003,I003,Circulating Pump 1 hour counter,FFF,F,F,0,1,hours,FF,0.000000,0.000000,0.000000,0.000000,0
analog-value,1004,I004,Compressor 1 Starting counter,FFF,F,F,0,1,no-units,FF,0.000000,0.000000,0.000000,0.000000,0
analog-value,1005,I005,Compressor 1 Starting counter x10.000,FFF,F,F,0,1,no-units,FF,0.000000,0.000000,0.000000,0.000000,0
analog-value,1006,I006,Compressor 2 Starting counter,FFF,F,F,0,1,no-units,FF,0.000000,0.000000,0.000000,0.000000,0
analog-value,1007,I007,Compressor 2 Starting counter x10.000,FFF,F,F,0,1,no-units,FF,0.000000,0.000000,0.000000,0.000000,0
analog-value,1008,I008,Circuit Defrost counter,FFF,F,F,0,1,no-units,FF,0.000000,0.000000,0.000000,0.000000,0
analog-value,1009,I009,Circuit Defrost counter x10.000,FFF,F,F,0,1,no-units,FF,0.000000,0.000000,0.000000,0.000000,0
analog-value,1010,I010,Non Performing Defrost counter,FFF,F,F,0,1,no-units,FF,0.000000,0.000000,0.000000,0.000000,0
analog-value,1011,I011,Non Performing Defrost counter x10.000,FFF,F,F,0,1,no-units,FF,0.000000,0.000000,0.000000,0.000000,0
analog-value,1012,I012,Integer Variable 12,FFF,F,F,0,1,no-units,FF,0.000000,0.000000,0.000000,0.000000,0
analog-value,1013,I013,Integer Variable 13,FFF,F,F,0,1,no-units,FF,0.000000,0.000000,0.000000,0.000000,0
analog-value,1014,I014,Integer Variable 14,FFF,F,F,0,1,no-units,FF,0.000000,0.000000,0.000000,0.000000,0
analog-value,1015,I015,Integer Variable 15,FFF,F,F,0,1,no-units,FF,0.000000,0.000000,0.000000,0.000000,0
analog-value,1016,I016,Integer Variable 16,FFF,F,F,0,1,no-units,FF,0.000000,0.000000,0.000000,0.000000,0
analog-value,1017,I017,Integer Variable 17,FFF,F,F,0,1,no-units,FF,0.000000,0.000000,0.000000,0.000000,0
analog-value,1018,I018,Integer Variable 18,FFF,F,F,0,1,no-units,FF,0.000000,0.000000,0.000000,0.000000,0
analog-value,1019,I019,Integer Variable 19,FFF,F,F,0,1,no-units,FF,0.000000,0.000000,0.000000,0.000000,0
analog-value,1020,I020,Integer Variable 20,FFF,F,F,0,1,no-units,FF,0.000000,0.000000,0.000000,0.000000,0
analog-value,1021,I021,Integer Variable 21,FFF,F,F,0,1,no-units,FF,0.000000,0.000000,0.000000,0.000000,0
analog-value,1022,I022,Integer Variable 22,FFF,F,F,0,1,no-units,FF,0.000000,0.000000,0.000000,0.000000,0
analog-value,1023,I023,Integer Variable 23,FFF,F,F,0,1,no-units,FF,0.000000,0.000000,0.000000,0.000000,0
analog-value,1024,I024,Unit Type,FFF,F,F,0,1,no-units,FF,0.000000,0.000000,0.000000,0.000000,0
analog-value,1025,I025,Position Valve,FFF,F,F,0,1,no-units,FF,0.000000,0.000000,0.000000,0.000000,0
analog-value,1026,I026,Total of units connected in LAN,FFF,F,F,0,1,no-units,FF,0.000000,0.000000,0.000000,0.000000,0
analog-value,1027,I027,Comp.1 Status,FFF,F,F,0,1,no-units,FF,0.000000,0.000000,0.000000,0.000000,0
analog-value,1028,I028,Comp.2 Status,FFF,F,F,0,1,no-units,FF,0.000000,0.000000,0.000000,0.000000,0
analog-value,1029,I029,Pump 1 Status,FFF,F,F,0,1,no-units,FF,0.000000,0.000000,0.000000,0.000000,0
analog-value,1030,I030,Actual set Point mode,FFF,F,F,0,1,no-units,FF,0.000000,0.000000,0.000000,0.000000,0
analog-value,1031,I031,Reserved Variable,FFF,F,F,0,1,no-units,FF,0.000000,0.000000,0.000000,0.000000,0
analog-value,1032,I032,Last Defrost Lenght,FFF,F,F,0,1,no-units,FF,0.000000,0.000000,0.000000,0.000000,0
analog-value,1033,I033,Restart Delay,FFF,F,F,0,1,seconds,FF,0.000000,0.000000,0.000000,0.000000,0
analog-value,1034,I034,Regulation Start Transitory ,FFF,F,F,0,1,seconds,FF,0.000000,0.000000,0.000000,0.000000,0
analog-value,1035,I035,Low Pressure Delay,FFF,F,F,0,1,seconds,FF,0.000000,0.000000,0.000000,0.000000,0
analog-value,1036,I036,Water High/Low Temp. Alarm Delay,FFF,F,F,0,1,minutes,FF,0.000000,0.000000,0.000000,0.000000,0
analog-value,1037,I037,Reserved Variable,FFF,F,F,0,1,no-units,FF,0.000000,0.000000,0.000000,0.000000,0
analog-value,1038,I038,Stand-by Unit Switch-over time,FFF,F,F,0,1,no-units,FF,0.000000,0.000000,0.000000,0.000000,0
analog-value,1039,I039,Setback Mode Cyclical start,FFF,F,F,0,1,no-units,FF,0.000000,0.000000,0.000000,0.000000,0
analog-value,1040,I040,Integer Variable 40,FFF,F,F,0,1,no-units,FF,0.000000,0.000000,0.000000,0.000000,0
analog-value,1041,I041,Integer Variable 41,FFF,F,F,0,1,no-units,FF,0.000000,0.000000,0.000000,0.000000,0
analog-value,1042,I042,Integer Variable 42,FFF,F,F,0,1,no-units,FF,0.000000,0.000000,0.000000,0.000000,0
analog-value,1043,I043,Integer Variable 43,FFF,F,F,0,1,no-units,FF,0.000000,0.000000,0.000000,0.000000,0
analog-value,1044,I044,Integer Variable 44,FFF,F,F,0,1,no-units,FF,0.000000,0.000000,0.000000,0.000000,0
analog-value,1045,I045,Integer Variable 45,FFF,F,F,0,1,no-units,FF,0.000000,0.000000,0.000000,0.000000,0
analog-value,1046,I046,Compr.1 working hours threshold,FFF,F,F,0,1,no-units,FF,0.000000,0.000000,0.000000,0.000000,0
analog-value,1047,I047,Compr.2 working hours threshold,FFF,F,F,0,1,no-units,FF,0.000000,0.000000,0.000000,0.000000,0
analog-value,1048,I048,Pump 1 working hours threshold,FFF,F,F,0,1,no-units,FF,0.000000,0.000000,0.000000,0.000000,0
analog-value,1049,I049,Hour,FFF,F,F,0,1,no-units,FF,0.000000,0.000000,0.000000,0.000000,0
analog-value,1050,I050,Minute,FFF,F,F,0,1,no-units,FF,0.000000,0.000000,0.000000,0.000000,0
analog-value,1051,I051,Day,FFF,F,F,0,1,no-units,FF,0.000000,0.000000,0.000000,0.000000,0
analog-value,1052,I052,Month,FFF,F,F,0,1,no-units,FF,0.000000,0.000000,0.000000,0.000000,0
analog-value,1053,I053,Year,FFF,F,F,0,1,no-units,FF,0.000000,0.000000,0.000000,0.000000,0
analog-value,1054,I054,Integer Variable 54,FFF,F,F,0,1,no-units,FF,0.000000,0.000000,0.000000,0.000000,0
analog-value,1055,I055,Integer Variable 55,FFF,F,F,0,1,no-units,FF,0.000000,0.000000,0.000000,0.000000,0
analog-value,1056,I056,Integer Variable 56,FFF,F,F,0,1,no-units,FF,0.000000,0.000000,0.000000,0.000000,0
analog-value,1057,I057,Integer Variable 57,FFF,F,F,0,1,no-units,FF,0.000000,0.000000,0.000000,0.000000,0
analog-value,1058,I058,Integer Variable 58,FFF,F,F,0,1,no-units,FF,0.000000,0.000000,0.000000,0.000000,0
analog-value,1059,I059,Integer Variable 59,FFF,F,F,0,1,no-units,FF,0.000000,0.000000,0.000000,0.000000,0
analog-value,1060,I060,Integer Variable 60,FFF,F,F,0,1,no-units,FF,0.000000,0.000000,0.000000,0.000000,0
analog-value,1061,I061,Integer Variable 61,FFF,F,F,0,1,no-units,FF,0.000000,0.000000,0.000000,0.000000,0
analog-value,1062,I062,Integer Variable 62,FFF,F,F,0,1,no-units,FF,0.000000,0.000000,0.000000,0.000000,0
analog-value,1063,I063,Integer Variable 63,FFF,F,F,0,1,no-units,FF,0.000000,0.000000,0.000000,0.000000,0
analog-value,1064,I064,Integer Variable 64,FFF,F,F,0,1,no-units,FF,0.000000,0.000000,0.000000,0.000000,0
analog-value,1065,I065,Integer Variable 65,FFF,F,F,0,1,no-units,FF,0.000000,0.000000,0.000000,0.000000,0
analog-value,1066,I066,Integer Variable 66,FFF,F,F,0,1,no-units,FF,0.000000,0.000000,0.000000,0.000000,0
analog-value,1067,I067,Integer Variable 67,FFF,F,F,0,1,no-units,FF,0.000000,0.000000,0.000000,0.000000,0
analog-value,1068,I068,Integer Variable 68,FFF,F,F,0,1,no-units,FF,0.000000,0.000000,0.000000,0.000000,0
analog-value,1069,I069,Integer Variable 69,FFF,F,F,0,1,no-units,FF,0.000000,0.000000,0.000000,0.000000,0
analog-value,1070,I070,Integer Variable 70,FFF,F,F,0,1,no-units,FF,0.000000,0.000000,0.000000,0.000000,0
analog-value,1071,I071,Integer Variable 71,FFF,F,F,0,1,no-units,FF,0.000000,0.000000,0.000000,0.000000,0
analog-value,1072,I072,Integer Variable 72,FFF,F,F,0,1,no-units,FF,0.000000,0.000000,0.000000,0.000000,0
analog-value,1073,I073,Integer Variable 73,FFF,F,F,0,1,no-units,FF,0.000000,0.000000,0.000000,0.000000,0
analog-value,1074,I074,Integer Variable 74,FFF,F,F,0,1,no-units,FF,0.000000,0.000000,0.000000,0.000000,0
analog-value,1075,I075,Integer Variable 75,FFF,F,F,0,1,no-units,FF,0.000000,0.000000,0.000000,0.000000,0
analog-value,1076,I076,Integer Variable 76,FFF,F,F,0,1,no-units,FF,0.000000,0.000000,0.000000,0.000000,0
analog-value,1077,I077,Integer Variable 77,FFF,F,F,0,1,no-units,FF,0.000000,0.000000,0.000000,0.000000,0
analog-value,1078,I078,Integer Variable 78,FFF,F,F,0,1,no-units,FF,0.000000,0.000000,0.000000,0.000000,0
analog-value,1079,I079,Integer Variable 79,FFF,F,F,0,1,no-units,FF,0.000000,0.000000,0.000000,0.000000,0
analog-value,1080,I080,Integer Variable 80,FFF,F,F,0,1,no-units,FF,0.000000,0.000000,0.000000,0.000000,0
analog-value,1081,I081,Integer Variable 81,FFF,F,F,0,1,no-units,FF,0.000000,0.000000,0.000000,0.000000,0
analog-value,1082,I082,Integer Variable 82,FFF,F,F,0,1,no-units,FF,0.000000,0.000000,0.000000,0.000000,0
analog-value,1083,I083,Integer Variable 83,FFF,F,F,0,1,no-units,FF,0.000000,0.000000,0.000000,0.000000,0
analog-value,1084,I084,Integer Variable 84,FFF,F,F,0,1,no-units,FF,0.000000,0.000000,0.000000,0.000000,0
analog-value,1085,I085,Integer Variable 85,FFF,F,F,0,1,no-units,FF,0.000000,0.000000,0.000000,0.000000,0
analog-value,1086,I086,Integer Variable 86,FFF,F,F,0,1,no-units,FF,0.000000,0.000000,0.000000,0.000000,0
analog-value,1087,I087,Integer Variable 87,FFF,F,F,0,1,no-units,FF,0.000000,0.000000,0.000000,0.000000,0
analog-value,1088,I088,Integer Variable 88,FFF,F,F,0,1,no-units,FF,0.000000,0.000000,0.000000,0.000000,0
analog-value,1089,I089,Integer Variable 89,FFF,F,F,0,1,no-units,FF,0.000000,0.000000,0.000000,0.000000,0
analog-value,1090,I090,Integer Variable 90,FFF,F,F,0,1,no-units,FF,0.000000,0.000000,0.000000,0.000000,0
analog-value,1091,I091,Integer Variable 91,FFF,F,F,0,1,no-units,FF,0.000000,0.000000,0.000000,0.000000,0
analog-value,1092,I092,Integer Variable 92,FFF,F,F,0,1,no-units,FF,0.000000,0.000000,0.000000,0.000000,0
analog-value,1093,I093,Integer Variable 93,FFF,F,F,0,1,no-units,FF,0.000000,0.000000,0.000000,0.000000,0
analog-value,1094,I094,Integer Variable 94,FFF,F,F,0,1,no-units,FF,0.000000,0.000000,0.000000,0.000000,0
analog-value,1095,I095,Integer Variable 95,FFF,F,F,0,1,no-units,FF,0.000000,0.000000,0.000000,0.000000,0
analog-value,1096,I096,Integer Variable 96,FFF,F,F,0,1,no-units,FF,0.000000,0.000000,0.000000,0.000000,0
analog-value,1097,I097,Integer Variable 97,FFF,F,F,0,1,no-units,FF,0.000000,0.000000,0.000000,0.000000,0
analog-value,1098,I098,Integer Variable 98,FFF,F,F,0,1,no-units,FF,0.000000,0.000000,0.000000,0.000000,0
analog-value,1099,I099,Integer Variable 99,FFF,F,F,0,1,no-units,FF,0.000000,0.000000,0.000000,0.000000,0
analog-value,1100,I100,Integer Variable 100,FFF,F,F,0,1,no-units,FF,0.000000,0.000000,0.000000,0.000000,0
analog-value,1101,I101,Integer Variable 101,FFF,F,F,0,1,no-units,FF,0.000000,0.000000,0.000000,0.000000,0
analog-value,1102,I102,Integer Variable 102,FFF,F,F,0,1,no-units,FF,0.000000,0.000000,0.000000,0.000000,0
analog-value,1103,I103,Integer Variable 103,FFF,F,F,0,1,no-units,FF,0.000000,0.000000,0.000000,0.000000,0
analog-value,1104,I104,Integer Variable 104,FFF,F,F,0,1,no-units,FF,0.000000,0.000000,0.000000,0.000000,0
analog-value,1105,I105,Integer Variable 105,FFF,F,F,0,1,no-units,FF,0.000000,0.000000,0.000000,0.000000,0
analog-value,1106,I106,Integer Variable 106,FFF,F,F,0,1,no-units,FF,0.000000,0.000000,0.000000,0.000000,0
analog-value,1107,I107,Integer Variable 107,FFF,F,F,0,1,no-units,FF,0.000000,0.000000,0.000000,0.000000,0
analog-value,1108,I108,Integer Variable 108,FFF,F,F,0,1,no-units,FF,0.000000,0.000000,0.000000,0.000000,0
analog-value,1109,I109,Integer Variable 109,FFF,F,F,0,1,no-units,FF,0.000000,0.000000,0.000000,0.000000,0
analog-value,1110,I110,Integer Variable 110,FFF,F,F,0,1,no-units,FF,0.000000,0.000000,0.000000,0.000000,0
analog-value,1111,I111,Integer Variable 111,FFF,F,F,0,1,no-units,FF,0.000000,0.000000,0.000000,0.000000,0
analog-value,1112,I112,Integer Variable 112,FFF,F,F,0,1,no-units,FF,0.000000,0.000000,0.000000,0.000000,0
analog-value,1113,I113,Integer Variable 113,FFF,F,F,0,1,no-units,FF,0.000000,0.000000,0.000000,0.000000,0
analog-value,1114,I114,Integer Variable 114,FFF,F,F,0,1,no-units,FF,0.000000,0.000000,0.000000,0.000000,0
analog-value,1115,I115,Integer Variable 115,FFF,F,F,0,1,no-units,FF,0.000000,0.000000,0.000000,0.000000,0
analog-value,1116,I116,Integer Variable 116,FFF,F,F,0,1,no-units,FF,0.000000,0.000000,0.000000,0.000000,0
analog-value,1117,I117,Integer Variable 117,FFF,F,F,0,1,no-units,FF,0.000000,0.000000,0.000000,0.000000,0
analog-value,1118,I118,Integer Variable 118,FFF,F,F,0,1,no-units,FF,0.000000,0.000000,0.000000,0.000000,0
analog-value,1119,I119,Integer Variable 119,FFF,F,F,0,1,no-units,FF,0.000000,0.000000,0.000000,0.000000,0
analog-value,1120,I120,Integer Variable 120,FFF,F,F,0,1,no-units,FF,0.000000,0.000000,0.000000,0.000000,0
analog-value,1121,I121,Integer Variable 121,FFF,F,F,0,1,no-units,FF,0.000000,0.000000,0.000000,0.000000,0
analog-value,1122,I122,Integer Variable 122,FFF,F,F,0,1,no-units,FF,0.000000,0.000000,0.000000,0.000000,0
analog-value,1123,I123,Integer Variable 123,FFF,F,F,0,1,no-units,FF,0.000000,0.000000,0.000000,0.000000,0
analog-value,1124,I124,Integer Variable 124,FFF,F,F,0,1,no-units,FF,0.000000,0.000000,0.000000,0.000000,0
analog-value,1125,I125,Integer Variable 125,FFF,F,F,0,1,no-units,FF,0.000000,0.000000,0.000000,0.000000,0
analog-value,1126,I126,Integer Variable 126,FFF,F,F,0,1,no-units,FF,0.000000,0.000000,0.000000,0.000000,0
analog-value,1127,I127,Integer Variable 127,FFF,F,F,0,1,no-units,FF,0.000000,0.000000,0.000000,0.000000,0
analog-value,1128,I128,Integer Variable 128,FFF,F,F,0,1,no-units,FF,0.000000,0.000000,0.000000,0.000000,0
analog-value,1129,I129,Integer Variable 129,FFF,F,F,0,1,no-units,FF,0.000000,0.000000,0.000000,0.000000,0
analog-value,1130,I130,Integer Variable 130,FFF,F,F,0,1,no-units,FF,0.000000,0.000000,0.000000,0.000000,0
analog-value,1131,I131,Integer Variable 131,FFF,F,F,0,1,no-units,FF,0.000000,0.000000,0.000000,0.000000,0
analog-value,1132,I132,Integer Variable 132,FFF,F,F,0,1,no-units,FF,0.000000,0.000000,0.000000,0.000000,0
analog-value,1133,I133,Integer Variable 133,FFF,F,F,0,1,no-units,FF,0.000000,0.000000,0.000000,0.000000,0
analog-value,1134,I134,Integer Variable 134,FFF,F,F,0,1,no-units,FF,0.000000,0.000000,0.000000,0.000000,0
analog-value,1135,I135,Integer Variable 135,FFF,F,F,0,1,no-units,FF,0.000000,0.000000,0.000000,0.000000,0
analog-value,1136,I136,Integer Variable 136,FFF,F,F,0,1,no-units,FF,0.000000,0.000000,0.000000,0.000000,0
analog-value,1137,I137,Integer Variable 137,FFF,F,F,0,1,no-units,FF,0.000000,0.000000,0.000000,0.000000,0
analog-value,1138,I138,Integer Variable 138,FFF,F,F,0,1,no-units,FF,0.000000,0.000000,0.000000,0.000000,0
analog-value,1139,I139,Integer Variable 139,FFF,F,F,0,1,no-units,FF,0.000000,0.000000,0.000000,0.000000,0
analog-value,1140,I140,Integer Variable 140,FFF,F,F,0,1,no-units,FF,0.000000,0.000000,0.000000,0.000000,0
analog-value,1141,I141,Integer Variable 141,FFF,F,F,0,1,no-units,FF,0.000000,0.000000,0.000000,0.000000,0
analog-value,1142,I142,Integer Variable 142,FFF,F,F,0,1,no-units,FF,0.000000,0.000000,0.000000,0.000000,0
analog-value,1143,I143,Integer Variable 143,FFF,F,F,0,1,no-units,FF,0.000000,0.000000,0.000000,0.000000,0
analog-value,1144,I144,Integer Variable 144,FFF,F,F,0,1,no-units,FF,0.000000,0.000000,0.000000,0.000000,0
analog-value,1145,I145,Integer Variable 145,FFF,F,F,0,1,no-units,FF,0.000000,0.000000,0.000000,0.000000,0
analog-value,1146,I146,Integer Variable 146,FFF,F,F,0,1,no-units,FF,0.000000,0.000000,0.000000,0.000000,0
analog-value,1147,I147,Integer Variable 147,FFF,F,F,0,1,no-units,FF,0.000000,0.000000,0.000000,0.000000,0
analog-value,1148,I148,Integer Variable 148,FFF,F,F,0,1,no-units,FF,0.000000,0.000000,0.000000,0.000000,0
analog-value,1149,I149,Integer Variable 149,FFF,F,F,0,1,no-units,FF,0.000000,0.000000,0.000000,0.000000,0
analog-value,1150,I150,Integer Variable 150,FFF,F,F,0,1,no-units,FF,0.000000,0.000000,0.000000,0.000000,0
analog-value,1151,I151,Integer Variable 151,FFF,F,F,0,1,no-units,FF,0.000000,0.000000,0.000000,0.000000,0
analog-value,1152,I152,Integer Variable 152,FFF,F,F,0,1,no-units,FF,0.000000,0.000000,0.000000,0.000000,0
analog-value,1153,I153,Integer Variable 153,FFF,F,F,0,1,no-units,FF,0.000000,0.000000,0.000000,0.000000,0
analog-value,1154,I154,Integer Variable 154,FFF,F,F,0,1,no-units,FF,0.000000,0.000000,0.000000,0.000000,0
analog-value,1155,I155,Integer Variable 155,FFF,F,F,0,1,no-units,FF,0.000000,0.000000,0.000000,0.000000,0
analog-value,1156,I156,Integer Variable 156,FFF,F,F,0,1,no-units,FF,0.000000,0.000000,0.000000,0.000000,0
analog-value,1157,I157,Integer Variable 157,FFF,F,F,0,1,no-units,FF,0.000000,0.000000,0.000000,0.000000,0
analog-value,1158,I158,Integer Variable 158,FFF,F,F,0,1,no-units,FF,0.000000,0.000000,0.000000,0.000000,0
analog-value,1159,I159,Integer Variable 159,FFF,F,F,0,1,no-units,FF,0.000000,0.000000,0.000000,0.000000,0
analog-value,1160,I160,Integer Variable 160,FFF,F,F,0,1,no-units,FF,0.000000,0.000000,0.000000,0.000000,0
analog-value,1161,I161,Integer Variable 161,FFF,F,F,0,1,no-units,FF,0.000000,0.000000,0.000000,0.000000,0
analog-value,1162,I162,Integer Variable 162,FFF,F,F,0,1,no-units,FF,0.000000,0.000000,0.000000,0.000000,0
analog-value,1163,I163,Integer Variable 163,FFF,F,F,0,1,no-units,FF,0.000000,0.000000,0.000000,0.000000,0
analog-value,1164,I164,Integer Variable 164,FFF,F,F,0,1,no-units,FF,0.000000,0.000000,0.000000,0.000000,0
analog-value,1165,I165,Integer Variable 165,FFF,F,F,0,1,no-units,FF,0.000000,0.000000,0.000000,0.000000,0
analog-value,1166,I166,Integer Variable 166,FFF,F,F,0,1,no-units,FF,0.000000,0.000000,0.000000,0.000000,0
analog-value,1167,I167,Integer Variable 167,FFF,F,F,0,1,no-units,FF,0.000000,0.000000,0.000000,0.000000,0
analog-value,1168,I168,Integer Variable 168,FFF,F,F,0,1,no-units,FF,0.000000,0.000000,0.000000,0.000000,0
analog-value,1169,I169,Integer Variable 169,FFF,F,F,0,1,no-units,FF,0.000000,0.000000,0.000000,0.000000,0
analog-value,1170,I170,Integer Variable 170,FFF,F,F,0,1,no-units,FF,0.000000,0.000000,0.000000,0.000000,0
analog-value,1171,I171,Integer Variable 171,FFF,F,F,0,1,no-units,FF,0.000000,0.000000,0.000000,0.000000,0
analog-value,1172,I172,Integer Variable 172,FFF,F,F,0,1,no-units,FF,0.000000,0.000000,0.000000,0.000000,0
analog-value,1173,I173,Integer Variable 173,FFF,F,F,0,1,no-units,FF,0.000000,0.000000,0.000000,0.000000,0
analog-value,1174,I174,Integer Variable 174,FFF,F,F,0,1,no-units,FF,0.000000,0.000000,0.000000,0.000000,0
analog-value,1175,I175,Integer Variable 175,FFF,F,F,0,1,no-units,FF,0.000000,0.000000,0.000000,0.000000,0
analog-value,1176,I176,Integer Variable 176,FFF,F,F,0,1,no-units,FF,0.000000,0.000000,0.000000,0.000000,0
analog-value,1177,I177,Integer Variable 177,FFF,F,F,0,1,no-units,FF,0.000000,0.000000,0.000000,0.000000,0
analog-value,1178,I178,Integer Variable 178,FFF,F,F,0,1,no-units,FF,0.000000,0.000000,0.000000,0.000000,0
analog-value,1179,I179,Integer Variable 179,FFF,F,F,0,1,no-units,FF,0.000000,0.000000,0.000000,0.000000,0
analog-value,1180,I180,Integer Variable 180,FFF,F,F,0,1,no-units,FF,0.000000,0.000000,0.000000,0.000000,0
analog-value,1181,I181,Integer Variable 181,FFF,F,F,0,1,no-units,FF,0.000000,0.000000,0.000000,0.000000,0
analog-value,1182,I182,Integer Variable 182,FFF,F,F,0,1,no-units,FF,0.000000,0.000000,0.000000,0.000000,0
analog-value,1183,I183,Integer Variable 183,FFF,F,F,0,1,no-units,FF,0.000000,0.000000,0.000000,0.000000,0
analog-value,1184,I184,Integer Variable 184,FFF,F,F,0,1,no-units,FF,0.000000,0.000000,0.000000,0.000000,0
analog-value,1185,I185,Integer Variable 185,FFF,F,F,0,1,no-units,FF,0.000000,0.000000,0.000000,0.000000,0
analog-value,1186,I186,Integer Variable 186,FFF,F,F,0,1,no-units,FF,0.000000,0.000000,0.000000,0.000000,0
analog-value,1187,I187,Integer Variable 187,FFF,F,F,0,1,no-units,FF,0.000000,0.000000,0.000000,0.000000,0
analog-value,1188,I188,Integer Variable 188,FFF,F,F,0,1,no-units,FF,0.000000,0.000000,0.000000,0.000000,0
analog-value,1189,I189,Integer Variable 189,FFF,F,F,0,1,no-units,FF,0.000000,0.000000,0.000000,0.000000,0
analog-value,1190,I190,Integer Variable 190,FFF,F,F,0,1,no-units,FF,0.000000,0.000000,0.000000,0.000000,0
analog-value,1191,I191,Integer Variable 191,FFF,F,F,0,1,no-units,FF,0.000000,0.000000,0.000000,0.000000,0
analog-value,1192,I192,Integer Variable 192,FFF,F,F,0,1,no-units,FF,0.000000,0.000000,0.000000,0.000000,0
analog-value,1193,I193,Integer Variable 193,FFF,F,F,0,1,no-units,FF,0.000000,0.000000,0.000000,0.000000,0
analog-value,1194,I194,Integer Variable 194,FFF,F,F,0,1,no-units,FF,0.000000,0.000000,0.000000,0.000000,0
analog-value,1195,I195,Integer Variable 195,FFF,F,F,0,1,no-units,FF,0.000000,0.000000,0.000000,0.000000,0
analog-value,1196,I196,Integer Variable 196,FFF,F,F,0,1,no-units,FF,0.000000,0.000000,0.000000,0.000000,0
analog-value,1197,I197,Integer Variable 197,FFF,F,F,0,1,no-units,FF,0.000000,0.000000,0.000000,0.000000,0
analog-value,1198,I198,Integer Variable 198,FFF,F,F,0,1,no-units,FF,0.000000,0.000000,0.000000,0.000000,0
analog-value,1199,I199,Integer Variable 199,FFF,F,F,0,1,no-units,FF,0.000000,0.000000,0.000000,0.000000,0
analog-value,1200,I200,Integer Variable 200,FFF,F,F,0,1,no-units,FF,0.000000,0.000000,0.000000,0.000000,0
analog-value,1201,I201,Integer Variable 201,FFF,F,F,0,1,no-units,FF,0.000000,0.000000,0.000000,0.000000,0
analog-value,1202,I202,Integer Variable 202,FFF,F,F,0,1,no-units,FF,0.000000,0.000000,0.000000,0.000000,0
analog-value,1203,I203,Integer Variable 203,FFF,F,F,0,1,no-units,FF,0.000000,0.000000,0.000000,0.000000,0
analog-value,1204,I204,Integer Variable 204,FFF,F,F,0,1,no-units,FF,0.000000,0.000000,0.000000,0.000000,0
analog-value,1205,I205,Integer Variable 205,FFF,F,F,0,1,no-units,FF,0.000000,0.000000,0.000000,0.000000,0
analog-value,1206,I206,Integer Variable 206,FFF,F,F,0,1,no-units,FF,0.000000,0.000000,0.000000,0.000000,0
analog-value,1207,I207,Integer Variable 207,FFF,F,F,0,1,no-units,FF,0.000000,0.000000,0.000000,0.000000,0
Object_Type,Object_Instance,Object_Name,Description,Event_Enable,Issue_Confirmed_Notifications,Ack_Required,Time_Delay,Priority,Inactive_Text,Active_Text,Alarm_Value,Notification_Class
binary-value,1,D001,System On,FFF,F,F,0,1,1,Off,0,0
binary-value,2,D002,Compressor 1,FFF,F,F,0,1,1,Off,0,0
binary-value,3,D003,Compressor 2,FFF,F,F,0,1,1,Off,0,0
binary-value,4,D004,Condensing Regulation Active,FFF,F,F,0,1,1,Off,0,0
binary-value,5,D005,Reserved Variable,FFF,F,F,0,1,1,Off,0,0
binary-value,6,D006,Reserved Variable,FFF,F,F,0,1,1,Off,0,0
binary-value,7,D007,Antifreeze heaters (option),FFF,F,F,0,1,1,Off,0,0
binary-value,8,D008,Circuit Defrost (Heat pump only),FFF,F,F,0,1,1,Off,0,0
binary-value,9,D009,Reserved Variable,FFF,F,F,0,1,1,Off,0,0
binary-value,10,D010,Winter mode (Heat pump only),FFF,F,F,0,1,1,Off,0,0
binary-value,11,D011,Digital Variable 11,FFF,F,F,0,1,1,Off,0,0
binary-value,12,D012,Digital Variable 12,FFF,F,F,0,1,1,Off,0,0
binary-value,13,D013,Digital Variable 13,FFF,F,F,0,1,1,Off,0,0
binary-value,14,D014,Digital Variable 14,FFF,F,F,0,1,1,Off,0,0
binary-value,15,D015,Digital Variable 15,FFF,F,F,0,1,1,Off,0,0
binary-value,16,D016,Digital Variable 16,FFF,F,F,0,1,1,Off,0,0
binary-value,17,D017,Digital Variable 17,FFF,F,F,0,1,1,Off,0,0
binary-value,18,D018,Digital Variable 18,FFF,F,F,0,1,1,Off,0,0
binary-value,19,D019,Wrong password Alarm,FFF,F,F,0,1,1,Off,0,0
binary-value,20,D020,Water inlet High Temperature Alarm,FFF,F,F,0,1,1,Off,0,0
binary-value,21,D021,Water inlet Low Temperature Alarm,FFF,F,F,0,1,1,Off,0,0
binary-value,22,D022,Loss of water flow Alarm,FFF,F,F,0,1,1,Off,0,0
binary-value,23,D023,Low Pressure PreAlarm (Autom.Reset),FFF,F,F,0,1,1,Off,0,0
binary-value,24,D024,Low Pressure Alarm,FFF,F,F,0,1,1,Off,0,0
binary-value,25,D025,High Pressure Alarm,FFF,F,F,0,1,1,Off,0,0
binary-value,26,D026,Compressor 1 Overload Alarm,FFF,F,F,0,1,1,Off,0,0
binary-value,27,D027,Compressor 2 Overload Alarm,FFF,F,F,0,1,1,Off,0,0
binary-value,28,D028,Circulating Pump Loss flow Alarm,FFF,F,F,0,1,1,Off,0,0
binary-value,29,D029,Circuit Antifreeze Alarm,FFF,F,F,0,1,1,Off,0,0
binary-value,30,D030,Interrupted LAN Alarm,FFF,F,F,0,1,1,Off,0,0
binary-value,31,D031,Water Inlet Temp. Sensor Failure/Disconnected,FFF,F,F,0,1,1,Off,0,0
binary-value,32,D032,Water Outlet Temp. Sensor Failure/Disconnected,FFF,F,F,0,1,1,Off,0,0
binary-value,33,D033,Outdoor air Temp. Sensor Failure/Disconnected,FFF,F,F,0,1,1,Off,0,0
binary-value,34,D034,Condensing Temp. Sensor Failure/Disconnected,FFF,F,F,0,1,1,Off,0,0
binary-value,35,D035,Circulating Pump 1,FFF,F,F,0,1,1,Off,0,0
binary-value,36,D036,Digital Variable 36,FFF,F,F,0,1,1,Off,0,0
binary-value,37,D037,Digital Variable 37,FFF,F,F,0,1,1,Off,0,0
binary-value,38,D038,Digital Variable 38,FFF,F,F,0,1,1,Off,0,0
binary-value,39,D039,Digital Variable 39,FFF,F,F,0,1,1,Off,0,0
binary-value,40,D040,Digital Variable 40,FFF,F,F,0,1,1,Off,0,0
binary-value,41,D041,Digital Variable 41,FFF,F,F,0,1,1,Off,0,0
binary-value,42,D042,Digital Variable 42,FFF,F,F,0,1,1,Off,0,0
binary-value,43,D043,Digital Variable 43,FFF,F,F,0,1,1,Off,0,0
binary-value,44,D044,Digital Variable 44,FFF,F,F,0,1,1,Off,0,0
binary-value,45,D045,Digital Variable 45,FFF,F,F,0,1,1,Off,0,0
binary-value,46,D046,Digital Variable 46,FFF,F,F,0,1,1,Off,0,0
binary-value,47,D047,Digital Variable 47,FFF,F,F,0,1,1,Off,0,0
binary-value,48,D048,Digital Variable 48,FFF,F,F,0,1,1,Off,0,0
binary-value,49,D049,Digital Variable 49,FFF,F,F,0,1,1,Off,0,0
binary-value,50,D050,Digital Variable 50,FFF,F,F,0,1,1,Off,0,0
binary-value,51,D051,Digital Variable 51,FFF,F,F,0,1,1,Off,0,0
binary-value,52,D052,Digital Variable 52,FFF,F,F,0,1,1,Off,0,0
binary-value,53,D053,Compressor 1: hour counter threshold Alarm ,FFF,F,F,0,1,1,Off,0,0
binary-value,54,D054,Compressor 2: hour counter threshold Alarm ,FFF,F,F,0,1,1,Off,0,0
binary-value,55,D055,Circulating Pump: hour counter threshold Alarm,FFF,F,F,0,1,1,Off,0,0
binary-value,56,D056,General Alarm State,FFF,F,F,0,1,1,Off,0,0
binary-value,57,D057,2nd Level Alarm State,FFF,F,F,0,1,1,Off,0,0
binary-value,58,D058,Digital Variable 58,FFF,F,F,0,1,1,Off,0,0
binary-value,59,D059,Summer/Winter mode remote control,FFF,F,F,0,1,1,Off,0,0
binary-value,60,D060,Unit Remote Switch-On/Off Control,FFF,F,F,0,1,1,Off,0,0
binary-value,61,D061,Buzzer and Alarm Remote Reset Control,FFF,F,F,0,1,1,Off,0,0
binary-value,62,D062,Digital Variable 62,FFF,F,F,0,1,1,Off,0,0
binary-value,63,D063,Set Back Mode (Sleep Mode),FFF,F,F,0,1,1,Off,0,0
binary-value,64,D064,Set Back mode: Cyclical Start of Fan,FFF,F,F,0,1,1,Off,0,0
binary-value,65,D065,Usage of Temp. Values: Local (0) / Mean (1),FFF,F,F,0,1,1,Off,0,0
binary-value,66,D066,No. Of Stand-by Units: one (0) / two (1),FFF,F,F,0,1,1,Off,0,0
binary-value,67,D067,Reserved Variable,FFF,F,F,0,1,1,Off,0,0
binary-value,68,D068,Operational Limits Of Evaporation,FFF,F,F,0,1,1,Off,0,0
binary-value,69,D069,Operational Limits Of Condensation,FFF,F,F,0,1,1,Off,0,0
binary-value,70,D070,Circuit Compressor malfunction,FFF,F,F,0,1,1,Off,0,0
binary-value,71,D071,High Condensing Temperature,FFF,F,F,0,1,1,Off,0,0
binary-value,72,D072,Circuit Compressor Operative Limits,FFF,F,F,0,1,1,Off,0,0
binary-value,73,D073,Defrost Limits,FFF,F,F,0,1,1,Off,0,0
binary-value,74,D074,Digital Variable 74,FFF,F,F,0,1,Off,On,0,0
binary-value,75,D075,Digital Variable 75,FFF,F,F,0,1,Off,On,0,0
binary-value,76,D076,Digital Variable 76,FFF,F,F,0,1,Off,On,0,0
binary-value,77,D077,Digital Variable 77,FFF,F,F,0,1,Off,On,0,0
binary-value,78,D078,Digital Variable 78,FFF,F,F,0,1,Off,On,0,0
binary-value,79,D079,Digital Variable 79,FFF,F,F,0,1,Off,On,0,0
binary-value,80,D080,Digital Variable 80,FFF,F,F,0,1,Off,On,0,0
binary-value,81,D081,Digital Variable 81,FFF,F,F,0,1,Off,On,0,0
binary-value,82,D082,Digital Variable 82,FFF,F,F,0,1,Off,On,0,0
binary-value,83,D083,Digital Variable 83,FFF,F,F,0,1,Off,On,0,0
binary-value,84,D084,Digital Variable 84,FFF,F,F,0,1,Off,On,0,0
binary-value,85,D085,Digital Variable 85,FFF,F,F,0,1,Off,On,0,0
binary-value,86,D086,Digital Variable 86,FFF,F,F,0,1,Off,On,0,0
binary-value,87,D087,Digital Variable 87,FFF,F,F,0,1,Off,On,0,0
binary-value,88,D088,Digital Variable 88,FFF,F,F,0,1,Off,On,0,0
binary-value,89,D089,Digital Variable 89,FFF,F,F,0,1,Off,On,0,0
binary-value,90,D090,Digital Variable 90,FFF,F,F,0,1,Off,On,0,0
binary-value,91,D091,Digital Variable 91,FFF,F,F,0,1,Off,On,0,0
binary-value,92,D092,Digital Variable 92,FFF,F,F,0,1,Off,On,0,0
binary-value,93,D093,Digital Variable 93,FFF,F,F,0,1,Off,On,0,0
binary-value,94,D094,Digital Variable 94,FFF,F,F,0,1,Off,On,0,0
binary-value,95,D095,Digital Variable 95,FFF,F,F,0,1,Off,On,0,0
binary-value,96,D096,Digital Variable 96,FFF,F,F,0,1,Off,On,0,0
binary-value,97,D097,Digital Variable 97,FFF,F,F,0,1,Off,On,0,0
binary-value,98,D098,Digital Variable 98,FFF,F,F,0,1,Off,On,0,0
binary-value,99,D099,Digital Variable 99,FFF,F,F,0,1,Off,On,0,0
binary-value,100,D100,Digital Variable 100,FFF,F,F,0,1,Off,On,0,0
binary-value,101,D101,Digital Variable 101,FFF,F,F,0,1,Off,On,0,0
binary-value,102,D102,Digital Variable 102,FFF,F,F,0,1,Off,On,0,0
binary-value,103,D103,Digital Variable 103,FFF,F,F,0,1,Off,On,0,0
binary-value,104,D104,Digital Variable 104,FFF,F,F,0,1,Off,On,0,0
binary-value,105,D105,Digital Variable 105,FFF,F,F,0,1,Off,On,0,0
binary-value,106,D106,Digital Variable 106,FFF,F,F,0,1,Off,On,0,0
binary-value,107,D107,Digital Variable 107,FFF,F,F,0,1,Off,On,0,0
binary-value,108,D108,Digital Variable 108,FFF,F,F,0,1,Off,On,0,0
binary-value,109,D109,Digital Variable 109,FFF,F,F,0,1,Off,On,0,0
binary-value,110,D110,Digital Variable 110,FFF,F,F,0,1,Off,On,0,0
binary-value,111,D111,Digital Variable 111,FFF,F,F,0,1,Off,On,0,0
binary-value,112,D112,Digital Variable 112,FFF,F,F,0,1,Off,On,0,0
binary-value,113,D113,Digital Variable 113,FFF,F,F,0,1,Off,On,0,0
binary-value,114,D114,Digital Variable 114,FFF,F,F,0,1,Off,On,0,0
binary-value,115,D115,Digital Variable 115,FFF,F,F,0,1,Off,On,0,0
binary-value,116,D116,Digital Variable 116,FFF,F,F,0,1,Off,On,0,0
binary-value,117,D117,Digital Variable 117,FFF,F,F,0,1,Off,On,0,0
binary-value,118,D118,Digital Variable 118,FFF,F,F,0,1,Off,On,0,0
binary-value,119,D119,Digital Variable 119,FFF,F,F,0,1,Off,On,0,0
binary-value,120,D120,Digital Variable 120,FFF,F,F,0,1,Off,On,0,0
binary-value,121,D121,Digital Variable 121,FFF,F,F,0,1,Off,On,0,0
binary-value,122,D122,Digital Variable 122,FFF,F,F,0,1,Off,On,0,0
binary-value,123,D123,Digital Variable 123,FFF,F,F,0,1,Off,On,0,0
binary-value,124,D124,Digital Variable 124,FFF,F,F,0,1,Off,On,0,0
binary-value,125,D125,Digital Variable 125,FFF,F,F,0,1,Off,On,0,0
binary-value,126,D126,Digital Variable 126,FFF,F,F,0,1,Off,On,0,0
binary-value,127,D127,Digital Variable 127,FFF,F,F,0,1,Off,On,0,0
binary-value,128,D128,Digital Variable 128,FFF,F,F,0,1,Off,On,0,0
binary-value,129,D129,Digital Variable 129,FFF,F,F,0,1,Off,On,0,0
binary-value,130,D130,Digital Variable 130,FFF,F,F,0,1,Off,On,0,0
binary-value,131,D131,Digital Variable 131,FFF,F,F,0,1,Off,On,0,0
binary-value,132,D132,Digital Variable 132,FFF,F,F,0,1,Off,On,0,0
binary-value,133,D133,Digital Variable 133,FFF,F,F,0,1,Off,On,0,0
binary-value,134,D134,Digital Variable 134,FFF,F,F,0,1,Off,On,0,0
binary-value,135,D135,Digital Variable 135,FFF,F,F,0,1,Off,On,0,0
binary-value,136,D136,Digital Variable 136,FFF,F,F,0,1,Off,On,0,0
binary-value,137,D137,Digital Variable 137,FFF,F,F,0,1,Off,On,0,0
binary-value,138,D138,Digital Variable 138,FFF,F,F,0,1,Off,On,0,0
binary-value,139,D139,Digital Variable 139,FFF,F,F,0,1,Off,On,0,0
binary-value,140,D140,Digital Variable 140,FFF,F,F,0,1,Off,On,0,0
binary-value,141,D141,Digital Variable 141,FFF,F,F,0,1,Off,On,0,0
binary-value,142,D142,Digital Variable 142,FFF,F,F,0,1,Off,On,0,0
binary-value,143,D143,Digital Variable 143,FFF,F,F,0,1,Off,On,0,0
binary-value,144,D144,Digital Variable 144,FFF,F,F,0,1,Off,On,0,0
binary-value,145,D145,Digital Variable 145,FFF,F,F,0,1,Off,On,0,0
binary-value,146,D146,Digital Variable 146,FFF,F,F,0,1,Off,On,0,0
binary-value,147,D147,Digital Variable 147,FFF,F,F,0,1,Off,On,0,0
binary-value,148,D148,Digital Variable 148,FFF,F,F,0,1,Off,On,0,0
binary-value,149,D149,Digital Variable 149,FFF,F,F,0,1,Off,On,0,0
binary-value,150,D150,Digital Variable 150,FFF,F,F,0,1,Off,On,0,0
binary-value,151,D151,Digital Variable 151,FFF,F,F,0,1,Off,On,0,0
binary-value,152,D152,Digital Variable 152,FFF,F,F,0,1,Off,On,0,0
binary-value,153,D153,Digital Variable 153,FFF,F,F,0,1,Off,On,0,0
binary-value,154,D154,Digital Variable 154,FFF,F,F,0,1,Off,On,0,0
binary-value,155,D155,Digital Variable 155,FFF,F,F,0,1,Off,On,0,0
binary-value,156,D156,Digital Variable 156,FFF,F,F,0,1,Off,On,0,0
binary-value,157,D157,Digital Variable 157,FFF,F,F,0,1,Off,On,0,0
binary-value,158,D158,Digital Variable 158,FFF,F,F,0,1,Off,On,0,0
binary-value,159,D159,Digital Variable 159,FFF,F,F,0,1,Off,On,0,0
binary-value,160,D160,Digital Variable 160,FFF,F,F,0,1,Off,On,0,0
binary-value,161,D161,Digital Variable 161,FFF,F,F,0,1,Off,On,0,0
binary-value,162,D162,Digital Variable 162,FFF,F,F,0,1,Off,On,0,0
binary-value,163,D163,Digital Variable 163,FFF,F,F,0,1,Off,On,0,0
binary-value,164,D164,Digital Variable 164,FFF,F,F,0,1,Off,On,0,0
binary-value,165,D165,Digital Variable 165,FFF,F,F,0,1,Off,On,0,0
binary-value,166,D166,Digital Variable 166,FFF,F,F,0,1,Off,On,0,0
binary-value,167,D167,Digital Variable 167,FFF,F,F,0,1,Off,On,0,0
binary-value,168,D168,Digital Variable 168,FFF,F,F,0,1,Off,On,0,0
binary-value,169,D169,Digital Variable 169,FFF,F,F,0,1,Off,On,0,0
binary-value,170,D170,Digital Variable 170,FFF,F,F,0,1,Off,On,0,0
binary-value,171,D171,Digital Variable 171,FFF,F,F,0,1,Off,On,0,0
binary-value,172,D172,Digital Variable 172,FFF,F,F,0,1,Off,On,0,0
binary-value,173,D173,Digital Variable 173,FFF,F,F,0,1,Off,On,0,0
binary-value,174,D174,Digital Variable 174,FFF,F,F,0,1,Off,On,0,0
binary-value,175,D175,Digital Variable 175,FFF,F,F,0,1,Off,On,0,0
binary-value,176,D176,Digital Variable 176,FFF,F,F,0,1,Off,On,0,0
binary-value,177,D177,Digital Variable 177,FFF,F,F,0,1,Off,On,0,0
binary-value,178,D178,Digital Variable 178,FFF,F,F,0,1,Off,On,0,0
binary-value,179,D179,Digital Variable 179,FFF,F,F,0,1,Off,On,0,0
binary-value,180,D180,Digital Variable 180,FFF,F,F,0,1,Off,On,0,0
binary-value,181,D181,Digital Variable 181,FFF,F,F,0,1,Off,On,0,0
binary-value,182,D182,Digital Variable 182,FFF,F,F,0,1,Off,On,0,0
binary-value,183,D183,Digital Variable 183,FFF,F,F,0,1,Off,On,0,0
binary-value,184,D184,Digital Variable 184,FFF,F,F,0,1,Off,On,0,0
binary-value,185,D185,Digital Variable 185,FFF,F,F,0,1,Off,On,0,0
binary-value,186,D186,Digital Variable 186,FFF,F,F,0,1,Off,On,0,0
binary-value,187,D187,Digital Variable 187,FFF,F,F,0,1,Off,On,0,0
binary-value,188,D188,Digital Variable 188,FFF,F,F,0,1,Off,On,0,0
binary-value,189,D189,Digital Variable 189,FFF,F,F,0,1,Off,On,0,0
binary-value,190,D190,Digital Variable 190,FFF,F,F,0,1,Off,On,0,0
binary-value,191,D191,Digital Variable 191,FFF,F,F,0,1,Off,On,0,0
binary-value,192,D192,Digital Variable 192,FFF,F,F,0,1,Off,On,0,0
binary-value,193,D193,Digital Variable 193,FFF,F,F,0,1,Off,On,0,0
binary-value,194,D194,Digital Variable 194,FFF,F,F,0,1,Off,On,0,0
binary-value,195,D195,Digital Variable 195,FFF,F,F,0,1,Off,On,0,0
binary-value,196,D196,Digital Variable 196,FFF,F,F,0,1,Off,On,0,0
binary-value,197,D197,Digital Variable 197,FFF,F,F,0,1,Off,On,0,0
binary-value,198,D198,Digital Variable 198,FFF,F,F,0,1,Off,On,0,0
binary-value,199,D199,Digital Variable 199,FFF,F,F,0,1,Off,On,0,0
binary-value,200,D200,Digital Variable 200,FFF,F,F,0,1,Off,On,0,0
binary-value,201,D201,Digital Variable 201,FFF,F,F,0,1,Off,On,0,0
binary-value,202,D202,Digital Variable 202,FFF,F,F,0,1,Off,On,0,0
binary-value,203,D203,Digital Variable 203,FFF,F,F,0,1,Off,On,0,0
binary-value,204,D204,Digital Variable 204,FFF,F,F,0,1,Off,On,0,0
binary-value,205,D205,Digital Variable 205,FFF,F,F,0,1,Off,On,0,0
binary-value,206,D206,Digital Variable 206,FFF,F,F,0,1,Off,On,0,0
binary-value,207,D207,Digital Variable 207,FFF,F,F,0,1,Off,On,0,0
