; Device 77000
Object_Type,Object_Instance,Object_Name,Description,Event_Enable,Issue_Confirmed_Notifications,Ack_Required,Time_Delay,Priority,Units,Limit_Enable,High_Limit,Low_Limit,Deadband,COV_Increment,Notification_Class
analog-value,1,A01,Temperature 1 ActiveFloor Module 1,FFF,F,F,0,1,degrees-celsius,FF,0.000000,0.000000,0.000000,0.000000,0
analog-value,2,A02,Temperature 1 ActiveFloor Module 2,FFF,F,F,0,1,degrees-celsius,FF,0.000000,0.000000,0.000000,0.000000,0
analog-value,3,A03,Temperature 1 ActiveFloor Module 3,FFF,F,F,0,1,degrees-celsius,FF,0.000000,0.000000,0.000000,0.000000,0
analog-value,4,A04,Temperature 1 ActiveFloor Module 4,FFF,F,F,0,1,degrees-celsius,FF,0.000000,0.000000,0.000000,0.000000,0
analog-value,5,A05,Temperature 1 ActiveFloor Module 5,FFF,F,F,0,1,degrees-celsius,FF,0.000000,0.000000,0.000000,0.000000,0
analog-value,6,A06,Temperature 1 ActiveFloor Module 6,FFF,F,F,0,1,degrees-celsius,FF,0.000000,0.000000,0.000000,0.000000,0
analog-value,7,A07,Temperature 1 ActiveFloor Module 7,FFF,F,F,0,1,degrees-celsius,FF,0.000000,0.000000,0.000000,0.000000,0
analog-value,8,A08,Temperature 1 ActiveFloor Module 8,FFF,F,F,0,1,degrees-celsius,FF,0.000000,0.000000,0.000000,0.000000,0
analog-value,9,A09,Temperature 1 ActiveFloor Module 9,FFF,F,F,0,1,degrees-celsius,FF,0.000000,0.000000,0.000000,0.000000,0
analog-value,10,A010,Temperature 1 ActiveFloor Module 10,FFF,F,F,0,1,degrees-celsius,FF,0.000000,0.000000,0.000000,0.000000,0
analog-value,11,A011,Temperature 1 ActiveFloor Module 11,FFF,F,F,0,1,degrees-celsius,FF,0.000000,0.000000,0.000000,0.000000,0
analog-value,12,A012,Temperature 1 ActiveFloor Module 12,FFF,F,F,0,1,degrees-celsius,FF,0.000000,0.000000,0.000000,0.000000,0
analog-value,13,A013,Temperature 1 ActiveFloor Module 13,FFF,F,F,0,1,degrees-celsius,FF,0.000000,0.000000,0.000000,0.000000,0
analog-value,14,A014,Temperature 1 ActiveFloor Module 14,FFF,F,F,0,1,degrees-celsius,FF,0.000000,0.000000,0.000000,0.000000,0
analog-value,15,A015,Temperature 1 ActiveFloor Module 15,FFF,F,F,0,1,degrees-celsius,FF,0.000000,0.000000,0.000000,0.000000,0
analog-value,16,A016,Temperature 1 ActiveFloor Module 16,FFF,F,F,0,1,degrees-celsius,FF,0.000000,0.000000,0.000000,0.000000,0
analog-value,17,A017,Temperature 1 ActiveFloor Module 17,FFF,F,F,0,1,degrees-celsius,FF,0.000000,0.000000,0.000000,0.000000,0
analog-value,18,A018,Temperature 1 ActiveFloor Module 18,FFF,F,F,0,1,degrees-celsius,FF,0.000000,0.000000,0.000000,0.000000,0
analog-value,19,A019,Temperature 1 ActiveFloor Module 19,FFF,F,F,0,1,degrees-celsius,FF,0.000000,0.000000,0.000000,0.000000,0
analog-value,20,A020,Temperature 1 ActiveFloor Module 20,FFF,F,F,0,1,degrees-celsius,FF,0.000000,0.000000,0.000000,0.000000,0
analog-value,21,A021,Temperature 1 ActiveFloor Module 21,FFF,F,F,0,1,degrees-celsius,FF,0.000000,0.000000,0.000000,0.000000,0
analog-value,22,A022,Temperature 1 ActiveFloor Module 22,FFF,F,F,0,1,degrees-celsius,FF,0.000000,0.000000,0.000000,0.000000,0
analog-value,23,A023,Temperature 1 ActiveFloor Module 23,FFF,F,F,0,1,degrees-celsius,FF,0.000000,0.000000,0.000000,0.000000,0
analog-value,24,A024,Temperature 1 ActiveFloor Module 24,FFF,F,F,0,1,degrees-celsius,FF,0.000000,0.000000,0.000000,0.000000,0
analog-value,25,A025,Temperature 1 ActiveFloor Module 25,FFF,F,F,0,1,degrees-celsius,FF,0.000000,0.000000,0.000000,0.000000,0
analog-value,26,A026,Temperature 1 ActiveFloor Module 26,FFF,F,F,0,1,degrees-celsius,FF,0.000000,0.000000,0.000000,0.000000,0
analog-value,27,A027,Temperature 1 ActiveFloor Module 27,FFF,F,F,0,1,degrees-celsius,FF,0.000000,0.000000,0.000000,0.000000,0
analog-value,28,A028,Temperature 1 ActiveFloor Module 28,FFF,F,F,0,1,degrees-celsius,FF,0.000000,0.000000,0.000000,0.000000,0
analog-value,29,A029,Temperature 1 ActiveFloor Module 29,FFF,F,F,0,1,degrees-celsius,FF,0.000000,0.000000,0.000000,0.000000,0
analog-value,30,A030,Temperature 1 ActiveFloor Module 30,FFF,F,F,0,1,degrees-celsius,FF,0.000000,0.000000,0.000000,0.000000,0
analog-value,31,A031,Temperature 2 ActiveFloor Module 1,FFF,F,F,0,1,degrees-celsius,FF,0.000000,0.000000,0.000000,0.000000,0
analog-value,32,A032,Temperature 2 ActiveFloor Module 2,FFF,F,F,0,1,degrees-celsius,FF,0.000000,0.000000,0.000000,0.000000,0
analog-value,33,A033,Temperature 2 ActiveFloor Module 3,FFF,F,F,0,1,degrees-celsius,FF,0.000000,0.000000,0.000000,0.000000,0
analog-value,34,A034,Temperature 2 ActiveFloor Module 4,FFF,F,F,0,1,degrees-celsius,FF,0.000000,0.000000,0.000000,0.000000,0
analog-value,35,A035,Temperature 2 ActiveFloor Module 5,FFF,F,F,0,1,degrees-celsius,FF,0.000000,0.000000,0.000000,0.000000,0
analog-value,36,A036,Temperature 2 ActiveFloor Module 6,FFF,F,F,0,1,degrees-celsius,FF,0.000000,0.000000,0.000000,0.000000,0
analog-value,37,A037,Temperature 2 ActiveFloor Module 7,FFF,F,F,0,1,degrees-celsius,FF,0.000000,0.000000,0.000000,0.000000,0
analog-value,38,A001,Temperature 2 ActiveFloor Module 8,FFF,F,F,0,1,degrees-celsius,FF,0.000000,0.000000,0.000000,0.000000,0
analog-value,39,A039,Temperature 2 ActiveFloor Module 9,FFF,F,F,0,1,degrees-celsius,FF,0.000000,0.000000,0.000000,0.000000,0
analog-value,40,A040,Temperature 2 ActiveFloor Module 10,FFF,F,F,0,1,degrees-celsius,FF,0.000000,0.000000,0.000000,0.000000,0
analog-value,41,A041,Temperature 2 ActiveFloor Module 11,FFF,F,F,0,1,degrees-celsius,FF,0.000000,0.000000,0.000000,0.000000,0
analog-value,42,A042,Temperature 2 ActiveFloor Module 12,FFF,F,F,0,1,degrees-celsius,FF,0.000000,0.000000,0.000000,0.000000,0
analog-value,43,A043,Temperature 2 ActiveFloor Module 13,FFF,F,F,0,1,degrees-celsius,FF,0.000000,0.000000,0.000000,0.000000,0
analog-value,44,A044,Temperature 2 ActiveFloor Module 14,FFF,F,F,0,1,degrees-celsius,FF,0.000000,0.000000,0.000000,0.000000,0
analog-value,45,A045,Temperature 2 ActiveFloor Module 15,FFF,F,F,0,1,degrees-celsius,FF,0.000000,0.000000,0.000000,0.000000,0
analog-value,46,A046,Temperature 2 ActiveFloor Module 16,FFF,F,F,0,1,degrees-celsius,FF,0.000000,0.000000,0.000000,0.000000,0
analog-value,47,A047,Temperature 2 ActiveFloor Module 17,FFF,F,F,0,1,degrees-celsius,FF,0.000000,0.000000,0.000000,0.000000,0
analog-value,48,A048,Temperature 2 ActiveFloor Module 18,FFF,F,F,0,1,degrees-celsius,FF,0.000000,0.000000,0.000000,0.000000,0
analog-value,49,A049,Temperature 2 ActiveFloor Module 19,FFF,F,F,0,1,degrees-celsius,FF,0.000000,0.000000,0.000000,0.000000,0
analog-value,50,A050,Temperature 2 ActiveFloor Module 20,FFF,F,F,0,1,degrees-celsius,FF,0.000000,0.000000,0.000000,0.000000,0
analog-value,51,A051,Temperature 2 ActiveFloor Module 21,FFF,F,F,0,1,degrees-celsius,FF,0.000000,0.000000,0.000000,0.000000,0
analog-value,52,A052,Temperature 2 ActiveFloor Module 22,FFF,F,F,0,1,degrees-celsius,FF,0.000000,0.000000,0.000000,0.000000,0
analog-value,53,A053,Temperature 2 ActiveFloor Module 23,FFF,F,F,0,1,degrees-celsius,FF,0.000000,0.000000,0.000000,0.000000,0
analog-value,54,A054,Temperature 2 ActiveFloor Module 24,FFF,F,F,0,1,degrees-celsius,FF,0.000000,0.000000,0.000000,0.000000,0
analog-value,55,A055,Temperature 2 ActiveFloor Module 25,FFF,F,F,0,1,degrees-celsius,FF,0.000000,0.000000,0.000000,0.000000,0
analog-value,56,A056,Temperature 2 ActiveFloor Module 26,FFF,F,F,0,1,degrees-celsius,FF,0.000000,0.000000,0.000000,0.000000,0
analog-value,57,A057,Temperature 2 ActiveFloor Module 27,FFF,F,F,0,1,degrees-celsius,FF,0.000000,0.000000,0.000000,0.000000,0
analog-value,58,A058,Temperature 2 ActiveFloor Module 28,FFF,F,F,0,1,degrees-celsius,FF,0.000000,0.000000,0.000000,0.000000,0
analog-value,59,A059,Temperature 2 ActiveFloor Module 29,FFF,F,F,0,1,degrees-celsius,FF,0.000000,0.000000,0.000000,0.000000,0
analog-value,60,A060,Temperature 2 ActiveFloor Module 30,FFF,F,F,0,1,degrees-celsius,FF,0.000000,0.000000,0.000000,0.000000,0
analog-value,61,A061,Setpoint ActiveFloor Module 1,FFF,F,F,0,1,degrees-celsius,FF,0.000000,0.000000,0.000000,0.000000,0
analog-value,62,A062,Setpoint ActiveFloor Module 2,FFF,F,F,0,1,degrees-celsius,FF,0.000000,0.000000,0.000000,0.000000,0
analog-value,63,A063,Setpoint ActiveFloor Module 3,FFF,F,F,0,1,degrees-celsius,FF,0.000000,0.000000,0.000000,0.000000,0
analog-value,64,A064,Setpoint ActiveFloor Module 4,FFF,F,F,0,1,degrees-celsius,FF,0.000000,0.000000,0.000000,0.000000,0
analog-value,65,A065,Setpoint ActiveFloor Module 5,FFF,F,F,0,1,degrees-celsius,FF,0.000000,0.000000,0.000000,0.000000,0
analog-value,66,A066,Setpoint ActiveFloor Module 6,FFF,F,F,0,1,degrees-celsius,FF,0.000000,0.000000,0.000000,0.000000,0
analog-value,67,A067,Setpoint ActiveFloor Module 7,FFF,F,F,0,1,degrees-celsius,FF,0.000000,0.000000,0.000000,0.000000,0
analog-value,68,A068,Setpoint ActiveFloor Module 8,FFF,F,F,0,1,degrees-celsius,FF,0.000000,0.000000,0.000000,0.000000,0
analog-value,69,A069,Setpoint ActiveFloor Module 9,FFF,F,F,0,1,degrees-celsius,FF,0.000000,0.000000,0.000000,0.000000,0
analog-value,70,A070,Setpoint ActiveFloor Module 10,FFF,F,F,0,1,degrees-celsius,FF,0.000000,0.000000,0.000000,0.000000,0
analog-value,71,A071,Setpoint ActiveFloor Module 11,FFF,F,F,0,1,degrees-celsius,FF,0.000000,0.000000,0.000000,0.000000,0
analog-value,72,A072,Setpoint ActiveFloor Module 12,FFF,F,F,0,1,degrees-celsius,FF,0.000000,0.000000,0.000000,0.000000,0
analog-value,73,A073,Setpoint ActiveFloor Module 13,FFF,F,F,0,1,degrees-celsius,FF,0.000000,0.000000,0.000000,0.000000,0
analog-value,74,A074,Setpoint ActiveFloor Module 14,FFF,F,F,0,1,degrees-celsius,FF,0.000000,0.000000,0.000000,0.000000,0
analog-value,75,A075,Setpoint ActiveFloor Module 15,FFF,F,F,0,1,degrees-celsius,FF,0.000000,0.000000,0.000000,0.000000,0
analog-value,76,A076,Setpoint ActiveFloor Module 16,FFF,F,F,0,1,degrees-celsius,FF,0.000000,0.000000,0.000000,0.000000,0
analog-value,77,A077,Setpoint ActiveFloor Module 17,FFF,F,F,0,1,degrees-celsius,FF,0.000000,0.000000,0.000000,0.000000,0
analog-value,78,A078,Setpoint ActiveFloor Module 18,FFF,F,F,0,1,degrees-celsius,FF,0.000000,0.000000,0.000000,0.000000,0
analog-value,79,A079,Setpoint ActiveFloor Module 19,FFF,F,F,0,1,degrees-celsius,FF,0.000000,0.000000,0.000000,0.000000,0
analog-value,80,A080,Setpoint ActiveFloor Module 20,FFF,F,F,0,1,degrees-celsius,FF,0.000000,0.000000,0.000000,0.000000,0
analog-value,81,A081,Setpoint ActiveFloor Module 21,FFF,F,F,0,1,degrees-celsius,FF,0.000000,0.000000,0.000000,0.000000,0
analog-value,82,A082,Setpoint ActiveFloor Module 22,FFF,F,F,0,1,degrees-celsius,FF,0.000000,0.000000,0.000000,0.000000,0
analog-value,83,A083,Setpoint ActiveFloor Module 23,FFF,F,F,0,1,degrees-celsius,FF,0.000000,0.000000,0.000000,0.000000,0
analog-value,84,A084,Setpoint ActiveFloor Module 24,FFF,F,F,0,1,degrees-celsius,FF,0.000000,0.000000,0.000000,0.000000,0
analog-value,85,A085,Setpoint ActiveFloor Module 25,FFF,F,F,0,1,degrees-celsius,FF,0.000000,0.000000,0.000000,0.000000,0
analog-value,86,A086,Setpoint ActiveFloor Module 26,FFF,F,F,0,1,degrees-celsius,FF,0.000000,0.000000,0.000000,0.000000,0
analog-value,87,A087,Setpoint ActiveFloor Module 27,FFF,F,F,0,1,degrees-celsius,FF,0.000000,0.000000,0.000000,0.000000,0
analog-value,88,A088,Setpoint ActiveFloor Module 28,FFF,F,F,0,1,degrees-celsius,FF,0.000000,0.000000,0.000000,0.000000,0
analog-value,89,A089,Setpoint ActiveFloor Module 29,FFF,F,F,0,1,degrees-celsius,FF,0.000000,0.000000,0.000000,0.000000,0
analog-value,90,A090,Setpoint ActiveFloor Module 30,FFF,F,F,0,1,degrees-celsius,FF,0.000000,0.000000,0.000000,0.000000,0
analog-value,91,A091,Differential ActiveFloor Module 1,FFF,F,F,0,1,degrees-celsius,FF,0.000000,0.000000,0.000000,0.000000,0
analog-value,92,A092,Differential ActiveFloor Module 2,FFF,F,F,0,1,degrees-celsius,FF,0.000000,0.000000,0.000000,0.000000,0
analog-value,93,A093,Differential ActiveFloor Module 3,FFF,F,F,0,1,degrees-celsius,FF,0.000000,0.000000,0.000000,0.000000,0
analog-value,94,A094,Differential ActiveFloor Module 4,FFF,F,F,0,1,degrees-celsius,FF,0.000000,0.000000,0.000000,0.000000,0
analog-value,95,A095,Differential ActiveFloor Module 5,FFF,F,F,0,1,degrees-celsius,FF,0.000000,0.000000,0.000000,0.000000,0
analog-value,96,A096,Differential ActiveFloor Module 6,FFF,F,F,0,1,degrees-celsius,FF,0.000000,0.000000,0.000000,0.000000,0
analog-value,97,A097,Differential ActiveFloor Module 7,FFF,F,F,0,1,degrees-celsius,FF,0.000000,0.000000,0.000000,0.000000,0
analog-value,98,A098,Differential ActiveFloor Module 8,FFF,F,F,0,1,degrees-celsius,FF,0.000000,0.000000,0.000000,0.000000,0
analog-value,99,A099,Differential ActiveFloor Module 9,FFF,F,F,0,1,degrees-celsius,FF,0.000000,0.000000,0.000000,0.000000,0
analog-value,100,A0100,Differential ActiveFloor Module 10,FFF,F,F,0,1,degrees-celsius,FF,0.000000,0.000000,0.000000,0.000000,0
analog-value,101,A0101,Differential ActiveFloor Module 11,FFF,F,F,0,1,degrees-celsius,FF,0.000000,0.000000,0.000000,0.000000,0
analog-value,102,A0102,Differential ActiveFloor Module 12,FFF,F,F,0,1,degrees-celsius,FF,0.000000,0.000000,0.000000,0.000000,0
analog-value,103,A0103,Differential ActiveFloor Module 13,FFF,F,F,0,1,degrees-celsius,FF,0.000000,0.000000,0.000000,0.000000,0
analog-value,104,A0104,Differential ActiveFloor Module 14,FFF,F,F,0,1,degrees-celsius,FF,0.000000,0.000000,0.000000,0.000000,0
analog-value,105,A0105,Differential ActiveFloor Module 15,FFF,F,F,0,1,degrees-celsius,FF,0.000000,0.000000,0.000000,0.000000,0
analog-value,106,A0106,Differential ActiveFloor Module 16,FFF,F,F,0,1,degrees-celsius,FF,0.000000,0.000000,0.000000,0.000000,0
analog-value,107,A0107,Differential ActiveFloor Module 17,FFF,F,F,0,1,degrees-celsius,FF,0.000000,0.000000,0.000000,0.000000,0
analog-value,108,A0108,Differential ActiveFloor Module 18,FFF,F,F,0,1,degrees-celsius,FF,0.000000,0.000000,0.000000,0.000000,0
analog-value,109,A0109,Differential ActiveFloor Module 19,FFF,F,F,0,1,degrees-celsius,FF,0.000000,0.000000,0.000000,0.000000,0
analog-value,110,A0110,Differential ActiveFloor Module 20,FFF,F,F,0,1,degrees-celsius,FF,0.000000,0.000000,0.000000,0.000000,0
analog-value,111,A0111,Differential ActiveFloor Module 21,FFF,F,F,0,1,degrees-celsius,FF,0.000000,0.000000,0.000000,0.000000,0
analog-value,112,A0112,Differential ActiveFloor Module 22,FFF,F,F,0,1,degrees-celsius,FF,0.000000,0.000000,0.000000,0.000000,0
analog-value,113,A0113,Differential ActiveFloor Module 23,FFF,F,F,0,1,degrees-celsius,FF,0.000000,0.000000,0.000000,0.000000,0
analog-value,114,A0114,Differential ActiveFloor Module 24,FFF,F,F,0,1,degrees-celsius,FF,0.000000,0.000000,0.000000,0.000000,0
analog-value,115,A0115,Differential ActiveFloor Module 25,FFF,F,F,0,1,degrees-celsius,FF,0.000000,0.000000,0.000000,0.000000,0
analog-value,116,A0116,Differential ActiveFloor Module 26,FFF,F,F,0,1,degrees-celsius,FF,0.000000,0.000000,0.000000,0.000000,0
analog-value,117,A0117,Differential ActiveFloor Module 27,FFF,F,F,0,1,degrees-celsius,FF,0.000000,0.000000,0.000000,0.000000,0
analog-value,118,A0118,Differential ActiveFloor Module 28,FFF,F,F,0,1,degrees-celsius,FF,0.000000,0.000000,0.000000,0.000000,0
analog-value,119,A0119,Differential ActiveFloor Module 29,FFF,F,F,0,1,degrees-celsius,FF,0.000000,0.000000,0.000000,0.000000,0
analog-value,120,A0120,Differential ActiveFloor Module 30,FFF,F,F,0,1,degrees-celsius,FF,0.000000,0.000000,0.000000,0.000000,0
analog-value,121,A0121,Serial Transmission Offset,FFF,F,F,0,1,no-units,FF,0.000000,0.000000,0.000000,0.000000,0
analog-value,122,A0122,ANALOG VARIABLE 122,FFF,F,F,0,1,no-units,FF,0.000000,0.000000,0.000000,0.000000,0
analog-value,123,A0123,ANALOG VARIABLE 123,FFF,F,F,0,1,no-units,FF,0.000000,0.000000,0.000000,0.000000,0
analog-value,124,A0124,ANALOG VARIABLE 124,FFF,F,F,0,1,no-units,FF,0.000000,0.000000,0.000000,0.000000,0
analog-value,125,A0125,ANALOG VARIABLE 125,FFF,F,F,0,1,no-units,FF,0.000000,0.000000,0.000000,0.000000,0
analog-value,126,A0126,ANALOG VARIABLE 126,FFF,F,F,0,1,no-units,FF,0.000000,0.000000,0.000000,0.000000,0
analog-value,127,A0127,ANALOG VARIABLE 127,FFF,F,F,0,1,no-units,FF,0.000000,0.000000,0.000000,0.000000,0
analog-value,128,A0128,ANALOG VARIABLE 128,FFF,F,F,0,1,no-units,FF,0.000000,0.000000,0.000000,0.000000,0
analog-value,129,A0129,ANALOG VARIABLE 129,FFF,F,F,0,1,no-units,FF,0.000000,0.000000,0.000000,0.000000,0
analog-value,130,A0130,ANALOG VARIABLE 130,FFF,F,F,0,1,no-units,FF,0.000000,0.000000,0.000000,0.000000,0
analog-value,131,A0131,Room Temperature CDZ1,FFF,F,F,0,1,degrees-celsius,FF,0.000000,0.000000,0.000000,0.000000,0
analog-value,132,A0132,Room Temperature CDZ2,FFF,F,F,0,1,degrees-celsius,FF,0.000000,0.000000,0.000000,0.000000,0
analog-value,133,A0133,Room Temperature CDZ3,FFF,F,F,0,1,degrees-celsius,FF,0.000000,0.000000,0.000000,0.000000,0
analog-value,134,A0134,Room Temperature CDZ4,FFF,F,F,0,1,degrees-celsius,FF,0.000000,0.000000,0.000000,0.000000,0
analog-value,135,A0135,Room Temperature CDZ5,FFF,F,F,0,1,degrees-celsius,FF,0.000000,0.000000,0.000000,0.000000,0
analog-value,136,A0136,Room Temperature CDZ6,FFF,F,F,0,1,degrees-celsius,FF,0.000000,0.000000,0.000000,0.000000,0
analog-value,137,A0137,Room Temperature CDZ7,FFF,F,F,0,1,degrees-celsius,FF,0.000000,0.000000,0.000000,0.000000,0
analog-value,138,A0138,Room Temperature CDZ8,FFF,F,F,0,1,degrees-celsius,FF,0.000000,0.000000,0.000000,0.000000,0
analog-value,139,A0139,Room Temperature CDZ9,FFF,F,F,0,1,degrees-celsius,FF,0.000000,0.000000,0.000000,0.000000,0
analog-value,140,A0140,Room Temperature CDZ10,FFF,F,F,0,1,degrees-celsius,FF,0.000000,0.000000,0.000000,0.000000,0
analog-value,141,A0141,Delivery Air Temperature CDZ1,FFF,F,F,0,1,degrees-celsius,FF,0.000000,0.000000,0.000000,0.000000,0
analog-value,142,A0142,Delivery Air Temperature CDZ2,FFF,F,F,0,1,degrees-celsius,FF,0.000000,0.000000,0.000000,0.000000,0
analog-value,143,A0143,Delivery Air Temperature CDZ3,FFF,F,F,0,1,degrees-celsius,FF,0.000000,0.000000,0.000000,0.000000,0
analog-value,144,A0144,Delivery Air Temperature CDZ4,FFF,F,F,0,1,degrees-celsius,FF,0.000000,0.000000,0.000000,0.000000,0
analog-value,145,A0145,Delivery Air Temperature CDZ5,FFF,F,F,0,1,degrees-celsius,FF,0.000000,0.000000,0.000000,0.000000,0
analog-value,146,A0146,Delivery Air Temperature CDZ6,FFF,F,F,0,1,degrees-celsius,FF,0.000000,0.000000,0.000000,0.000000,0
analog-value,147,A0147,Delivery Air Temperature CDZ7,FFF,F,F,0,1,degrees-celsius,FF,0.000000,0.000000,0.000000,0.000000,0
analog-value,148,A0148,Delivery Air Temperature CDZ8,FFF,F,F,0,1,degrees-celsius,FF,0.000000,0.000000,0.000000,0.000000,0
analog-value,149,A0149,Delivery Air Temperature CDZ9,FFF,F,F,0,1,degrees-celsius,FF,0.000000,0.000000,0.000000,0.000000,0
analog-value,150,A0150,Delivery Air Temperature CDZ10,FFF,F,F,0,1,degrees-celsius,FF,0.000000,0.000000,0.000000,0.000000,0
analog-value,151,A0151,Room Relative Humidity CDZ1,FFF,F,F,0,1,percent,FF,0.000000,0.000000,0.000000,0.000000,0
analog-value,152,A0152,Room Relative Humidity CDZ2,FFF,F,F,0,1,percent,FF,0.000000,0.000000,0.000000,0.000000,0
analog-value,153,A0153,Room Relative Humidity CDZ3,FFF,F,F,0,1,percent,FF,0.000000,0.000000,0.000000,0.000000,0
analog-value,154,A0154,Room Relative Humidity CDZ4,FFF,F,F,0,1,percent,FF,0.000000,0.000000,0.000000,0.000000,0
analog-value,155,A0155,Room Relative Humidity CDZ5,FFF,F,F,0,1,percent,FF,0.000000,0.000000,0.000000,0.000000,0
analog-value,156,A0156,Room Relative Humidity CDZ6,FFF,F,F,0,1,percent,FF,0.000000,0.000000,0.000000,0.000000,0
analog-value,157,A0157,Room Relative Humidity CDZ7,FFF,F,F,0,1,percent,FF,0.000000,0.000000,0.000000,0.000000,0
analog-value,158,A0158,Room Relative Humidity CDZ8,FFF,F,F,0,1,percent,FF,0.000000,0.000000,0.000000,0.000000,0
analog-value,159,A0159,Room Relative Humidity CDZ9,FFF,F,F,0,1,percent,FF,0.000000,0.000000,0.000000,0.000000,0
analog-value,160,A0160,Room Relative Humidity CDZ10,FFF,F,F,0,1,percent,FF,0.000000,0.000000,0.000000,0.000000,0
analog-value,161,A0161,Chilled Water Temperature CDZ1,FFF,F,F,0,1,degrees-celsius,FF,0.000000,0.000000,0.000000,0.000000,0
analog-value,162,A0162,Chilled Water Temperature CDZ2,FFF,F,F,0,1,degrees-celsius,FF,0.000000,0.000000,0.000000,0.000000,0
analog-value,163,A0163,Chilled Water Temperature CDZ3,FFF,F,F,0,1,degrees-celsius,FF,0.000000,0.000000,0.000000,0.000000,0
analog-value,164,A0164,Chilled Water Temperature CDZ4,FFF,F,F,0,1,degrees-celsius,FF,0.000000,0.000000,0.000000,0.000000,0
analog-value,165,A0165,Chilled Water Temperature CDZ5,FFF,F,F,0,1,degrees-celsius,FF,0.000000,0.000000,0.000000,0.000000,0
analog-value,166,A0166,Chilled Water Temperature CDZ6,FFF,F,F,0,1,degrees-celsius,FF,0.000000,0.000000,0.000000,0.000000,0
analog-value,167,A0167,Chilled Water Temperature CDZ7,FFF,F,F,0,1,degrees-celsius,FF,0.000000,0.000000,0.000000,0.000000,0
analog-value,168,A0168,Chilled Water Temperature CDZ8,FFF,F,F,0,1,degrees-celsius,FF,0.000000,0.000000,0.000000,0.000000,0
analog-value,169,A0169,Chilled Water Temperature CDZ9,FFF,F,F,0,1,degrees-celsius,FF,0.000000,0.000000,0.000000,0.000000,0
analog-value,170,A0170,Chilled Water Temperature CDZ10,FFF,F,F,0,1,degrees-celsius,FF,0.000000,0.000000,0.000000,0.000000,0
analog-value,171,A0171,Evaporating Fan Speed CDZ1,FFF,F,F,0,1,percent,FF,0.000000,0.000000,0.000000,0.000000,0
analog-value,172,A0172,Evaporating Fan Speed CDZ2,FFF,F,F,0,1,percent,FF,0.000000,0.000000,0.000000,0.000000,0
analog-value,173,A0173,Evaporating Fan Speed CDZ3,FFF,F,F,0,1,percent,FF,0.000000,0.000000,0.000000,0.000000,0
analog-value,174,A0174,Evaporating Fan Speed CDZ4,FFF,F,F,0,1,percent,FF,0.000000,0.000000,0.000000,0.000000,0
analog-value,175,A0175,Evaporating Fan Speed CDZ5,FFF,F,F,0,1,percent,FF,0.000000,0.000000,0.000000,0.000000,0
analog-value,176,A0176,Evaporating Fan Speed CDZ6,FFF,F,F,0,1,percent,FF,0.000000,0.000000,0.000000,0.000000,0
analog-value,177,A0177,Evaporating Fan Speed CDZ7,FFF,F,F,0,1,percent,FF,0.000000,0.000000,0.000000,0.000000,0
analog-value,178,A0178,Evaporating Fan Speed CDZ8,FFF,F,F,0,1,percent,FF,0.000000,0.000000,0.000000,0.000000,0
analog-value,179,A0179,Evaporating Fan Speed CDZ9,FFF,F,F,0,1,percent,FF,0.000000,0.000000,0.000000,0.000000,0
analog-value,180,A0180,Evaporating Fan Speed CDZ10,FFF,F,F,0,1,percent,FF,0.000000,0.000000,0.000000,0.000000,0
analog-value,181,A0181,ANALOG VARIABLE 181,FFF,F,F,0,1,no-units,FF,0.000000,0.000000,0.000000,0.000000,0
analog-value,182,A0182,ANALOG VARIABLE 182,FFF,F,F,0,1,no-units,FF,0.000000,0.000000,0.000000,0.000000,0
analog-value,183,A0183,ANALOG VARIABLE 183,FFF,F,F,0,1,no-units,FF,0.000000,0.000000,0.000000,0.000000,0
analog-value,184,A0184,ANALOG VARIABLE 184,FFF,F,F,0,1,no-units,FF,0.000000,0.000000,0.000000,0.000000,0
analog-value,185,A0185,ANALOG VARIABLE 185,FFF,F,F,0,1,no-units,FF,0.000000,0.000000,0.000000,0.000000,0
analog-value,186,A0186,ANALOG VARIABLE 186,FFF,F,F,0,1,no-units,FF,0.000000,0.000000,0.000000,0.000000,0
analog-value,187,A0187,ANALOG VARIABLE 187,FFF,F,F,0,1,no-units,FF,0.000000,0.000000,0.000000,0.000000,0
analog-value,188,A0188,ANALOG VARIABLE 188,FFF,F,F,0,1,no-units,FF,0.000000,0.000000,0.000000,0.000000,0
analog-value,189,A0189,ANALOG VARIABLE 189,FFF,F,F,0,1,no-units,FF,0.000000,0.000000,0.000000,0.000000,0
analog-value,190,A0190,ANALOG VARIABLE 190,FFF,F,F,0,1,no-units,FF,0.000000,0.000000,0.000000,0.000000,0
analog-value,191,A0191,ANALOG VARIABLE 191,FFF,F,F,0,1,no-units,FF,0.000000,0.000000,0.000000,0.000000,0
analog-value,192,A0192,ANALOG VARIABLE 192,FFF,F,F,0,1,no-units,FF,0.000000,0.000000,0.000000,0.000000,0
analog-value,193,A0193,ANALOG VARIABLE 193,FFF,F,F,0,1,no-units,FF,0.000000,0.000000,0.000000,0.000000,0
analog-value,194,A0194,ANALOG VARIABLE 194,FFF,F,F,0,1,no-units,FF,0.000000,0.000000,0.000000,0.000000,0
analog-value,195,A0195,ANALOG VARIABLE 195,FFF,F,F,0,1,no-units,FF,0.000000,0.000000,0.000000,0.000000,0
analog-value,196,A0196,ANALOG VARIABLE 196,FFF,F,F,0,1,no-units,FF,0.000000,0.000000,0.000000,0.000000,0
analog-value,197,A0197,ANALOG VARIABLE 197,FFF,F,F,0,1,no-units,FF,0.000000,0.000000,0.000000,0.000000,0
analog-value,198,A0198,ANALOG VARIABLE 198,FFF,F,F,0,1,no-units,FF,0.000000,0.000000,0.000000,0.000000,0
analog-value,199,A0199,ANALOG VARIABLE 199,FFF,F,F,0,1,no-units,FF,0.000000,0.000000,0.000000,0.000000,0
analog-value,200,A0200,ANALOG VARIABLE 200,FFF,F,F,0,1,no-units,FF,0.000000,0.000000,0.000000,0.000000,0
analog-value,201,A0201,ANALOG VARIABLE 201,FFF,F,F,0,1,no-units,FF,0.000000,0.000000,0.000000,0.000000,0
analog-value,202,A0202,ANALOG VARIABLE 202,FFF,F,F,0,1,no-units,FF,0.000000,0.000000,0.000000,0.000000,0
analog-value,203,A0203,ANALOG VARIABLE 203,FFF,F,F,0,1,no-units,FF,0.000000,0.000000,0.000000,0.000000,0
analog-value,204,A0204,ANALOG VARIABLE 204,FFF,F,F,0,1,no-units,FF,0.000000,0.000000,0.000000,0.000000,0
analog-value,205,A0205,ANALOG VARIABLE 205,FFF,F,F,0,1,no-units,FF,0.000000,0.000000,0.000000,0.000000,0
analog-value,206,A0206,ANALOG VARIABLE 206,FFF,F,F,0,1,no-units,FF,0.000000,0.000000,0.000000,0.000000,0
analog-value,207,A0207,ANALOG VARIABLE 207,FFF,F,F,0,1,no-units,FF,0.000000,0.000000,0.000000,0.000000,0
Object_Type,Object_Instance,Object_Name,Description,Event_Enable,Issue_Confirmed_Notifications,Ack_Required,Time_Delay,Priority,Units,Limit_Enable,High_Limit,Low_Limit,Deadband,COV_Increment,Notification_Class
analog-value,1001,I01,Alarm code ActiveFloor Module 1,FFF,F,F,0,1,no-units,FF,0.000000,0.000000,0.000000,0.000000,0
analog-value,1002,I02,Alarm code ActiveFloor Module 2,FFF,F,F,0,1,no-units,FF,0.000000,0.000000,0.000000,0.000000,0
analog-value,1003,I03,Alarm code ActiveFloor Module 3,FFF,F,F,0,1,no-units,FF,0.000000,0.000000,0.000000,0.000000,0
analog-value,1004,I04,Alarm code ActiveFloor Module 4,FFF,F,F,0,1,no-units,FF,0.000000,0.000000,0.000000,0.000000,0
analog-value,1005,I05,Alarm code ActiveFloor Module 5,FFF,F,F,0,1,no-units,FF,0.000000,0.000000,0.000000,0.000000,0
analog-value,1006,I06,Alarm code ActiveFloor Module 6,FFF,F,F,0,1,no-units,FF,0.000000,0.000000,0.000000,0.000000,0
analog-value,1007,I07,Alarm code ActiveFloor Module 7,FFF,F,F,0,1,no-units,FF,0.000000,0.000000,0.000000,0.000000,0
analog-value,1008,I08,Alarm code ActiveFloor Module 8,FFF,F,F,0,1,no-units,FF,0.000000,0.000000,0.000000,0.000000,0
analog-value,1009,I09,Alarm code ActiveFloor Module 9,FFF,F,F,0,1,no-units,FF,0.000000,0.000000,0.000000,0.000000,0
analog-value,1010,I010,Alarm code ActiveFloor Module 10,FFF,F,F,0,1,no-units,FF,0.000000,0.000000,0.000000,0.000000,0
analog-value,1011,I011,Alarm code ActiveFloor Module 11,FFF,F,F,0,1,no-units,FF,0.000000,0.000000,0.000000,0.000000,0
analog-value,1012,I012,Alarm code ActiveFloor Module 12,FFF,F,F,0,1,no-units,FF,0.000000,0.000000,0.000000,0.000000,0
analog-value,1013,I013,Alarm code ActiveFloor Module 13,FFF,F,F,0,1,no-units,FF,0.000000,0.000000,0.000000,0.000000,0
analog-value,1014,I014,Alarm code ActiveFloor Module 14,FFF,F,F,0,1,no-units,FF,0.000000,0.000000,0.000000,0.000000,0
analog-value,1015,I015,Alarm code ActiveFloor Module 15,FFF,F,F,0,1,no-units,FF,0.000000,0.000000,0.000000,0.000000,0
analog-value,1016,I016,Alarm code ActiveFloor Module 16,FFF,F,F,0,1,no-units,FF,0.000000,0.000000,0.000000,0.000000,0
analog-value,1017,I017,Alarm code ActiveFloor Module 17,FFF,F,F,0,1,no-units,FF,0.000000,0.000000,0.000000,0.000000,0
analog-value,1018,I018,Alarm code ActiveFloor Module 18,FFF,F,F,0,1,no-units,FF,0.000000,0.000000,0.000000,0.000000,0
analog-value,1019,I019,Alarm code ActiveFloor Module 19,FFF,F,F,0,1,no-units,FF,0.000000,0.000000,0.000000,0.000000,0
analog-value,1020,I020,Alarm code ActiveFloor Module 20,FFF,F,F,0,1,no-units,FF,0.000000,0.000000,0.000000,0.000000,0
analog-value,1021,I021,Alarm code ActiveFloor Module 21,FFF,F,F,0,1,no-units,FF,0.000000,0.000000,0.000000,0.000000,0
analog-value,1022,I022,Alarm code ActiveFloor Module 22,FFF,F,F,0,1,no-units,FF,0.000000,0.000000,0.000000,0.000000,0
analog-value,1023,I023,Alarm code ActiveFloor Module 23,FFF,F,F,0,1,no-units,FF,0.000000,0.000000,0.000000,0.000000,0
analog-value,1024,I024,Alarm code ActiveFloor Module 24,FFF,F,F,0,1,no-units,FF,0.000000,0.000000,0.000000,0.000000,0
analog-value,1025,I025,Alarm code ActiveFloor Module 25,FFF,F,F,0,1,no-units,FF,0.000000,0.000000,0.000000,0.000000,0
analog-value,1026,I026,Alarm code ActiveFloor Module 26,FFF,F,F,0,1,no-units,FF,0.000000,0.000000,0.000000,0.000000,0
analog-value,1027,I027,Alarm code ActiveFloor Module 27,FFF,F,F,0,1,no-units,FF,0.000000,0.000000,0.000000,0.000000,0
analog-value,1028,I028,Alarm code ActiveFloor Module 28,FFF,F,F,0,1,no-units,FF,0.000000,0.000000,0.000000,0.000000,0
analog-value,1029,I029,Alarm code ActiveFloor Module 29,FFF,F,F,0,1,no-units,FF,0.000000,0.000000,0.000000,0.000000,0
analog-value,1030,I030,Alarm code ActiveFloor Module 30,FFF,F,F,0,1,no-units,FF,0.000000,0.000000,0.000000,0.000000,0
analog-value,1031,I031,Fan Speed ActiveFloor Module 1,FFF,F,F,0,1,percent,FF,0.000000,0.000000,0.000000,0.000000,0
analog-value,1032,I032,Fan Speed ActiveFloor Module 2,FFF,F,F,0,1,percent,FF,0.000000,0.000000,0.000000,0.000000,0
analog-value,1033,I033,Fan Speed ActiveFloor Module 3,FFF,F,F,0,1,percent,FF,0.000000,0.000000,0.000000,0.000000,0
analog-value,1034,I034,Fan Speed ActiveFloor Module 4,FFF,F,F,0,1,percent,FF,0.000000,0.000000,0.000000,0.000000,0
analog-value,1035,I035,Fan Speed ActiveFloor Module 5,FFF,F,F,0,1,percent,FF,0.000000,0.000000,0.000000,0.000000,0
analog-value,1036,I036,Fan Speed ActiveFloor Module 6,FFF,F,F,0,1,percent,FF,0.000000,0.000000,0.000000,0.000000,0
analog-value,1037,I037,Fan Speed ActiveFloor Module 7,FFF,F,F,0,1,percent,FF,0.000000,0.000000,0.000000,0.000000,0
analog-value,1038,I038,Fan Speed ActiveFloor Module 8,FFF,F,F,0,1,percent,FF,0.000000,0.000000,0.000000,0.000000,0
analog-value,1039,I039,Fan Speed ActiveFloor Module 9,FFF,F,F,0,1,percent,FF,0.000000,0.000000,0.000000,0.000000,0
analog-value,1040,I040,Fan Speed ActiveFloor Module 10,FFF,F,F,0,1,percent,FF,0.000000,0.000000,0.000000,0.000000,0
analog-value,1041,I041,Fan Speed ActiveFloor Module 11,FFF,F,F,0,1,percent,FF,0.000000,0.000000,0.000000,0.000000,0
analog-value,1042,I042,Fan Speed ActiveFloor Module 12,FFF,F,F,0,1,percent,FF,0.000000,0.000000,0.000000,0.000000,0
analog-value,1043,I043,Fan Speed ActiveFloor Module 13,FFF,F,F,0,1,percent,FF,0.000000,0.000000,0.000000,0.000000,0
analog-value,1044,I044,Fan Speed ActiveFloor Module 14,FFF,F,F,0,1,percent,FF,0.000000,0.000000,0.000000,0.000000,0
analog-value,1045,I045,Fan Speed ActiveFloor Module 15,FFF,F,F,0,1,percent,FF,0.000000,0.000000,0.000000,0.000000,0
analog-value,1046,I046,Fan Speed ActiveFloor Module 16,FFF,F,F,0,1,percent,FF,0.000000,0.000000,0.000000,0.000000,0
analog-value,1047,I047,Fan Speed ActiveFloor Module 17,FFF,F,F,0,1,percent,FF,0.000000,0.000000,0.000000,0.000000,0
analog-value,1048,I048,Fan Speed ActiveFloor Module 18,FFF,F,F,0,1,percent,FF,0.000000,0.000000,0.000000,0.000000,0
analog-value,1049,I049,Fan Speed ActiveFloor Module 19,FFF,F,F,0,1,percent,FF,0.000000,0.000000,0.000000,0.000000,0
analog-value,1050,I050,Fan Speed ActiveFloor Module 20,FFF,F,F,0,1,percent,FF,0.000000,0.000000,0.000000,0.000000,0
analog-value,1051,I051,Fan Speed ActiveFloor Module 21,FFF,F,F,0,1,percent,FF,0.000000,0.000000,0.000000,0.000000,0
analog-value,1052,I052,Fan Speed ActiveFloor Module 22,FFF,F,F,0,1,percent,FF,0.000000,0.000000,0.000000,0.000000,0
analog-value,1053,I053,Fan Speed ActiveFloor Module 23,FFF,F,F,0,1,percent,FF,0.000000,0.000000,0.000000,0.000000,0
analog-value,1054,I054,Fan Speed ActiveFloor Module 24,FFF,F,F,0,1,percent,FF,0.000000,0.000000,0.000000,0.000000,0
analog-value,1055,I055,Fan Speed ActiveFloor Module 25,FFF,F,F,0,1,percent,FF,0.000000,0.000000,0.000000,0.000000,0
analog-value,1056,I056,Fan Speed ActiveFloor Module 26,FFF,F,F,0,1,percent,FF,0.000000,0.000000,0.000000,0.000000,0
analog-value,1057,I057,Fan Speed ActiveFloor Module 27,FFF,F,F,0,1,percent,FF,0.000000,0.000000,0.000000,0.000000,0
analog-value,1058,I058,Fan Speed ActiveFloor Module 28,FFF,F,F,0,1,percent,FF,0.000000,0.000000,0.000000,0.000000,0
analog-value,1059,I059,Fan Speed ActiveFloor Module 29,FFF,F,F,0,1,percent,FF,0.000000,0.000000,0.000000,0.000000,0
analog-value,1060,I060,Fan Speed ActiveFloor Module 30,FFF,F,F,0,1,percent,FF,0.000000,0.000000,0.000000,0.000000,0
analog-value,1061,I061,Integral Time ActiveFloor Module 1,FFF,F,F,0,1,seconds,FF,0.000000,0.000000,0.000000,0.000000,0
analog-value,1062,I062,Integral Time ActiveFloor Module 2,FFF,F,F,0,1,seconds,FF,0.000000,0.000000,0.000000,0.000000,0
analog-value,1063,I063,Integral Time ActiveFloor Module 3,FFF,F,F,0,1,seconds,FF,0.000000,0.000000,0.000000,0.000000,0
analog-value,1064,I064,Integral Time ActiveFloor Module 4,FFF,F,F,0,1,seconds,FF,0.000000,0.000000,0.000000,0.000000,0
analog-value,1065,I065,Integral Time ActiveFloor Module 5,FFF,F,F,0,1,seconds,FF,0.000000,0.000000,0.000000,0.000000,0
analog-value,1066,I066,Integral Time ActiveFloor Module 6,FFF,F,F,0,1,seconds,FF,0.000000,0.000000,0.000000,0.000000,0
analog-value,1067,I067,Integral Time ActiveFloor Module 7,FFF,F,F,0,1,seconds,FF,0.000000,0.000000,0.000000,0.000000,0
analog-value,1068,I068,Integral Time ActiveFloor Module 8,FFF,F,F,0,1,seconds,FF,0.000000,0.000000,0.000000,0.000000,0
analog-value,1069,I069,Integral Time ActiveFloor Module 9,FFF,F,F,0,1,seconds,FF,0.000000,0.000000,0.000000,0.000000,0
analog-value,1070,I070,Integral Time ActiveFloor Module 10,FFF,F,F,0,1,seconds,FF,0.000000,0.000000,0.000000,0.000000,0
analog-value,1071,I071,Integral Time ActiveFloor Module 11,FFF,F,F,0,1,seconds,FF,0.000000,0.000000,0.000000,0.000000,0
analog-value,1072,I072,Integral Time ActiveFloor Module 12,FFF,F,F,0,1,seconds,FF,0.000000,0.000000,0.000000,0.000000,0
analog-value,1073,I073,Integral Time ActiveFloor Module 13,FFF,F,F,0,1,seconds,FF,0.000000,0.000000,0.000000,0.000000,0
analog-value,1074,I074,Integral Time ActiveFloor Module 14,FFF,F,F,0,1,seconds,FF,0.000000,0.000000,0.000000,0.000000,0
analog-value,1075,I075,Integral Time ActiveFloor Module 15,FFF,F,F,0,1,seconds,FF,0.000000,0.000000,0.000000,0.000000,0
analog-value,1076,I076,Integral Time ActiveFloor Module 16,FFF,F,F,0,1,seconds,FF,0.000000,0.000000,0.000000,0.000000,0
analog-value,1077,I077,Integral Time ActiveFloor Module 17,FFF,F,F,0,1,seconds,FF,0.000000,0.000000,0.000000,0.000000,0
analog-value,1078,I078,Integral Time ActiveFloor Module 18,FFF,F,F,0,1,seconds,FF,0.000000,0.000000,0.000000,0.000000,0
analog-value,1079,I079,Integral Time ActiveFloor Module 19,FFF,F,F,0,1,seconds,FF,0.000000,0.000000,0.000000,0.000000,0
analog-value,1080,I080,Integral Time ActiveFloor Module 20,FFF,F,F,0,1,seconds,FF,0.000000,0.000000,0.000000,0.000000,0
analog-value,1081,I081,Integral Time ActiveFloor Module 21,FFF,F,F,0,1,seconds,FF,0.000000,0.000000,0.000000,0.000000,0
analog-value,1082,I082,Integral Time ActiveFloor Module 22,FFF,F,F,0,1,seconds,FF,0.000000,0.000000,0.000000,0.000000,0
analog-value,1083,I083,Integral Time ActiveFloor Module 23,FFF,F,F,0,1,seconds,FF,0.000000,0.000000,0.000000,0.000000,0
analog-value,1084,I084,Integral Time ActiveFloor Module 24,FFF,F,F,0,1,seconds,FF,0.000000,0.000000,0.000000,0.000000,0
analog-value,1085,I085,Integral Time ActiveFloor Module 25,FFF,F,F,0,1,seconds,FF,0.000000,0.000000,0.000000,0.000000,0
analog-value,1086,I086,Integral Time ActiveFloor Module 26,FFF,F,F,0,1,seconds,FF,0.000000,0.000000,0.000000,0.000000,0
analog-value,1087,I087,Integral Time ActiveFloor Module 27,FFF,F,F,0,1,seconds,FF,0.000000,0.000000,0.000000,0.000000,0
analog-value,1088,I088,Integral Time ActiveFloor Module 28,FFF,F,F,0,1,seconds,FF,0.000000,0.000000,0.000000,0.000000,0
analog-value,1089,I089,Integral Time ActiveFloor Module 29,FFF,F,F,0,1,seconds,FF,0.000000,0.000000,0.000000,0.000000,0
analog-value,1090,I090,Integral Time ActiveFloor Module 30,FFF,F,F,0,1,seconds,FF,0.000000,0.000000,0.000000,0.000000,0
analog-value,1091,I091,Cold Water Valve Ramp CDZ1,FFF,F,F,0,1,percent,FF,0.000000,0.000000,0.000000,0.000000,0
analog-value,1092,I092,Cold Water Valve Ramp CDZ2,FFF,F,F,0,1,percent,FF,0.000000,0.000000,0.000000,0.000000,0
analog-value,1093,I093,Cold Water Valve Ramp CDZ3,FFF,F,F,0,1,percent,FF,0.000000,0.000000,0.000000,0.000000,0
analog-value,1094,I094,Cold Water Valve Ramp CDZ4,FFF,F,F,0,1,percent,FF,0.000000,0.000000,0.000000,0.000000,0
analog-value,1095,I095,Cold Water Valve Ramp CDZ5,FFF,F,F,0,1,percent,FF,0.000000,0.000000,0.000000,0.000000,0
analog-value,1096,I096,Cold Water Valve Ramp CDZ6,FFF,F,F,0,1,percent,FF,0.000000,0.000000,0.000000,0.000000,0
analog-value,1097,I097,Cold Water Valve Ramp CDZ7,FFF,F,F,0,1,percent,FF,0.000000,0.000000,0.000000,0.000000,0
analog-value,1098,I098,Cold Water Valve Ramp CDZ8,FFF,F,F,0,1,percent,FF,0.000000,0.000000,0.000000,0.000000,0
analog-value,1099,I099,Cold Water Valve Ramp CDZ9,FFF,F,F,0,1,percent,FF,0.000000,0.000000,0.000000,0.000000,0
analog-value,1100,I100,Cold Water Valve Ramp CDZ10,FFF,F,F,0,1,percent,FF,0.000000,0.000000,0.000000,0.000000,0
analog-value,1101,I101,Status CDZ1,FFF,F,F,0,1,no-units,FF,0.000000,0.000000,0.000000,0.000000,0
analog-value,1102,I102,Status CDZ2,FFF,F,F,0,1,no-units,FF,0.000000,0.000000,0.000000,0.000000,0
analog-value,1103,I103,Status CDZ3,FFF,F,F,0,1,no-units,FF,0.000000,0.000000,0.000000,0.000000,0
analog-value,1104,I104,Status CDZ4,FFF,F,F,0,1,no-units,FF,0.000000,0.000000,0.000000,0.000000,0
analog-value,1105,I105,Status CDZ5,FFF,F,F,0,1,no-units,FF,0.000000,0.000000,0.000000,0.000000,0
analog-value,1106,I106,Status CDZ6,FFF,F,F,0,1,no-units,FF,0.000000,0.000000,0.000000,0.000000,0
analog-value,1107,I107,Status CDZ7,FFF,F,F,0,1,no-units,FF,0.000000,0.000000,0.000000,0.000000,0
analog-value,1108,I108,Status CDZ8,FFF,F,F,0,1,no-units,FF,0.000000,0.000000,0.000000,0.000000,0
analog-value,1109,I109,Status CDZ9,FFF,F,F,0,1,no-units,FF,0.000000,0.000000,0.000000,0.000000,0
analog-value,1110,I110,Status CDZ10,FFF,F,F,0,1,no-units,FF,0.000000,0.000000,0.000000,0.000000,0
analog-value,1111,I111,Alarm code A CDZ1,FFF,F,F,0,1,no-units,FF,0.000000,0.000000,0.000000,0.000000,0
analog-value,1112,I112,Alarm code A CDZ2,FFF,F,F,0,1,no-units,FF,0.000000,0.000000,0.000000,0.000000,0
analog-value,1113,I113,Alarm code A CDZ3,FFF,F,F,0,1,no-units,FF,0.000000,0.000000,0.000000,0.000000,0
analog-value,1114,I114,Alarm code A CDZ4,FFF,F,F,0,1,no-units,FF,0.000000,0.000000,0.000000,0.000000,0
analog-value,1115,I115,Alarm code A CDZ5,FFF,F,F,0,1,no-units,FF,0.000000,0.000000,0.000000,0.000000,0
analog-value,1116,I116,Alarm code A CDZ6,FFF,F,F,0,1,no-units,FF,0.000000,0.000000,0.000000,0.000000,0
analog-value,1117,I117,Alarm code A CDZ7,FFF,F,F,0,1,no-units,FF,0.000000,0.000000,0.000000,0.000000,0
analog-value,1118,I118,Alarm code A CDZ8,FFF,F,F,0,1,no-units,FF,0.000000,0.000000,0.000000,0.000000,0
analog-value,1119,I119,Alarm code A CDZ9,FFF,F,F,0,1,no-units,FF,0.000000,0.000000,0.000000,0.000000,0
analog-value,1120,I120,Alarm code A CDZ10,FFF,F,F,0,1,no-units,FF,0.000000,0.000000,0.000000,0.000000,0
analog-value,1121,I121,Alarm code B CDZ1,FFF,F,F,0,1,no-units,FF,0.000000,0.000000,0.000000,0.000000,0
analog-value,1122,I122,Alarm code B CDZ2,FFF,F,F,0,1,no-units,FF,0.000000,0.000000,0.000000,0.000000,0
analog-value,1123,I123,Alarm code B CDZ3,FFF,F,F,0,1,no-units,FF,0.000000,0.000000,0.000000,0.000000,0
analog-value,1124,I124,Alarm code B CDZ4,FFF,F,F,0,1,no-units,FF,0.000000,0.000000,0.000000,0.000000,0
analog-value,1125,I125,Alarm code B CDZ5,FFF,F,F,0,1,no-units,FF,0.000000,0.000000,0.000000,0.000000,0
analog-value,1126,I126,Alarm code B CDZ6,FFF,F,F,0,1,no-units,FF,0.000000,0.000000,0.000000,0.000000,0
analog-value,1127,I127,Alarm code B CDZ7,FFF,F,F,0,1,no-units,FF,0.000000,0.000000,0.000000,0.000000,0
analog-value,1128,I128,Alarm code B CDZ8,FFF,F,F,0,1,no-units,FF,0.000000,0.000000,0.000000,0.000000,0
analog-value,1129,I129,Alarm code B CDZ9,FFF,F,F,0,1,no-units,FF,0.000000,0.000000,0.000000,0.000000,0
analog-value,1130,I130,Alarm code B CDZ10,FFF,F,F,0,1,no-units,FF,0.000000,0.000000,0.000000,0.000000,0
analog-value,1131,I131,Current day,FFF,F,F,0,1,days,FF,0.000000,0.000000,0.000000,0.000000,0
analog-value,1132,I132,Current month,FFF,F,F,0,1,months,FF,0.000000,0.000000,0.000000,0.000000,0
analog-value,1133,I133,Current year,FFF,F,F,0,1,years,FF,0.000000,0.000000,0.000000,0.000000,0
analog-value,1134,I134,Current hour,FFF,F,F,0,1,hours,FF,0.000000,0.000000,0.000000,0.000000,0
analog-value,1135,I135,Current minute,FFF,F,F,0,1,minutes,FF,0.000000,0.000000,0.000000,0.000000,0
analog-value,1136,I136,INTEGER VARIABLE 136,FFF,F,F,0,1,no-units,FF,0.000000,0.000000,0.000000,0.000000,0
analog-value,1137,I137,INTEGER VARIABLE 137,FFF,F,F,0,1,no-units,FF,0.000000,0.000000,0.000000,0.000000,0
analog-value,1138,I138,INTEGER VARIABLE 138,FFF,F,F,0,1,no-units,FF,0.000000,0.000000,0.000000,0.000000,0
analog-value,1139,I139,INTEGER VARIABLE 139,FFF,F,F,0,1,no-units,FF,0.000000,0.000000,0.000000,0.000000,0
analog-value,1140,I140,INTEGER VARIABLE 140,FFF,F,F,0,1,no-units,FF,0.000000,0.000000,0.000000,0.000000,0
analog-value,1141,I141,INTEGER VARIABLE 141,FFF,F,F,0,1,no-units,FF,0.000000,0.000000,0.000000,0.000000,0
analog-value,1142,I142,INTEGER VARIABLE 142,FFF,F,F,0,1,no-units,FF,0.000000,0.000000,0.000000,0.000000,0
analog-value,1143,I143,INTEGER VARIABLE 143,FFF,F,F,0,1,no-units,FF,0.000000,0.000000,0.000000,0.000000,0
analog-value,1144,I144,INTEGER VARIABLE 144,FFF,F,F,0,1,no-units,FF,0.000000,0.000000,0.000000,0.000000,0
analog-value,1145,I145,INTEGER VARIABLE 145,FFF,F,F,0,1,no-units,FF,0.000000,0.000000,0.000000,0.000000,0
analog-value,1146,I146,INTEGER VARIABLE 146,FFF,F,F,0,1,no-units,FF,0.000000,0.000000,0.000000,0.000000,0
analog-value,1147,I147,INTEGER VARIABLE 147,FFF,F,F,0,1,no-units,FF,0.000000,0.000000,0.000000,0.000000,0
analog-value,1148,I148,INTEGER VARIABLE 148,FFF,F,F,0,1,no-units,FF,0.000000,0.000000,0.000000,0.000000,0
analog-value,1149,I149,INTEGER VARIABLE 149,FFF,F,F,0,1,no-units,FF,0.000000,0.000000,0.000000,0.000000,0
analog-value,1150,I150,INTEGER VARIABLE 150,FFF,F,F,0,1,no-units,FF,0.000000,0.000000,0.000000,0.000000,0
analog-value,1151,I151,INTEGER VARIABLE 151,FFF,F,F,0,1,no-units,FF,0.000000,0.000000,0.000000,0.000000,0
analog-value,1152,I152,INTEGER VARIABLE 152,FFF,F,F,0,1,no-units,FF,0.000000,0.000000,0.000000,0.000000,0
analog-value,1153,I153,INTEGER VARIABLE 153,FFF,F,F,0,1,no-units,FF,0.000000,0.000000,0.000000,0.000000,0
analog-value,1154,I154,INTEGER VARIABLE 154,FFF,F,F,0,1,no-units,FF,0.000000,0.000000,0.000000,0.000000,0
analog-value,1155,I155,INTEGER VARIABLE 155,FFF,F,F,0,1,no-units,FF,0.000000,0.000000,0.000000,0.000000,0
analog-value,1156,I156,INTEGER VARIABLE 156,FFF,F,F,0,1,no-units,FF,0.000000,0.000000,0.000000,0.000000,0
analog-value,1157,I157,INTEGER VARIABLE 157,FFF,F,F,0,1,no-units,FF,0.000000,0.000000,0.000000,0.000000,0
analog-value,1158,I158,INTEGER VARIABLE 158,FFF,F,F,0,1,no-units,FF,0.000000,0.000000,0.000000,0.000000,0
analog-value,1159,I159,INTEGER VARIABLE 159,FFF,F,F,0,1,no-units,FF,0.000000,0.000000,0.000000,0.000000,0
analog-value,1160,I160,INTEGER VARIABLE 160,FFF,F,F,0,1,no-units,FF,0.000000,0.000000,0.000000,0.000000,0
analog-value,1161,I161,INTEGER VARIABLE 161,FFF,F,F,0,1,no-units,FF,0.000000,0.000000,0.000000,0.000000,0
analog-value,1162,I162,INTEGER VARIABLE 162,FFF,F,F,0,1,no-units,FF,0.000000,0.000000,0.000000,0.000000,0
analog-value,1163,I163,INTEGER VARIABLE 163,FFF,F,F,0,1,no-units,FF,0.000000,0.000000,0.000000,0.000000,0
analog-value,1164,I164,INTEGER VARIABLE 164,FFF,F,F,0,1,no-units,FF,0.000000,0.000000,0.000000,0.000000,0
analog-value,1165,I165,INTEGER VARIABLE 165,FFF,F,F,0,1,no-units,FF,0.000000,0.000000,0.000000,0.000000,0
analog-value,1166,I166,INTEGER VARIABLE 166,FFF,F,F,0,1,no-units,FF,0.000000,0.000000,0.000000,0.000000,0
analog-value,1167,I167,INTEGER VARIABLE 167,FFF,F,F,0,1,no-units,FF,0.000000,0.000000,0.000000,0.000000,0
analog-value,1168,I168,INTEGER VARIABLE 168,FFF,F,F,0,1,no-units,FF,0.000000,0.000000,0.000000,0.000000,0
analog-value,1169,I169,INTEGER VARIABLE 169,FFF,F,F,0,1,no-units,FF,0.000000,0.000000,0.000000,0.000000,0
analog-value,1170,I170,INTEGER VARIABLE 170,FFF,F,F,0,1,no-units,FF,0.000000,0.000000,0.000000,0.000000,0
analog-value,1171,I171,INTEGER VARIABLE 171,FFF,F,F,0,1,no-units,FF,0.000000,0.000000,0.000000,0.000000,0
analog-value,1172,I172,INTEGER VARIABLE 172,FFF,F,F,0,1,no-units,FF,0.000000,0.000000,0.000000,0.000000,0
analog-value,1173,I173,INTEGER VARIABLE 173,FFF,F,F,0,1,no-units,FF,0.000000,0.000000,0.000000,0.000000,0
analog-value,1174,I174,INTEGER VARIABLE 174,FFF,F,F,0,1,no-units,FF,0.000000,0.000000,0.000000,0.000000,0
analog-value,1175,I175,INTEGER VARIABLE 175,FFF,F,F,0,1,no-units,FF,0.000000,0.000000,0.000000,0.000000,0
analog-value,1176,I176,INTEGER VARIABLE 176,FFF,F,F,0,1,no-units,FF,0.000000,0.000000,0.000000,0.000000,0
analog-value,1177,I177,INTEGER VARIABLE 177,FFF,F,F,0,1,no-units,FF,0.000000,0.000000,0.000000,0.000000,0
analog-value,1178,I178,INTEGER VARIABLE 178,FFF,F,F,0,1,no-units,FF,0.000000,0.000000,0.000000,0.000000,0
analog-value,1179,I179,INTEGER VARIABLE 179,FFF,F,F,0,1,no-units,FF,0.000000,0.000000,0.000000,0.000000,0
analog-value,1180,I180,INTEGER VARIABLE 180,FFF,F,F,0,1,no-units,FF,0.000000,0.000000,0.000000,0.000000,0
analog-value,1181,I181,INTEGER VARIABLE 181,FFF,F,F,0,1,no-units,FF,0.000000,0.000000,0.000000,0.000000,0
analog-value,1182,I182,INTEGER VARIABLE 182,FFF,F,F,0,1,no-units,FF,0.000000,0.000000,0.000000,0.000000,0
analog-value,1183,I183,INTEGER VARIABLE 183,FFF,F,F,0,1,no-units,FF,0.000000,0.000000,0.000000,0.000000,0
analog-value,1184,I184,INTEGER VARIABLE 184,FFF,F,F,0,1,no-units,FF,0.000000,0.000000,0.000000,0.000000,0
analog-value,1185,I185,INTEGER VARIABLE 185,FFF,F,F,0,1,no-units,FF,0.000000,0.000000,0.000000,0.000000,0
analog-value,1186,I186,INTEGER VARIABLE 186,FFF,F,F,0,1,no-units,FF,0.000000,0.000000,0.000000,0.000000,0
analog-value,1187,I187,INTEGER VARIABLE 187,FFF,F,F,0,1,no-units,FF,0.000000,0.000000,0.000000,0.000000,0
analog-value,1188,I188,INTEGER VARIABLE 188,FFF,F,F,0,1,no-units,FF,0.000000,0.000000,0.000000,0.000000,0
analog-value,1189,I189,INTEGER VARIABLE 189,FFF,F,F,0,1,no-units,FF,0.000000,0.000000,0.000000,0.000000,0
analog-value,1190,I190,INTEGER VARIABLE 190,FFF,F,F,0,1,no-units,FF,0.000000,0.000000,0.000000,0.000000,0
analog-value,1191,I191,INTEGER VARIABLE 191,FFF,F,F,0,1,no-units,FF,0.000000,0.000000,0.000000,0.000000,0
analog-value,1192,I192,INTEGER VARIABLE 192,FFF,F,F,0,1,no-units,FF,0.000000,0.000000,0.000000,0.000000,0
analog-value,1193,I193,INTEGER VARIABLE 193,FFF,F,F,0,1,no-units,FF,0.000000,0.000000,0.000000,0.000000,0
analog-value,1194,I194,INTEGER VARIABLE 194,FFF,F,F,0,1,no-units,FF,0.000000,0.000000,0.000000,0.000000,0
analog-value,1195,I195,INTEGER VARIABLE 195,FFF,F,F,0,1,no-units,FF,0.000000,0.000000,0.000000,0.000000,0
analog-value,1196,I196,INTEGER VARIABLE 196,FFF,F,F,0,1,no-units,FF,0.000000,0.000000,0.000000,0.000000,0
analog-value,1197,I197,INTEGER VARIABLE 197,FFF,F,F,0,1,no-units,FF,0.000000,0.000000,0.000000,0.000000,0
analog-value,1198,I198,INTEGER VARIABLE 198,FFF,F,F,0,1,no-units,FF,0.000000,0.000000,0.000000,0.000000,0
analog-value,1199,I199,INTEGER VARIABLE 199,FFF,F,F,0,1,no-units,FF,0.000000,0.000000,0.000000,0.000000,0
analog-value,1200,I200,INTEGER VARIABLE 200,FFF,F,F,0,1,no-units,FF,0.000000,0.000000,0.000000,0.000000,0
analog-value,1201,I201,INTEGER VARIABLE 201,FFF,F,F,0,1,no-units,FF,0.000000,0.000000,0.000000,0.000000,0
analog-value,1202,I202,INTEGER VARIABLE 202,FFF,F,F,0,1,no-units,FF,0.000000,0.000000,0.000000,0.000000,0
analog-value,1203,I203,INTEGER VARIABLE 203,FFF,F,F,0,1,no-units,FF,0.000000,0.000000,0.000000,0.000000,0
analog-value,1204,I204,INTEGER VARIABLE 204,FFF,F,F,0,1,no-units,FF,0.000000,0.000000,0.000000,0.000000,0
analog-value,1205,I205,INTEGER VARIABLE 205,FFF,F,F,0,1,no-units,FF,0.000000,0.000000,0.000000,0.000000,0
analog-value,1206,I206,INTEGER VARIABLE 206,FFF,F,F,0,1,no-units,FF,0.000000,0.000000,0.000000,0.000000,0
analog-value,1207,I207,INTEGER VARIABLE 207,FFF,F,F,0,1,no-units,FF,0.000000,0.000000,0.000000,0.000000,0
Object_Type,Object_Instance,Object_Name,Description,Event_Enable,Issue_Confirmed_Notifications,Ack_Required,Time_Delay,Priority,Inactive_Text,Active_Text,Alarm_Value,Notification_Class
binary-value,1,D01,Enable ActiveFloor Module 1,FFF,F,F,0,1,1,Off,0,0
binary-value,2,D02,Lan connection failed AFM 1,FFF,F,F,0,1,1,Off,0,0
binary-value,3,D03,Regulation active AFM1,FFF,F,F,0,1,1,Off,0,0
binary-value,4,D04,Alarm  ActiveFloor Module 1,FFF,F,F,0,1,1,Off,0,0
binary-value,5,D05,Enable ActiveFloor Module 2,FFF,F,F,0,1,1,Off,0,0
binary-value,6,D06,Lan connection failed AFM 2,FFF,F,F,0,1,1,Off,0,0
binary-value,7,D07,Regulation active AFM2,FFF,F,F,0,1,1,Off,0,0
binary-value,8,D08,Alarm  ActiveFloor Module 2,FFF,F,F,0,1,1,Off,0,0
binary-value,9,D09,Enable ActiveFloor Module 3,FFF,F,F,0,1,1,Off,0,0
binary-value,10,D010,Lan connection failed AFM 3,FFF,F,F,0,1,1,Off,0,0
binary-value,11,D011,Regulation active AFM3,FFF,F,F,0,1,1,Off,0,0
binary-value,12,D012,Alarm  ActiveFloor Module 3,FFF,F,F,0,1,1,Off,0,0
binary-value,13,D013,Enable ActiveFloor Module 4,FFF,F,F,0,1,1,Off,0,0
binary-value,14,D014,Lan connection failed AFM 4,FFF,F,F,0,1,1,Off,0,0
binary-value,15,D015,Regulation active AFM4,FFF,F,F,0,1,1,Off,0,0
binary-value,16,D016,Alarm  ActiveFloor Module 4,FFF,F,F,0,1,1,Off,0,0
binary-value,17,D017,Enable ActiveFloor Module 5,FFF,F,F,0,1,1,Off,0,0
binary-value,18,D018,Lan connection failed AFM 5,FFF,F,F,0,1,1,Off,0,0
binary-value,19,D019,Regulation active AFM5,FFF,F,F,0,1,1,Off,0,0
binary-value,20,D020,Alarm  ActiveFloor Module 5,FFF,F,F,0,1,1,Off,0,0
binary-value,21,D021,Enable ActiveFloor Module 6,FFF,F,F,0,1,1,Off,0,0
binary-value,22,D022,Lan connection failed AFM 6,FFF,F,F,0,1,1,Off,0,0
binary-value,23,D023,Regulation active AFM6,FFF,F,F,0,1,1,Off,0,0
binary-value,24,D024,Alarm  ActiveFloor Module 6,FFF,F,F,0,1,1,Off,0,0
binary-value,25,D025,Enable ActiveFloor Module 7,FFF,F,F,0,1,1,Off,0,0
binary-value,26,D026,Lan connection failed AFM 7,FFF,F,F,0,1,1,Off,0,0
binary-value,27,D027,Regulation active AFM7,FFF,F,F,0,1,1,Off,0,0
binary-value,28,D028,Alarm  ActiveFloor Module 7,FFF,F,F,0,1,1,Off,0,0
binary-value,29,D029,Enable ActiveFloor Module 8,FFF,F,F,0,1,1,Off,0,0
binary-value,30,D030,Lan connection failed AFM 8,FFF,F,F,0,1,1,Off,0,0
binary-value,31,D031,Regulation active AFM8,FFF,F,F,0,1,1,Off,0,0
binary-value,32,D032,Alarm  ActiveFloor Module 8,FFF,F,F,0,1,1,Off,0,0
binary-value,33,D033,Enable ActiveFloor Module 9,FFF,F,F,0,1,1,Off,0,0
binary-value,34,D034,Lan connection failed AFM 9,FFF,F,F,0,1,1,Off,0,0
binary-value,35,D035,Regulation active AFM9,FFF,F,F,0,1,1,Off,0,0
binary-value,36,D036,Alarm  ActiveFloor Module 9,FFF,F,F,0,1,1,Off,0,0
binary-value,37,D037,Enable ActiveFloor Module 10,FFF,F,F,0,1,1,Off,0,0
binary-value,38,D038,Lan connection failed AFM 10,FFF,F,F,0,1,1,Off,0,0
binary-value,39,D039,Regulation active AFM10,FFF,F,F,0,1,1,Off,0,0
binary-value,40,D040,Alarm  ActiveFloor Module 10,FFF,F,F,0,1,1,Off,0,0
binary-value,41,D041,Enable ActiveFloor Module 11,FFF,F,F,0,1,1,Off,0,0
binary-value,42,D042,Lan connection failed AFM 11,FFF,F,F,0,1,1,Off,0,0
binary-value,43,D043,Regulation active AFM11,FFF,F,F,0,1,1,Off,0,0
binary-value,44,D044,Alarm  ActiveFloor Module 11,FFF,F,F,0,1,1,Off,0,0
binary-value,45,D045,Enable ActiveFloor Module 12,FFF,F,F,0,1,1,Off,0,0
binary-value,46,D046,Lan connection failed AFM 12,FFF,F,F,0,1,1,Off,0,0
binary-value,47,D047,Regulation active AFM12,FFF,F,F,0,1,1,Off,0,0
binary-value,48,D048,Alarm  ActiveFloor Module 12,FFF,F,F,0,1,1,Off,0,0
binary-value,49,D049,Enable ActiveFloor Module 13,FFF,F,F,0,1,1,Off,0,0
binary-value,50,D050,Lan connection failed AFM 13,FFF,F,F,0,1,1,Off,0,0
binary-value,51,D051,Regulation active AFM13,FFF,F,F,0,1,1,Off,0,0
binary-value,52,D052,Alarm  ActiveFloor Module 13,FFF,F,F,0,1,1,Off,0,0
binary-value,53,D053,Enable ActiveFloor Module 14,FFF,F,F,0,1,1,Off,0,0
binary-value,54,D054,Lan connection failed AFM 14,FFF,F,F,0,1,1,Off,0,0
binary-value,55,D055,Regulation active AFM14,FFF,F,F,0,1,1,Off,0,0
binary-value,56,D056,Alarm  ActiveFloor Module 14,FFF,F,F,0,1,1,Off,0,0
binary-value,57,D057,Enable ActiveFloor Module 15,FFF,F,F,0,1,1,Off,0,0
binary-value,58,D058,Lan connection failed AFM 15,FFF,F,F,0,1,1,Off,0,0
binary-value,59,D059,Regulation active AFM15,FFF,F,F,0,1,1,Off,0,0
binary-value,60,D060,Alarm  ActiveFloor Module 15,FFF,F,F,0,1,1,Off,0,0
binary-value,61,D061,Enable ActiveFloor Module 16,FFF,F,F,0,1,1,Off,0,0
binary-value,62,D062,Lan connection failed AFM 16,FFF,F,F,0,1,1,Off,0,0
binary-value,63,D063,Regulation active AFM16,FFF,F,F,0,1,1,Off,0,0
binary-value,64,D064,Alarm  ActiveFloor Module 16,FFF,F,F,0,1,1,Off,0,0
binary-value,65,D065,Enable ActiveFloor Module 17,FFF,F,F,0,1,1,Off,0,0
binary-value,66,D066,Lan connection failed AFM 17,FFF,F,F,0,1,1,Off,0,0
binary-value,67,D067,Regulation active AFM17,FFF,F,F,0,1,1,Off,0,0
binary-value,68,D068,Alarm  ActiveFloor Module 17,FFF,F,F,0,1,1,Off,0,0
binary-value,69,D069,Enable ActiveFloor Module 18,FFF,F,F,0,1,1,Off,0,0
binary-value,70,D070,Lan connection failed AFM 18,FFF,F,F,0,1,1,Off,0,0
binary-value,71,D071,Regulation active AFM18,FFF,F,F,0,1,1,Off,0,0
binary-value,72,D072,Alarm  ActiveFloor Module 18,FFF,F,F,0,1,1,Off,0,0
binary-value,73,D073,Enable ActiveFloor Module 19,FFF,F,F,0,1,1,Off,0,0
binary-value,74,D074,Lan connection failed AFM 19,FFF,F,F,0,1,Off,On,0,0
binary-value,75,D075,Regulation active AFM19,FFF,F,F,0,1,Off,On,0,0
binary-value,76,D076,Alarm  ActiveFloor Module 19,FFF,F,F,0,1,Off,On,0,0
binary-value,77,D077,Enable ActiveFloor Module 20,FFF,F,F,0,1,Off,On,0,0
binary-value,78,D078,Lan connection failed AFM 20,FFF,F,F,0,1,Off,On,0,0
binary-value,79,D079,Regulation active AFM20,FFF,F,F,0,1,Off,On,0,0
binary-value,80,D080,Alarm  ActiveFloor Module 20,FFF,F,F,0,1,Off,On,0,0
binary-value,81,D081,Enable ActiveFloor Module 21,FFF,F,F,0,1,Off,On,0,0
binary-value,82,D082,Lan connection failed AFM 21,FFF,F,F,0,1,Off,On,0,0
binary-value,83,D083,Regulation active AFM21,FFF,F,F,0,1,Off,On,0,0
binary-value,84,D084,Alarm  ActiveFloor Module 21,FFF,F,F,0,1,Off,On,0,0
binary-value,85,D085,Enable ActiveFloor Module 22,FFF,F,F,0,1,Off,On,0,0
binary-value,86,D086,Lan connection failed AFM 22,FFF,F,F,0,1,Off,On,0,0
binary-value,87,D087,Regulation active AFM22,FFF,F,F,0,1,Off,On,0,0
binary-value,88,D088,Alarm  ActiveFloor Module 22,FFF,F,F,0,1,Off,On,0,0
binary-value,89,D089,Enable ActiveFloor Module 23,FFF,F,F,0,1,Off,On,0,0
binary-value,90,D090,Lan connection failed AFM 23,FFF,F,F,0,1,Off,On,0,0
binary-value,91,D091,Regulation active AFM23,FFF,F,F,0,1,Off,On,0,0
binary-value,92,D092,Alarm  ActiveFloor Module 23,FFF,F,F,0,1,Off,On,0,0
binary-value,93,D093,Enable ActiveFloor Module 24,FFF,F,F,0,1,Off,On,0,0
binary-value,94,D094,Lan connection failed AFM 24,FFF,F,F,0,1,Off,On,0,0
binary-value,95,D095,Regulation active AFM24,FFF,F,F,0,1,Off,On,0,0
binary-value,96,D096,Alarm  ActiveFloor Module 24,FFF,F,F,0,1,Off,On,0,0
binary-value,97,D097,Enable ActiveFloor Module 25,FFF,F,F,0,1,Off,On,0,0
binary-value,98,D098,Lan connection failed AFM 25,FFF,F,F,0,1,Off,On,0,0
binary-value,99,D099,Regulation active AFM25,FFF,F,F,0,1,Off,On,0,0
binary-value,100,D0100,Alarm  ActiveFloor Module 25,FFF,F,F,0,1,Off,On,0,0
binary-value,101,D0101,Enable ActiveFloor Module 26,FFF,F,F,0,1,Off,On,0,0
binary-value,102,D0102,Lan connection failed AFM 26,FFF,F,F,0,1,Off,On,0,0
binary-value,103,D0103,Regulation active AFM26,FFF,F,F,0,1,Off,On,0,0
binary-value,104,D0104,Alarm  ActiveFloor Module 26,FFF,F,F,0,1,Off,On,0,0
binary-value,105,D0105,Enable ActiveFloor Module 27,FFF,F,F,0,1,Off,On,0,0
binary-value,106,D0106,Lan connection failed AFM 27,FFF,F,F,0,1,Off,On,0,0
binary-value,107,D0107,Regulation active AFM27,FFF,F,F,0,1,Off,On,0,0
binary-value,108,D0108,Alarm  ActiveFloor Module 27,FFF,F,F,0,1,Off,On,0,0
binary-value,109,D0109,Enable ActiveFloor Module 28,FFF,F,F,0,1,Off,On,0,0
binary-value,110,D0110,Lan connection failed AFM 28,FFF,F,F,0,1,Off,On,0,0
binary-value,111,D0111,Regulation active AFM28,FFF,F,F,0,1,Off,On,0,0
binary-value,112,D0112,Alarm  ActiveFloor Module 28,FFF,F,F,0,1,Off,On,0,0
binary-value,113,D0113,Enable ActiveFloor Module 29,FFF,F,F,0,1,Off,On,0,0
binary-value,114,D0114,Lan connection failed AFM 29,FFF,F,F,0,1,Off,On,0,0
binary-value,115,D0115,Regulation active AFM29,FFF,F,F,0,1,Off,On,0,0
binary-value,116,D0116,Alarm  ActiveFloor Module 29,FFF,F,F,0,1,Off,On,0,0
binary-value,117,D0117,Enable ActiveFloor Module 30,FFF,F,F,0,1,Off,On,0,0
binary-value,118,D0118,Lan connection failed AFM 30,FFF,F,F,0,1,Off,On,0,0
binary-value,119,D0119,Regulation active AFM30,FFF,F,F,0,1,Off,On,0,0
binary-value,120,D0120,Alarm  ActiveFloor Module 30,FFF,F,F,0,1,Off,On,0,0
binary-value,121,D0121,Buzzer and Alarm Unit Reset,FFF,F,F,0,1,Off,On,0,0
binary-value,122,D0122,System On (Fan) CDZ 1,FFF,F,F,0,1,Off,On,0,0
binary-value,123,D0123,System On (Fan) CDZ 2,FFF,F,F,0,1,Off,On,0,0
binary-value,124,D0124,System On (Fan) CDZ 3,FFF,F,F,0,1,Off,On,0,0
binary-value,125,D0125,System On (Fan) CDZ 4,FFF,F,F,0,1,Off,On,0,0
binary-value,126,D0126,System On (Fan) CDZ 5,FFF,F,F,0,1,Off,On,0,0
binary-value,127,D0127,System On (Fan) CDZ 6,FFF,F,F,0,1,Off,On,0,0
binary-value,128,D0128,System On (Fan) CDZ 7,FFF,F,F,0,1,Off,On,0,0
binary-value,129,D0129,System On (Fan) CDZ 8,FFF,F,F,0,1,Off,On,0,0
binary-value,130,D0130,System On (Fan) CDZ 9,FFF,F,F,0,1,Off,On,0,0
binary-value,131,D0131,System On (Fan) CDZ 10,FFF,F,F,0,1,Off,On,0,0
binary-value,132,D0132,General Alarm CDZ1,FFF,F,F,0,1,Off,On,0,0
binary-value,133,D0133,General Alarm CDZ2,FFF,F,F,0,1,Off,On,0,0
binary-value,134,D0134,General Alarm CDZ3,FFF,F,F,0,1,Off,On,0,0
binary-value,135,D0135,General Alarm CDZ4,FFF,F,F,0,1,Off,On,0,0
binary-value,136,D0136,General Alarm CDZ5,FFF,F,F,0,1,Off,On,0,0
binary-value,137,D0137,General Alarm CDZ6,FFF,F,F,0,1,Off,On,0,0
binary-value,138,D0138,General Alarm CDZ7,FFF,F,F,0,1,Off,On,0,0
binary-value,139,D0139,General Alarm CDZ8,FFF,F,F,0,1,Off,On,0,0
binary-value,140,D0140,General Alarm CDZ9,FFF,F,F,0,1,Off,On,0,0
binary-value,141,D0141,General Alarm CDZ10,FFF,F,F,0,1,Off,On,0,0
binary-value,142,D0142,DIGITAL VARIABLE 142,FFF,F,F,0,1,Off,On,0,0
binary-value,143,D0143,DIGITAL VARIABLE 143,FFF,F,F,0,1,Off,On,0,0
binary-value,144,D0144,DIGITAL VARIABLE 144,FFF,F,F,0,1,Off,On,0,0
binary-value,145,D0145,DIGITAL VARIABLE 145,FFF,F,F,0,1,Off,On,0,0
binary-value,146,D0146,DIGITAL VARIABLE 146,FFF,F,F,0,1,Off,On,0,0
binary-value,147,D0147,DIGITAL VARIABLE 147,FFF,F,F,0,1,Off,On,0,0
binary-value,148,D0148,DIGITAL VARIABLE 148,FFF,F,F,0,1,Off,On,0,0
binary-value,149,D0149,DIGITAL VARIABLE 149,FFF,F,F,0,1,Off,On,0,0
binary-value,150,D0150,DIGITAL VARIABLE 150,FFF,F,F,0,1,Off,On,0,0
binary-value,151,D0151,DIGITAL VARIABLE 151,FFF,F,F,0,1,Off,On,0,0
binary-value,152,D0152,DIGITAL VARIABLE 152,FFF,F,F,0,1,Off,On,0,0
binary-value,153,D0153,DIGITAL VARIABLE 153,FFF,F,F,0,1,Off,On,0,0
binary-value,154,D0154,DIGITAL VARIABLE 154,FFF,F,F,0,1,Off,On,0,0
binary-value,155,D0155,DIGITAL VARIABLE 155,FFF,F,F,0,1,Off,On,0,0
binary-value,156,D0156,DIGITAL VARIABLE 156,FFF,F,F,0,1,Off,On,0,0
binary-value,157,D0157,DIGITAL VARIABLE 157,FFF,F,F,0,1,Off,On,0,0
binary-value,158,D0158,DIGITAL VARIABLE 158,FFF,F,F,0,1,Off,On,0,0
binary-value,159,D0159,DIGITAL VARIABLE 159,FFF,F,F,0,1,Off,On,0,0
binary-value,160,D0160,DIGITAL VARIABLE 160,FFF,F,F,0,1,Off,On,0,0
binary-value,161,D0161,DIGITAL VARIABLE 161,FFF,F,F,0,1,Off,On,0,0
binary-value,162,D0162,DIGITAL VARIABLE 162,FFF,F,F,0,1,Off,On,0,0
binary-value,163,D0163,DIGITAL VARIABLE 163,FFF,F,F,0,1,Off,On,0,0
binary-value,164,D0164,DIGITAL VARIABLE 164,FFF,F,F,0,1,Off,On,0,0
binary-value,165,D0165,DIGITAL VARIABLE 165,FFF,F,F,0,1,Off,On,0,0
binary-value,166,D0166,DIGITAL VARIABLE 166,FFF,F,F,0,1,Off,On,0,0
binary-value,167,D0167,DIGITAL VARIABLE 167,FFF,F,F,0,1,Off,On,0,0
binary-value,168,D0168,DIGITAL VARIABLE 168,FFF,F,F,0,1,Off,On,0,0
binary-value,169,D0169,DIGITAL VARIABLE 169,FFF,F,F,0,1,Off,On,0,0
binary-value,170,D0170,DIGITAL VARIABLE 170,FFF,F,F,0,1,Off,On,0,0
binary-value,171,D0171,DIGITAL VARIABLE 171,FFF,F,F,0,1,Off,On,0,0
binary-value,172,D0172,DIGITAL VARIABLE 172,FFF,F,F,0,1,Off,On,0,0
binary-value,173,D0173,DIGITAL VARIABLE 173,FFF,F,F,0,1,Off,On,0,0
binary-value,174,D0174,DIGITAL VARIABLE 174,FFF,F,F,0,1,Off,On,0,0
binary-value,175,D0175,DIGITAL VARIABLE 175,FFF,F,F,0,1,Off,On,0,0
binary-value,176,D0176,DIGITAL VARIABLE 176,FFF,F,F,0,1,Off,On,0,0
binary-value,177,D0177,DIGITAL VARIABLE 177,FFF,F,F,0,1,Off,On,0,0
binary-value,178,D0178,DIGITAL VARIABLE 178,FFF,F,F,0,1,Off,On,0,0
binary-value,179,D0179,DIGITAL VARIABLE 179,FFF,F,F,0,1,Off,On,0,0
binary-value,180,D0180,DIGITAL VARIABLE 180,FFF,F,F,0,1,Off,On,0,0
binary-value,181,D0181,DIGITAL VARIABLE 181,FFF,F,F,0,1,Off,On,0,0
binary-value,182,D0182,DIGITAL VARIABLE 182,FFF,F,F,0,1,Off,On,0,0
binary-value,183,D0183,DIGITAL VARIABLE 183,FFF,F,F,0,1,Off,On,0,0
binary-value,184,D0184,DIGITAL VARIABLE 184,FFF,F,F,0,1,Off,On,0,0
binary-value,185,D0185,DIGITAL VARIABLE 185,FFF,F,F,0,1,Off,On,0,0
binary-value,186,D0186,DIGITAL VARIABLE 186,FFF,F,F,0,1,Off,On,0,0
binary-value,187,D0187,DIGITAL VARIABLE 187,FFF,F,F,0,1,Off,On,0,0
binary-value,188,D0188,DIGITAL VARIABLE 188,FFF,F,F,0,1,Off,On,0,0
binary-value,189,D0189,DIGITAL VARIABLE 189,FFF,F,F,0,1,Off,On,0,0
binary-value,190,D0190,DIGITAL VARIABLE 190,FFF,F,F,0,1,Off,On,0,0
binary-value,191,D0191,DIGITAL VARIABLE 191,FFF,F,F,0,1,Off,On,0,0
binary-value,192,D0192,DIGITAL VARIABLE 192,FFF,F,F,0,1,Off,On,0,0
binary-value,193,D0193,DIGITAL VARIABLE 193,FFF,F,F,0,1,Off,On,0,0
binary-value,194,D0194,DIGITAL VARIABLE 194,FFF,F,F,0,1,Off,On,0,0
binary-value,195,D0195,DIGITAL VARIABLE 195,FFF,F,F,0,1,Off,On,0,0
binary-value,196,D0196,DIGITAL VARIABLE 196,FFF,F,F,0,1,Off,On,0,0
binary-value,197,D0197,DIGITAL VARIABLE 197,FFF,F,F,0,1,Off,On,0,0
binary-value,198,D0198,DIGITAL VARIABLE 198,FFF,F,F,0,1,Off,On,0,0
binary-value,199,D0199,DIGITAL VARIABLE 199,FFF,F,F,0,1,Off,On,0,0
binary-value,200,D0200,DIGITAL VARIABLE 200,FFF,F,F,0,1,Off,On,0,0
binary-value,201,D0201,DIGITAL VARIABLE 201,FFF,F,F,0,1,Off,On,0,0
binary-value,202,D0202,DIGITAL VARIABLE 202,FFF,F,F,0,1,Off,On,0,0
binary-value,203,D0203,DIGITAL VARIABLE 203,FFF,F,F,0,1,Off,On,0,0
binary-value,204,D0204,DIGITAL VARIABLE 204,FFF,F,F,0,1,Off,On,0,0
binary-value,205,D0205,DIGITAL VARIABLE 205,FFF,F,F,0,1,Off,On,0,0
binary-value,206,D0206,DIGITAL VARIABLE 206,FFF,F,F,0,1,Off,On,0,0
binary-value,207,D0207,DIGITAL VARIABLE 207,FFF,F,F,0,1,Off,On,0,0
