; Device 77000
Object_Type,Object_Instance,Object_Name,Description,Event_Enable,Issue_Confirmed_Notifications,Ack_Required,Time_Delay,Notification_Class,Priority,Units,Limit_Enable,High_Limit,Low_Limit,Deadband,COV_Increment;
analog-value,1,A001,Room Temperature,FFF,F,F,0,0,1,degrees-celsius,FF,0.000000,0.000000,0.000000,0.000000;
analog-value,2,A002,Outdoor Temperature,FFF,F,F,0,0,1,degrees-celsius,FF,0.000000,0.000000,0.000000,0.000000;
analog-value,3,A003,Delivery Air Temperature,FFF,F,F,0,0,1,degrees-celsius,FF,0.000000,0.000000,0.000000,0.000000;
analog-value,4,A004,Chilled Water Temperature (circ.1),FFF,F,F,0,0,1,degrees-celsius,FF,0.000000,0.000000,0.000000,0.000000;
analog-value,5,A005,Hot Water Temperature,FFF,F,F,0,0,1,degrees-celsius,FF,0.000000,0.000000,0.000000,0.000000;
analog-value,6,A006,Room Relative Humidity,FFF,F,F,0,0,1,degrees-celsius,FF,0.000000,0.000000,0.000000,0.000000;
analog-value,7,A007,Outlet Chilled Water Temperature ,FFF,F,F,0,0,1,bars,FF,0.000000,0.000000,0.000000,0.000000;
analog-value,8,A008,Circuit 1 Evaporating Pressure,FFF,F,F,0,0,1,bars,FF,0.000000,0.000000,0.000000,0.000000;
analog-value,9,A009,Circuit 2 Evaporating Pressure,FFF,F,F,0,0,1,bars,FF,0.000000,0.000000,0.000000,0.000000;
analog-value,10,A010,Circuit 1 Suction Temperature,FFF,F,F,0,0,1,bars,FF,0.000000,0.000000,0.000000,0.000000;
analog-value,11,A011,Circuit 2 Suction Temperature,FFF,F,F,0,0,1,degrees-celsius,FF,0.000000,0.000000,0.000000,0.000000;
analog-value,12,A012,Circuit 1 Evaporating Temperature,FFF,F,F,0,0,1,degrees-celsius,FF,0.000000,0.000000,0.000000,0.000000;
analog-value,13,A013,Circuit 2 Evaporating Temperature,FFF,F,F,0,0,1,degrees-celsius,FF,0.000000,0.000000,0.000000,0.000000;
analog-value,14,A014,Circuit 1 Superheat,FFF,F,F,0,0,1,degrees-celsius,FF,0.000000,0.000000,0.000000,0.000000;
analog-value,15,A015,Circuit 2 Superheat,FFF,F,F,0,0,1,percent,FF,0.000000,0.000000,0.000000,0.000000;
analog-value,16,A016,Cold Water Valve Ramp (circ.1),FFF,F,F,0,0,1,degrees-celsius,FF,0.000000,0.000000,0.000000,0.000000;
analog-value,17,A017,Hot Water Valve Ramp,FFF,F,F,0,0,1,degrees-celsius,FF,0.000000,0.000000,0.000000,0.000000;
analog-value,18,A018,Evaporating Fan Speed,FFF,F,F,0,0,1,degrees-celsius,FF,0.000000,0.000000,0.000000,0.000000;
analog-value,19,A019,Not used,FFF,F,F,0,0,1,degrees-celsius,FF,0.000000,0.000000,0.000000,0.000000;
analog-value,20,A020,Cooling SetPoint,FFF,F,F,0,0,1,degrees-celsius,FF,0.000000,0.000000,0.000000,0.000000;
analog-value,21,A021,Cooling Sensitivity,FFF,F,F,0,0,1,degrees-celsius,FF,0.000000,0.000000,0.000000,0.000000;
analog-value,22,A022,Second Cooling Setpoint,FFF,F,F,0,0,1,degrees-celsius,FF,0.000000,0.000000,0.000000,0.000000;
analog-value,23,A023,Heating Setpoint,FFF,F,F,0,0,1,degrees-celsius,FF,0.000000,0.000000,0.000000,0.000000;
analog-value,24,A024,Second Heating setpoint,FFF,F,F,0,0,1,degrees-celsius,FF,0.000000,0.000000,0.000000,0.000000;
analog-value,25,A025,Heating Sensitivity,FFF,F,F,0,0,1,degrees-celsius,FF,0.000000,0.000000,0.000000,0.000000;
analog-value,26,A026,High Room Temperature Alarm Threshold,FFF,F,F,0,0,1,degrees-celsius,FF,0.000000,0.000000,0.000000,0.000000;
analog-value,27,A027,Low Room Temperature Alarm Threshold,FFF,F,F,0,0,1,degrees-celsius,FF,0.000000,0.000000,0.000000,0.000000;
analog-value,28,A028,Setback Mode: Cooling Setpoint,FFF,F,F,0,0,1,degrees-celsius,FF,0.000000,0.000000,0.000000,0.000000;
analog-value,29,A029,Setback Mode: Heating Setpoint,FFF,F,F,0,0,1,degrees-celsius,FF,0.000000,0.000000,0.000000,0.000000;
analog-value,30,A030,CW Setpoint to Start Dehumidification,FFF,F,F,0,0,1,degrees-celsius,FF,0.000000,0.000000,0.000000,0.000000;
analog-value,31,A031,CW High Temperature Alarm Threshold (c.1),FFF,F,F,0,0,1,degrees-celsius,FF,0.000000,0.000000,0.000000,0.000000;
analog-value,32,A032,CW Setpoint to start CW Operating Mode (Only TC Units),FFF,F,F,0,0,1,degrees-celsius,FF,0.000000,0.000000,0.000000,0.000000;
analog-value,33,A033,Radcooler Setpoint in Energy Saving Mode,FFF,F,F,0,0,1,degrees-celsius,FF,0.000000,0.000000,0.000000,0.000000;
analog-value,34,A034,Radcooler Setpoint in DX Mode,FFF,F,F,0,0,1,degrees-celsius,FF,0.000000,0.000000,0.000000,0.000000;
analog-value,35,A035,Delivery Temperature Low Limit Setpoint(1),FFF,F,F,0,0,1,degrees-celsius,FF,0.000000,0.000000,0.000000,0.000000;
analog-value,36,A036,Delta Temperature for Automatic Mean/Local Changeover,FFF,F,F,0,0,1,degrees-celsius,FF,0.000000,0.000000,0.000000,0.000000;
analog-value,37,A037,Reserved,FFF,F,F,0,0,1,degrees-celsius,FF,0.000000,0.000000,0.000000,0.000000;
analog-value,50,A050,LAN Unit 2 Room Temperature,FFF,F,F,0,0,1,degrees-celsius,FF,0.000000,0.000000,0.000000,0.000000;
analog-value,51,A051,LAN Unit 3 Room Temperature,FFF,F,F,0,0,1,degrees-celsius,FF,0.000000,0.000000,0.000000,0.000000;
analog-value,52,A052,LAN Unit 4 Room Temperature,FFF,F,F,0,0,1,degrees-celsius,FF,0.000000,0.000000,0.000000,0.000000;
analog-value,53,A053,LAN Unit 5 Room Temperature,FFF,F,F,0,0,1,degrees-celsius,FF,0.000000,0.000000,0.000000,0.000000;
analog-value,54,A054,LAN Unit 6 Room Temperature,FFF,F,F,0,0,1,degrees-celsius,FF,0.000000,0.000000,0.000000,0.000000;
analog-value,55,A055,LAN Unit 7 Room Temperature,FFF,F,F,0,0,1,degrees-celsius,FF,0.000000,0.000000,0.000000,0.000000;
analog-value,56,A056,LAN Unit 8 Room Temperature,FFF,F,F,0,0,1,degrees-celsius,FF,0.000000,0.000000,0.000000,0.000000;
analog-value,57,A057,LAN Unit 9 Room Temperature,FFF,F,F,0,0,1,degrees-celsius,FF,0.000000,0.000000,0.000000,0.000000;
analog-value,58,A058,LAN Unit 10 Room Temperature,FFF,F,F,0,0,1,degrees-celsius,FF,0.000000,0.000000,0.000000,0.000000;
analog-value,59,A059,Not used,FFF,F,F,0,0,1,degrees-celsius,FF,0.000000,0.000000,0.000000,0.000000;
analog-value,60,A060,LAN Unit 2 Room Humidity,FFF,F,F,0,0,1,rH%,FF,0.000000,0.000000,0.000000,0.000000;
analog-value,61,A061,LAN Unit 3 Room Humidity,FFF,F,F,0,0,1,rH%,FF,0.000000,0.000000,0.000000,0.000000;
analog-value,62,A062,LAN Unit 4 Room Humidity,FFF,F,F,0,0,1,rH%,FF,0.000000,0.000000,0.000000,0.000000;
analog-value,63,A063,LAN Unit 5 Room Humidity,FFF,F,F,0,0,1,rH%,FF,0.000000,0.000000,0.000000,0.000000;
analog-value,64,A064,LAN Unit 6 Room Humidity,FFF,F,F,0,0,1,rH%,FF,0.000000,0.000000,0.000000,0.000000;
analog-value,65,A065,LAN Unit 7 Room Humidity,FFF,F,F,0,0,1,rH%,FF,0.000000,0.000000,0.000000,0.000000;
analog-value,66,A066,LAN Unit 8 Room Humidity,FFF,F,F,0,0,1,rH%,FF,0.000000,0.000000,0.000000,0.000000;
analog-value,67,A067,LAN Unit 9 Room Humidity,FFF,F,F,0,0,1,rH%,FF,0.000000,0.000000,0.000000,0.000000;
analog-value,68,A068,LAN Unit 10 Room Humidity,FFF,F,F,0,0,1,rH%,FF,0.000000,0.000000,0.000000,0.000000;
analog-value,69,A069,AFPS: Air Pressure,FFF,F,F,0,0,1,Pa,FF,0.000000,0.000000,0.000000,0.000000;
analog-value,70,A070,AFPS: Setpoint,FFF,F,F,0,0,1,Pa,FF,0.000000,0.000000,0.000000,0.000000;
analog-value,71,A071,AFPS: Dead Band,FFF,F,F,0,0,1,Pa,FF,0.000000,0.000000,0.000000,0.000000;
analog-value,72,A072,AFPS: Regulation Band,FFF,F,F,0,0,1,Pa,FF,0.000000,0.000000,0.000000,0.000000;
analog-value,73,A073,AFPS: Alarm Threshold,FFF,F,F,0,0,1,Pa,FF,0.000000,0.000000,0.000000,0.000000;
analog-value,74,A074,Compensation: Room Temperature (T1),FFF,F,F,0,0,1,degrees-celsius,FF,0.000000,0.000000,0.000000,0.000000;
analog-value,75,A075,Compensation: Setpoint 2 (SP2),FFF,F,F,0,0,1,degrees-celsius,FF,0.000000,0.000000,0.000000,0.000000;
analog-value,76,A076,Compensation: Room Temperature (T2),FFF,F,F,0,0,1,degrees-celsius,FF,0.000000,0.000000,0.000000,0.000000;
analog-value,77,A077,Cold Water Valve Ramp (circ.2),FFF,F,F,0,0,1,degrees-celsius,FF,0.000000,0.000000,0.000000,0.000000;
analog-value,78,A078,CW High Temperature Alarm Threshold (c.2),FFF,F,F,0,0,1,degrees-celsius,FF,0.000000,0.000000,0.000000,0.000000;
analog-value,79,A079,Humidifier 0-10V Ramp,FFF,F,F,0,0,1,%,FF,0.000000,0.000000,0.000000,0.000000;
analog-value,80,A080,Chilled Water Temperature (circ.2),FFF,F,F,0,0,1,degrees-celsius,FF,0.000000,0.000000,0.000000,0.000000;
analog-value,81,A081,Room Temperature Mean Value,FFF,F,F,0,0,1,degrees-celsius,FF,0.000000,0.000000,0.000000,0.000000;
analog-value,82,A082,Room Relative Humidity Mean Value,FFF,F,F,0,0,1,rH%,FF,0.000000,0.000000,0.000000,0.000000;
analog-value,83,A083,Room Absolute Humidity,FFF,F,F,0,0,1,g/Kg,FF,0.000000,0.000000,0.000000,0.000000;
analog-value,84,A084,Dehumidification Setpoint,FFF,F,F,0,0,1,g/Kg,FF,0.000000,0.000000,0.000000,0.000000;
analog-value,85,A085,Dehumidification Prop.Band,FFF,F,F,0,0,1,g/Kg,FF,0.000000,0.000000,0.000000,0.000000;
analog-value,86,A086,Setback  Mode: Dehumidification Setpoint,FFF,F,F,0,0,1,g/Kg,FF,0.000000,0.000000,0.000000,0.000000;
analog-value,87,A087,High Humidity Alarm Threshold,FFF,F,F,0,0,1,g/Kg,FF,0.000000,0.000000,0.000000,0.000000;
analog-value,88,A088,Humidification Setpoint,FFF,F,F,0,0,1,g/Kg,FF,0.000000,0.000000,0.000000,0.000000;
analog-value,89,A089,Humidification Prop.Band,FFF,F,F,0,0,1,g/Kg,FF,0.000000,0.000000,0.000000,0.000000;
analog-value,90,A090,Setback  Mode: Humidification Setpoint,FFF,F,F,0,0,1,g/Kg,FF,0.000000,0.000000,0.000000,0.000000;
analog-value,91,A091,Low Humidity Alarm Threshold,FFF,F,F,0,0,1,g/Kg,FF,0.000000,0.000000,0.000000,0.000000;
analog-value,92,A092,Condensing Pressure (Circuit 1),FFF,F,F,0,0,1,bar,FF,0.000000,0.000000,0.000000,0.000000;
analog-value,93,A093,Condensing Pressure Circuit 2,FFF,F,F,0,0,1,bar,FF,0.000000,0.000000,0.000000,0.000000;
analog-value,94,A094,Condensing Temperature (Circuit 1),FFF,F,F,0,0,1,degrees-celsius,FF,0.000000,0.000000,0.000000,0.000000;
analog-value,95,A095,Condensing Temperature (Circuit 2),FFF,F,F,0,0,1,degrees-celsius,FF,0.000000,0.000000,0.000000,0.000000;
Object_Type,Object_Instance,Object_Name,Description,Event_Enable,Issue_Confirmed_Notifications,Ack_Required,Time_Delay,Notification_Class,Priority,Units,Limit_Enable,High_Limit,Low_Limit,Deadband,COV_Increment;
analog-value,1001,I001,Air Filter Run Hours ,FFF,F,F,0,0,1,no-units,FF,0.000000,0.000000,0.000000,0.000000;
analog-value,1002,I002,Unit Run Hours,FFF,F,F,0,0,1,hours,FF,0.000000,0.000000,0.000000,0.000000;
analog-value,1003,I003,Compressor 1 Run Hours,FFF,F,F,0,0,1,hours,FF,0.000000,0.000000,0.000000,0.000000;
analog-value,1004,I004,Compressor 2 Run Hours,FFF,F,F,0,0,1,hours,FF,0.000000,0.000000,0.000000,0.000000;
analog-value,1005,I005,Compressor 3 Run Hours,FFF,F,F,0,0,1,hours,FF,0.000000,0.000000,0.000000,0.000000;
analog-value,1006,I006,Compressor 4 Run Hours,FFF,F,F,0,0,1,hours,FF,0.000000,0.000000,0.000000,0.000000;
analog-value,1007,I007,Heater 1 Run Hours,FFF,F,F,0,0,1,hours,FF,0.000000,0.000000,0.000000,0.000000;
analog-value,1008,I008,Heater 2 Run Hours,FFF,F,F,0,0,1,hours,FF,0.000000,0.000000,0.000000,0.000000;
analog-value,1009,I009,Humidifier Run Hours,FFF,F,F,0,0,1,hours,FF,0.000000,0.000000,0.000000,0.000000;
analog-value,1010,I010,Not used,FFF,F,F,0,0,1,hours,FF,0.000000,0.000000,0.000000,0.000000;
analog-value,1011,I011,Not used,FFF,F,F,0,0,1,hours,FF,0.000000,0.000000,0.000000,0.000000;
analog-value,1012,I012,Dehumidification Prop.Band,FFF,F,F,0,0,1,rH%,FF,0.000000,0.000000,0.000000,0.000000;
analog-value,1013,I013,Humidification Prop.Band,FFF,F,F,0,0,1,rH%,FF,0.000000,0.000000,0.000000,0.000000;
analog-value,1014,I014,High Humidity Alarm Threshold,FFF,F,F,0,0,1,rH%,FF,0.000000,0.000000,0.000000,0.000000;
analog-value,1015,I015,Low Humidity Alarm Threshold,FFF,F,F,0,0,1,rH%,FF,0.000000,0.000000,0.000000,0.000000;
analog-value,1016,I016,Dehumidification Setpoint,FFF,F,F,0,0,1,rH%,FF,0.000000,0.000000,0.000000,0.000000;
analog-value,1017,I017,Setback  Mode: Dehumidification Setpoint,FFF,F,F,0,0,1,rH%,FF,0.000000,0.000000,0.000000,0.000000;
analog-value,1018,I018,Humidification Setpoint,FFF,F,F,0,0,1,rH%,FF,0.000000,0.000000,0.000000,0.000000;
analog-value,1019,I019,Setback  Mode: Humidification Setpoint,FFF,F,F,0,0,1,rH%,FF,0.000000,0.000000,0.000000,0.000000;
analog-value,1020,I020,Restart Delay,FFF,F,F,0,0,1,seconds,FF,0.000000,0.000000,0.000000,0.000000;
analog-value,1021,I021,Regulation Start Transitory,FFF,F,F,0,0,1,sec,FF,0.000000,0.000000,0.000000,0.000000;
analog-value,1022,I022,Low Pressure Delay,FFF,F,F,0,0,1,sec,FF,0.000000,0.000000,0.000000,0.000000;
analog-value,1023,I023,Temp./Humid.Limits Alarm Delay,FFF,F,F,0,0,1,min,FF,0.000000,0.000000,0.000000,0.000000;
analog-value,1024,I024,Anti-Hunting Constant,FFF,F,F,0,0,1,min,FF,0.000000,0.000000,0.000000,0.000000;
analog-value,1025,I025,Stand-by Cycle Base Time,FFF,F,F,0,0,1,hours,FF,0.000000,0.000000,0.000000,0.000000;
analog-value,1026,I026,Not used,FFF,F,F,0,0,1,no-units,FF,0.000000,0.000000,0.000000,0.000000;
analog-value,1027,I027,Number of LAN Units,FFF,F,F,0,0,1,n,FF,0.000000,0.000000,0.000000,0.000000;
analog-value,1028,I028,Fan: Cicle Time (Sleep mode),FFF,F,F,0,0,1,min,FF,0.000000,0.000000,0.000000,0.000000;
analog-value,1029,I029,Circuit 1 Electronic Valve Position,FFF,F,F,0,0,1,step,FF,0.000000,0.000000,0.000000,0.000000;
analog-value,1030,I030,Circuit 2 Electronic Valve Position,FFF,F,F,0,0,1,step,FF,0.000000,0.000000,0.000000,0.000000;
analog-value,1031,I031,AFPS: Integral time,FFF,F,F,0,0,1,seconds,FF,0.000000,0.000000,0.000000,0.000000;
analog-value,1032,I032,AFPS: Derivative Time,FFF,F,F,0,0,1,seconds,FF,0.000000,0.000000,0.000000,0.000000;
analog-value,1033,I033,AFPS: Fan Min. Speed (mode CW),FFF,F,F,0,0,1,%,FF,0.000000,0.000000,0.000000,0.000000;
analog-value,1034,I034,AFPS: Fan Max Speed ,FFF,F,F,0,0,1,%,FF,0.000000,0.000000,0.000000,0.000000;
analog-value,1035,I035,AFPS: Alarm Delay,FFF,F,F,0,0,1,seconds,FF,0.000000,0.000000,0.000000,0.000000;
analog-value,1036,I036,High Delivery Temp. Alarm Threshold,FFF,F,F,0,0,1,degrees-celsius,FF,0.000000,0.000000,0.000000,0.000000;
analog-value,1037,I037,Day,FFF,F,F,0,0,1,n,FF,0.000000,0.000000,0.000000,0.000000;
analog-value,1038,I038,Month,FFF,F,F,0,0,1,n,FF,0.000000,0.000000,0.000000,0.000000;
analog-value,1039,I039,Year,FFF,F,F,0,0,1,n,FF,0.000000,0.000000,0.000000,0.000000;
analog-value,1040,I040,Reserved,FFF,F,F,0,0,1,n,FF,0.000000,0.000000,0.000000,0.000000;
analog-value,1041,I041,Reserved,FFF,F,F,0,0,1,n,FF,0.000000,0.000000,0.000000,0.000000;
analog-value,1042,I042,Hour,FFF,F,F,0,0,1,hours,FF,0.000000,0.000000,0.000000,0.000000;
analog-value,1043,I043,Minute,FFF,F,F,0,0,1,minutes,FF,0.000000,0.000000,0.000000,0.000000;
analog-value,1044,I044,AFPS: Fan Min. Speed (mode DX),FFF,F,F,0,0,1,%,FF,0.000000,0.000000,0.000000,0.000000;
analog-value,1045,I045,Reserved,FFF,F,F,0,0,1,no-units,FF,0.000000,0.000000,0.000000,0.000000;
analog-value,1046,I046,Reserved,FFF,F,F,0,0,1,no-units,FF,0.000000,0.000000,0.000000,0.000000;
analog-value,1047,I047,Reserved,FFF,F,F,0,0,1,no-units,FF,0.000000,0.000000,0.000000,0.000000;
analog-value,1048,I048,MODE CW+DX Run Hours,FFF,F,F,0,0,1,hours,FF,0.000000,0.000000,0.000000,0.000000;
analog-value,1049,I049,MODE DX Run Hours,FFF,F,F,0,0,1,hours,FF,0.000000,0.000000,0.000000,0.000000;
analog-value,1050,I050,MODE CW Run Hours,FFF,F,F,0,0,1,hours,FF,0.000000,0.000000,0.000000,0.000000;
analog-value,1051,I051,Dehumidification Run Hours,FFF,F,F,0,0,1,hours,FF,0.000000,0.000000,0.000000,0.000000;
analog-value,1052,I052,Stand-By Mode Run Hours,FFF,F,F,0,0,1,hours,FF,0.000000,0.000000,0.000000,0.000000;
analog-value,1053,I053,Ultracapacitor Status (UCAP),FFF,F,F,0,0,1,no-units,FF,0.000000,0.000000,0.000000,0.000000;
analog-value,1054,I054,UCAP Charge Time,FFF,F,F,0,0,1,seconds,FF,0.000000,0.000000,0.000000,0.000000;
analog-value,1054,I054,Power Supply Fail.(UCAP on working) Time,FFF,F,F,0,0,1,seconds,FF,0.000000,0.000000,0.000000,0.000000;
analog-value,1055,I055,UCAP Charge Time,FFF,F,F,0,0,1,seconds,FF,0.000000,0.000000,0.000000,0.000000;
analog-value,1056,I056,Unit Serial Number part 1,FFF,F,F,0,0,1,no-units,FF,0.000000,0.000000,0.000000,0.000000;
analog-value,1057,I057,Unit Serial Number part 2,FFF,F,F,0,0,1,no-units,FF,0.000000,0.000000,0.000000,0.000000;
analog-value,1058,I058,Unit Serial Number part 3,FFF,F,F,0,0,1,no-units,FF,0.000000,0.000000,0.000000,0.000000;
analog-value,1059,I059,Energy Saving Status,FFF,F,F,0,0,1,no-units,FF,0.000000,0.000000,0.000000,0.000000;
Object_Type,Object_Instance,Object_Name,Description,Event_Enable,Issue_Confirmed_Notifications,Ack_Required,Time_Delay,Notification_Class,Priority,Inactive_Text,Active_Text,Alarm_Value;
binary-value,1,D001,System On,FFF,F,F,0,0,1,Off,On,0;
binary-value,2,D002,Compressor 1,FFF,F,F,0,0,1,Off,On,0;
binary-value,3,D003,Compressor 2,FFF,F,F,0,0,1,Off,On,0;
binary-value,4,D004,Compressor 3,FFF,F,F,0,0,1,Off,On,0;
binary-value,5,D005,Compressor 4,FFF,F,F,0,0,1,Off,On,0;
binary-value,6,D006,El. Heater 1,FFF,F,F,0,0,1,Off,On,0;
binary-value,7,D007,El. Heater 2,FFF,F,F,0,0,1,Off,On,0;
binary-value,8,D008,Not used,FFF,F,F,0,0,1,Off,On,0;
binary-value,9,D009,Hot gas ON,FFF,F,F,0,0,1,Off,On,0;
binary-value,10,D010,Dehumidification,FFF,F,F,0,0,1,Off,On,0;
binary-value,11,D011,Humidification,FFF,F,F,0,0,1,Off,On,0;
binary-value,12,D012,Emergency Working,FFF,F,F,0,0,1,Off,On,0;
binary-value,13,D013,Reserved,FFF,F,F,0,0,1,Off,On,0;
binary-value,14,D014,Reserved,FFF,F,F,0,0,1,Off,On,0;
binary-value,15,D015,Reserved,FFF,F,F,0,0,1,Off,On,0;
binary-value,16,D016,Reserved,FFF,F,F,0,0,1,Off,On,0;
binary-value,17,D017,Reserved,FFF,F,F,0,0,1,Off,On,0;
binary-value,18,D018,Reserved,FFF,F,F,0,0,1,Off,On,0;
binary-value,19,D019,Reserved,FFF,F,F,0,0,1,Off,On,0;
binary-value,20,D020,Wrong Password Alarm,FFF,F,F,0,0,1,Off,On,0;
binary-value,21,D021,High Room Temperature Alarm,FFF,F,F,0,0,1,Off,On,0;
binary-value,22,D022,Low Room Temperature Alarm,FFF,F,F,0,0,1,Off,On,0;
binary-value,23,D023,High Room Humidity Alarm,FFF,F,F,0,0,1,Off,On,0;
binary-value,24,D024,Low Room Humidity Alarm,FFF,F,F,0,0,1,Off,On,0;
binary-value,25,D025,Room Temp. And Humidity Limits by External Sensors,FFF,F,F,0,0,1,Off,On,0;
binary-value,26,D026,Clogged Filter Alarm,FFF,F,F,0,0,1,Off,On,0;
binary-value,27,D027,Flooding Alarm,FFF,F,F,0,0,1,Off,On,0;
binary-value,28,D028,Loss of Air Flow Alarm,FFF,F,F,0,0,1,Off,On,0;
binary-value,29,D029,Heater Overheating Alarm,FFF,F,F,0,0,1,Off,On,0;
binary-value,30,D030,Circuit 1 High Pressure Alarm,FFF,F,F,0,0,1,Off,On,0;
binary-value,31,D031,Circuit 2 High Pressure Alarm,FFF,F,F,0,0,1,Off,On,0;
binary-value,32,D032,Circuit 1 Low Pressure Alarm,FFF,F,F,0,0,1,Off,On,0;
binary-value,33,D033,Circuit 2 Low Pressure Alarm,FFF,F,F,0,0,1,Off,On,0;
binary-value,34,D034,Circuit 1 Electronic Valve Failure,FFF,F,F,0,0,1,Off,On,0;
binary-value,35,D035,Circuit 2 Electronic Valve Failure,FFF,F,F,0,0,1,Off,On,0;
binary-value,36,D036,Wrong Phase Sequence Alarm,FFF,F,F,0,0,1,Off,On,0;
binary-value,37,D037,Smoke-Fire Alarm,FFF,F,F,0,0,1,Off,On,0;
binary-value,38,D038,Interrupted LAN Alarm,FFF,F,F,0,0,1,Off,On,0;
binary-value,39,D039,Humidifier: High Current Alarm,FFF,F,F,0,0,1,Off,On,0;
binary-value,40,D040,Humidifier: Low Current Alarm,FFF,F,F,0,0,1,Off,On,0;
binary-value,41,D041,Humidifier: Water Loss Alarm,FFF,F,F,0,0,1,Off,On,0;
binary-value,42,D042,CW Temperature too High for Dehumidification (circ.1),FFF,F,F,0,0,1,Off,On,0;
binary-value,43,D043,CW Valve Failure or Water Flow too Low,FFF,F,F,0,0,1,Off,On,0;
binary-value,44,D044,Loss of Water Flow Alarm,FFF,F,F,0,0,1,Off,On,0;
binary-value,45,D045,High Chilled Water Temperature Alarm (circ.1),FFF,F,F,0,0,1,Off,On,0;
binary-value,46,D046,Room Air Sensor Failed/Disconnected,FFF,F,F,0,0,1,Off,On,0;
binary-value,47,D047,Hot Water Temp. Sensor Failed/Disconnected,FFF,F,F,0,0,1,Off,On,0;
binary-value,48,D048,Chilled Water Temp. Sensor (c.1) Failed/Disconnected,FFF,F,F,0,0,1,Off,On,0;
binary-value,49,D049,Outdoor Temperature Sensor Failed/Disconnected,FFF,F,F,0,0,1,Off,On,0;
binary-value,50,D050,Delivery Air Temp. Sensor Failed/Disconnected,FFF,F,F,0,0,1,Off,On,0;
binary-value,51,D051,Room Humidity Sensor Failed/Disconnected,FFF,F,F,0,0,1,Off,On,0;
binary-value,52,D052,Chilled Water Outlet Temp.Sensor (circ.1) Failed/Disconnected,FFF,F,F,0,0,1,Off,On,0;
binary-value,53,D053,Compressor 1: hour counter threshold Alarm,FFF,F,F,0,0,1,Off,On,0;
binary-value,54,D054,Compressor 2: hour counter threshold Alarm,FFF,F,F,0,0,1,Off,On,0;
binary-value,55,D055,Compressor 3: hour counter threshold Alarm,FFF,F,F,0,0,1,Off,On,0;
binary-value,56,D056,Compressor 4: hour counter threshold Alarm,FFF,F,F,0,0,1,Off,On,0;
binary-value,57,D057,Air filter: hour counter threshold Alarm,FFF,F,F,0,0,1,Off,On,0;
binary-value,58,D058,Heater 1: hour counter threshold Alarm,FFF,F,F,0,0,1,Off,On,0;
binary-value,59,D059,Heater 2: hour counter threshold Alarm,FFF,F,F,0,0,1,Off,On,0;
binary-value,60,D060,Humidifier: hour counter threshold Alarm,FFF,F,F,0,0,1,Off,On,0;
binary-value,61,D061,Air conditioning unit: hour counter threshold Alarm,FFF,F,F,0,0,1,Off,On,0;
binary-value,62,D062,Alarm by Digital Input 2,FFF,F,F,0,0,1,Off,On,0;
binary-value,63,D063,Alarm by Digital Input 4,FFF,F,F,0,0,1,Off,On,0;
binary-value,64,D064,Alarm by Digital Input 6 ,FFF,F,F,0,0,1,Off,On,0;
binary-value,65,D065,Humidifier General Alarm,FFF,F,F,0,0,1,Off,On,0;
binary-value,66,D066,Unit on Alarm,FFF,F,F,0,0,1,Off,On,0;
binary-value,67,D067,Unit on Rotation Alarm,FFF,F,F,0,0,1,Off,On,0;
binary-value,68,D068,Unit on Alarm Type A,FFF,F,F,0,0,1,Off,On,0;
binary-value,69,D069,Unit on Alarm Type B,FFF,F,F,0,0,1,Off,On,0;
binary-value,70,D070,Unit on Alarm Type C,FFF,F,F,0,0,1,Off,On,0;
binary-value,71,D071,DX/CW Switch on TC Units,FFF,F,F,0,0,1,Off,On,0;
binary-value,72,D072,Summer/Winter Switch,FFF,F,F,0,0,1,Off,On,0;
binary-value,73,D073,Not used,FFF,F,F,0,0,1,Off,On,0;
binary-value,74,D074,Not used,FFF,F,F,0,0,1,Off,On,0;
binary-value,75,D075,Unit ON/OFF Switch,FFF,F,F,0,0,1,Off,On,0;
binary-value,76,D076,Buzzer and Alarm Unit Reset,FFF,F,F,0,0,1,Off,On,0;
binary-value,77,D077,Filter Run Hours Reset,FFF,F,F,0,0,1,Off,On,0;
binary-value,78,D078,Compressor 1 Run Hours Reset,FFF,F,F,0,0,1,Off,On,0;
binary-value,79,D079,Compressor 2 Run Hours Reset,FFF,F,F,0,0,1,Off,On,0;
binary-value,80,D080,Compressor 3 Run Hours Reset,FFF,F,F,0,0,1,Off,On,0;
binary-value,81,D081,Compressor 4 Run Hours Reset,FFF,F,F,0,0,1,Off,On,0;
binary-value,82,D082,Compressor 1 Starting Reset,FFF,F,F,0,0,1,Off,On,0;
binary-value,83,D083,Compressor 2 Starting Reset,FFF,F,F,0,0,1,Off,On,0;
binary-value,84,D084,Compressor 3 Starting Reset,FFF,F,F,0,0,1,Off,On,0;
binary-value,85,D085,Compressor 4 Starting Reset,FFF,F,F,0,0,1,Off,On,0;
binary-value,86,D086,Heater 1 Run Hours Reset,FFF,F,F,0,0,1,Off,On,0;
binary-value,87,D087,Heater 2 Run Hours Reset,FFF,F,F,0,0,1,Off,On,0;
binary-value,88,D088,Heater 1 Starting Reset,FFF,F,F,0,0,1,Off,On,0;
binary-value,89,D089,Heater 2 Starting Reset,FFF,F,F,0,0,1,Off,On,0;
binary-value,90,D090,Humidifier Run Hours Reset,FFF,F,F,0,0,1,Off,On,0;
binary-value,91,D091,Humidifier Starting Reset,FFF,F,F,0,0,1,Off,On,0;
binary-value,92,D092,Unit Run Hours Reset,FFF,F,F,0,0,1,Off,On,0;
binary-value,93,D093,Not used,FFF,F,F,0,0,1,Off,On,0;
binary-value,94,D094,Not used,FFF,F,F,0,0,1,Off,On,0;
binary-value,95,D095,Setback Mode (Sleep Mode),FFF,F,F,0,0,1,Off,On,0;
binary-value,96,D096,Sleep Mode Test,FFF,F,F,0,0,1,Off,On,0;
binary-value,97,D097,Local/Mean Usage of Values,FFF,F,F,0,0,1,Off,On,0;
binary-value,98,D098,No. of Stand-by Units,FFF,F,F,0,0,1,Off,On,0;
binary-value,99,D099,Not used,FFF,F,F,0,0,1,Off,On,0;
binary-value,100,D100,Unit 2 on Rotation Alarm,FFF,F,F,0,0,1,Off,On,0;
binary-value,101,D101,Unit 3 on Rotation Alarm,FFF,F,F,0,0,1,Off,On,0;
binary-value,102,D102,Unit 4 on Rotation Alarm,FFF,F,F,0,0,1,Off,On,0;
binary-value,103,D103,Unit 5 on Rotation Alarm,FFF,F,F,0,0,1,Off,On,0;
binary-value,104,D104,Unit 6 on Rotation Alarm,FFF,F,F,0,0,1,Off,On,0;
binary-value,105,D105,Unit 7 on Rotation Alarm,FFF,F,F,0,0,1,Off,On,0;
binary-value,106,D106,Unit 8 on Rotation Alarm,FFF,F,F,0,0,1,Off,On,0;
binary-value,107,D107,Unit 9 on Rotation Alarm,FFF,F,F,0,0,1,Off,On,0;
binary-value,108,D108,Unit 10 on Rotation Alarm,FFF,F,F,0,0,1,Off,On,0;
binary-value,109,D109,AFPS: Air Pressure Sensor Failed/Disconnected,FFF,F,F,0,0,1,Off,On,0;
binary-value,110,D110,AFPS: Low Air Pressure Alarm,FFF,F,F,0,0,1,Off,On,0;
binary-value,111,D111,Expansion Board Offline,FFF,F,F,0,0,1,Off,On,0;
binary-value,112,D112,EEPROM Failure,FFF,F,F,0,0,1,Off,On,0;
binary-value,113,D113,Compensation Enabled (with delivery temp. regulation),FFF,F,F,0,0,1,Off,On,0;
binary-value,114,D114,High Delivery Temperature Alarm,FFF,F,F,0,0,1,Off,On,0;
binary-value,115,D115,Expansion Board Offline,Humidifier: High Conductivity Alarm,FFF,F,F,0,0,1,Off,On,0;
binary-value,116,D116,Humidifier: Low Production,FFF,F,F,0,0,1,Off,On,0;
binary-value,117,D117,Humidifier: Drain Malfunction (lock),FFF,F,F,0,0,1,Off,On,0;
binary-value,118,D118,Humidifier: Bottle Full Of Water Alarm (lock),FFF,F,F,0,0,1,Off,On,0;
binary-value,119,D119,Humidifier: Mandatary Maintenance (lock),FFF,F,F,0,0,1,Off,On,0;
binary-value,120,D120,CW Temperature too High for Dehumidification (circ.2),FFF,F,F,0,0,1,Off,On,0;
binary-value,121,D121,High Chilled Water Temperature Alarm (circ.2),FFF,F,F,0,0,1,Off,On,0;
binary-value,122,D122,Dual Coil: Expansion Board Not Connected,FFF,F,F,0,0,1,Off,On,0;
binary-value,123,D123,Chilled Water Temp.(c.2)  Sensor Failed/Disconnected,FFF,F,F,0,0,1,Off,On,0;
binary-value,124,D124,CW Outlet Temp.Sensor (circ.2) Failed/Disconnected,FFF,F,F,0,0,1,Off,On,0;
binary-value,125,D125,Manual Mode,FFF,F,F,0,0,1,Off,On,0;
binary-value,126,D126,Supply Frequency Not Detected Alarm,FFF,F,F,0,0,1,Off,On,0;
binary-value,127,D127,Exclude from Rotatation,FFF,F,F,0,0,1,Off,On,0;
binary-value,128,D128,MODE CW+DX: hour counter threshold Alarm,FFF,F,F,0,0,1,Off,On,0;
binary-value,129,D129,MODE DX: hour counter threshold Alarm,FFF,F,F,0,0,1,Off,On,0;
binary-value,130,D130,MODE CW: hour counter threshold Alarm,FFF,F,F,0,0,1,Off,On,0;
binary-value,131,D131,MODE CW+DX: Run Hours Reset,FFF,F,F,0,0,1,Off,On,0;
binary-value,132,D132,MODE DX: Run Hours Reset,FFF,F,F,0,0,1,Off,On,0;
binary-value,133,D133,MODE CW: Run Hours Reset,FFF,F,F,0,0,1,Off,On,0;
binary-value,134,D134,Cond. Pressure Sensor (circ.1) Failed/Disconnected,FFF,F,F,0,0,1,Off,On,0;
binary-value,135,D135,Cond. Pressure Sensor (circ.2) Failed/Disconnected,FFF,F,F,0,0,1,Off,On,0;
binary-value,136,D136,Dehumidification: hour counter threshold Alarm,FFF,F,F,0,0,1,Off,On,0;
binary-value,137,D137,Dehumidification: Run Hours Reset,FFF,F,F,0,0,1,Off,On,0;
binary-value,138,D138,Stand-By Mode: hour counter threshold Alarm,FFF,F,F,0,0,1,Off,On,0;
binary-value,139,D139,Stand-By Mode: Run Hours Reset,FFF,F,F,0,0,1,Off,On,0;
binary-value,140,D140,TC unit mode,FFF,F,F,0,0,1,Off,On,0;
