; Device 77000
Object_Type,Object_Instance,Object_Name,Description,Event_Enable,Issue_Confirmed_Notifications,Ack_Required,Time_Delay,Notification_Class,Priority,Units,Limit_Enable,High_Limit,Low_Limit,Deadband,COV_Increment,ReadWriteCommandable,Relinquish_Default,Alarm_Custom,Alarm_Property,Alarm_OutOfRange,Alarm_Normal,Alarm_Fault,Alarm_HighLimit,Alarm_LowLimit;
analog-value,1,A001,Room Temperature,FFF,F,F,0,0,1,degrees-celsius,FF,0.000000,0.000000,0.000000,0.000000,R,0.000000,F,,,,,,;
analog-value,2,A002,Outdoor Temperature,FFF,F,F,0,0,1,degrees-celsius,FF,0.000000,0.000000,0.000000,0.000000,R,0.000000,F,,,,,,;
analog-value,3,A003,Delivery Air Temperature,FFF,F,F,0,0,1,degrees-celsius,FF,0.000000,0.000000,0.000000,0.000000,R,0.000000,F,,,,,,;
analog-value,4,A004,Chilled Water Temperature (circ.1),FFF,F,F,0,0,1,degrees-celsius,FF,0.000000,0.000000,0.000000,0.000000,R,0.000000,F,,,,,,;
analog-value,5,A005,Hot Water Temperature,FFF,F,F,0,0,1,degrees-celsius,FF,0.000000,0.000000,0.000000,0.000000,R,0.000000,F,,,,,,;
analog-value,6,A006,Room Relative Humidity,FFF,F,F,0,0,1,percent,FF,0.000000,0.000000,0.000000,0.000000,R,0.000000,F,,,,,,;
analog-value,7,A007,Outlet Chilled Water Temperature,FFF,F,F,0,0,1,degrees-celsius,FF,0.000000,0.000000,0.000000,0.000000,R,0.000000,F,,,,,,;
analog-value,8,A008,Circuit 1 Evaporating Pressure,FFF,F,F,0,0,1,bars,FF,0.000000,0.000000,0.000000,0.000000,R,0.000000,F,,,,,,;
analog-value,9,A009,Circuit 2 Evaporating Pressure,FFF,F,F,0,0,1,bars,FF,0.000000,0.000000,0.000000,0.000000,R,0.000000,F,,,,,,;
analog-value,10,A010,Circuit 1 Suction Temperature,FFF,F,F,0,0,1,degrees-celsius,FF,0.000000,0.000000,0.000000,0.000000,R,0.000000,F,,,,,,;
analog-value,11,A011,Circuit 2 Suction Temperature,FFF,F,F,0,0,1,degrees-celsius,FF,0.000000,0.000000,0.000000,0.000000,R,0.000000,F,,,,,,;
analog-value,12,A012,Circuit 1 Evaporating Temperature,FFF,F,F,0,0,1,degrees-celsius,FF,0.000000,0.000000,0.000000,0.000000,R,0.000000,F,,,,,,;
analog-value,13,A013,Circuit 2 Evaporating Temperature,FFF,F,F,0,0,1,degrees-celsius,FF,0.000000,0.000000,0.000000,0.000000,R,0.000000,F,,,,,,;
analog-value,14,A014,Circuit 1 Superheat,FFF,F,F,0,0,1,degrees-celsius,FF,0.000000,0.000000,0.000000,0.000000,R,0.000000,F,,,,,,;
analog-value,15,A015,Circuit 2 Superheat,FFF,F,F,0,0,1,degrees-celsius,FF,0.000000,0.000000,0.000000,0.000000,R,0.000000,F,,,,,,;
analog-value,16,A016,Cold Water Valve Ramp (circ.1),FFF,F,F,0,0,1,percent,FF,0.000000,0.000000,0.000000,0.000000,R,0.000000,F,,,,,,;
analog-value,17,A017,Hot Water Valve Ramp,FFF,F,F,0,0,1,percent,FF,0.000000,0.000000,0.000000,0.000000,R,0.000000,F,,,,,,;
analog-value,18,A018,Evaporating Fan Speed,FFF,F,F,0,0,1,percent,FF,0.000000,0.000000,0.000000,0.000000,R,0.000000,F,,,,,,;
analog-value,19,A019,Analog Variable 19,FFF,F,F,0,0,1,no-units,FF,0.000000,0.000000,0.000000,0.000000,R,0.000000,F,,,,,,;
analog-value,20,A020,Cooling Setpoint,FFF,F,F,0,0,1,degrees-celsius,FF,0.000000,0.000000,0.000000,0.000000,W,0.000000,F,,,,,,;
analog-value,21,A021,Cooling Sensitivity,FFF,F,F,0,0,1,degrees-celsius,FF,0.000000,0.000000,0.000000,0.000000,W,0.000000,F,,,,,,;
analog-value,22,A022,Second Cooling Setpoint,FFF,F,F,0,0,1,degrees-celsius,FF,0.000000,0.000000,0.000000,0.000000,W,0.000000,F,,,,,,;
analog-value,23,A023,Heating Setpoint,FFF,F,F,0,0,1,degrees-celsius,FF,0.000000,0.000000,0.000000,0.000000,W,0.000000,F,,,,,,;
analog-value,24,A024,Second Heating setpoint,FFF,F,F,0,0,1,degrees-celsius,FF,0.000000,0.000000,0.000000,0.000000,W,0.000000,F,,,,,,;
analog-value,25,A025,Heating Sensitivity,FFF,F,F,0,0,1,degrees-celsius,FF,0.000000,0.000000,0.000000,0.000000,W,0.000000,F,,,,,,;
analog-value,26,A026,High Room Temperature Alarm Threshold(1),FFF,F,F,0,0,1,degrees-celsius,FF,0.000000,0.000000,0.000000,0.000000,W,0.000000,F,,,,,,;
analog-value,27,A027,Low Room Temperature Alarm Threshold(1),FFF,F,F,0,0,1,degrees-celsius,FF,0.000000,0.000000,0.000000,0.000000,W,0.000000,F,,,,,,;
analog-value,28,A028,Setback Mode: Cooling Setpoint,FFF,F,F,0,0,1,degrees-celsius,FF,0.000000,0.000000,0.000000,0.000000,W,0.000000,F,,,,,,;
analog-value,29,A029,Setback Mode: Heating Setpoint,FFF,F,F,0,0,1,degrees-celsius,FF,0.000000,0.000000,0.000000,0.000000,W,0.000000,F,,,,,,;
analog-value,30,A030,CW Setpoint to Start Dehumidification,FFF,F,F,0,0,1,degrees-celsius,FF,0.000000,0.000000,0.000000,0.000000,W,0.000000,F,,,,,,;
analog-value,31,A031,CW High Temperature Alarm Threshold (c.1),FFF,F,F,0,0,1,degrees-celsius,FF,0.000000,0.000000,0.000000,0.000000,W,0.000000,F,,,,,,;
analog-value,32,A032,CW Setpoint to start CW Operating Mode (Only TC Units),FFF,F,F,0,0,1,degrees-celsius,FF,0.000000,0.000000,0.000000,0.000000,W,0.000000,F,,,,,,;
analog-value,33,A033,Radcooler Setpoint in Energy Saving Mode,FFF,F,F,0,0,1,degrees-celsius,FF,0.000000,0.000000,0.000000,0.000000,W,0.000000,F,,,,,,;
analog-value,34,A034,Radcooler Setpoint in DX Mode,FFF,F,F,0,0,1,degrees-celsius,FF,0.000000,0.000000,0.000000,0.000000,W,0.000000,F,,,,,,;
analog-value,35,A035,Delivery Temperature Low Limit Setpoint(1),FFF,F,F,0,0,1,degrees-celsius,FF,0.000000,0.000000,0.000000,0.000000,W,0.000000,F,,,,,,;
analog-value,36,A036,Delta Temperature for Automatic Mean/Local Changeover,FFF,F,F,0,0,1,degrees-celsius,FF,0.000000,0.000000,0.000000,0.000000,W,0.000000,F,,,,,,;
analog-value,37,A037,Serial Transmission Offset,FFF,F,F,0,0,1,no-units,FF,0.000000,0.000000,0.000000,0.000000,W,0.000000,F,,,,,,;
analog-value,38,A038,Analog Variable 38,FFF,F,F,0,0,1,no-units,FF,0.000000,0.000000,0.000000,0.000000,W,0.000000,F,,,,,,;
analog-value,39,A039,Analog Variable 39,FFF,F,F,0,0,1,no-units,FF,0.000000,0.000000,0.000000,0.000000,W,0.000000,F,,,,,,;
analog-value,40,A040,Analog Variable 40,FFF,F,F,0,0,1,no-units,FF,0.000000,0.000000,0.000000,0.000000,W,0.000000,F,,,,,,;
analog-value,41,A041,Analog Variable 41,FFF,F,F,0,0,1,no-units,FF,0.000000,0.000000,0.000000,0.000000,W,0.000000,F,,,,,,;
analog-value,42,A042,Analog Variable 42,FFF,F,F,0,0,1,no-units,FF,0.000000,0.000000,0.000000,0.000000,W,0.000000,F,,,,,,;
analog-value,43,A043,Analog Variable 43,FFF,F,F,0,0,1,no-units,FF,0.000000,0.000000,0.000000,0.000000,W,0.000000,F,,,,,,;
analog-value,44,A044,Analog Variable 44,FFF,F,F,0,0,1,no-units,FF,0.000000,0.000000,0.000000,0.000000,W,0.000000,F,,,,,,;
analog-value,45,A045,Analog Variable 45,FFF,F,F,0,0,1,no-units,FF,0.000000,0.000000,0.000000,0.000000,W,0.000000,F,,,,,,;
analog-value,46,A046,Analog Variable 46,FFF,F,F,0,0,1,no-units,FF,0.000000,0.000000,0.000000,0.000000,W,0.000000,F,,,,,,;
analog-value,47,A047,Analog Variable 47,FFF,F,F,0,0,1,no-units,FF,0.000000,0.000000,0.000000,0.000000,W,0.000000,F,,,,,,;
analog-value,48,A048,Analog Variable 48,FFF,F,F,0,0,1,no-units,FF,0.000000,0.000000,0.000000,0.000000,W,0.000000,F,,,,,,;
analog-value,49,A049,Analog Variable 49,FFF,F,F,0,0,1,no-units,FF,0.000000,0.000000,0.000000,0.000000,W,0.000000,F,,,,,,;
analog-value,50,A050,LAN Unit 2 Room Temperature,FFF,F,F,0,0,1,degrees-celsius,FF,0.000000,0.000000,0.000000,0.000000,R,0.000000,F,,,,,,;
analog-value,51,A051,LAN Unit 3 Room Temperature,FFF,F,F,0,0,1,degrees-celsius,FF,0.000000,0.000000,0.000000,0.000000,R,0.000000,F,,,,,,;
analog-value,52,A052,LAN Unit 4 Room Temperature,FFF,F,F,0,0,1,degrees-celsius,FF,0.000000,0.000000,0.000000,0.000000,R,0.000000,F,,,,,,;
analog-value,53,A053,LAN Unit 5 Room Temperature,FFF,F,F,0,0,1,degrees-celsius,FF,0.000000,0.000000,0.000000,0.000000,R,0.000000,F,,,,,,;
analog-value,54,A054,LAN Unit 6 Room Temperature,FFF,F,F,0,0,1,degrees-celsius,FF,0.000000,0.000000,0.000000,0.000000,R,0.000000,F,,,,,,;
analog-value,55,A055,LAN Unit 7 Room Temperature,FFF,F,F,0,0,1,degrees-celsius,FF,0.000000,0.000000,0.000000,0.000000,R,0.000000,F,,,,,,;
analog-value,56,A056,LAN Unit 8 Room Temperature,FFF,F,F,0,0,1,degrees-celsius,FF,0.000000,0.000000,0.000000,0.000000,R,0.000000,F,,,,,,;
analog-value,57,A057,LAN Unit 9 Room Temperature,FFF,F,F,0,0,1,degrees-celsius,FF,0.000000,0.000000,0.000000,0.000000,R,0.000000,F,,,,,,;
analog-value,58,A058,LAN Unit 10 Room Temperature,FFF,F,F,0,0,1,degrees-celsius,FF,0.000000,0.000000,0.000000,0.000000,R,0.000000,F,,,,,,;
analog-value,59,A059,Analog Variable 59,FFF,F,F,0,0,1,no-units,FF,0.000000,0.000000,0.000000,0.000000,W,0.000000,F,,,,,,;
analog-value,60,A060,LAN Unit 2 Room Humidity,FFF,F,F,0,0,1,percent,FF,0.000000,0.000000,0.000000,0.000000,R,0.000000,F,,,,,,;
analog-value,61,A061,LAN Unit 3 Room Humidity,FFF,F,F,0,0,1,percent,FF,0.000000,0.000000,0.000000,0.000000,R,0.000000,F,,,,,,;
analog-value,62,A062,LAN Unit 4 Room Humidity,FFF,F,F,0,0,1,percent,FF,0.000000,0.000000,0.000000,0.000000,R,0.000000,F,,,,,,;
analog-value,63,A063,LAN Unit 5 Room Humidity,FFF,F,F,0,0,1,percent,FF,0.000000,0.000000,0.000000,0.000000,R,0.000000,F,,,,,,;
analog-value,64,A064,LAN Unit 6 Room Humidity,FFF,F,F,0,0,1,percent,FF,0.000000,0.000000,0.000000,0.000000,R,0.000000,F,,,,,,;
analog-value,65,A065,LAN Unit 7 Room Humidity,FFF,F,F,0,0,1,percent,FF,0.000000,0.000000,0.000000,0.000000,R,0.000000,F,,,,,,;
analog-value,66,A066,LAN Unit 8 Room Humidity,FFF,F,F,0,0,1,percent,FF,0.000000,0.000000,0.000000,0.000000,R,0.000000,F,,,,,,;
analog-value,67,A067,LAN Unit 9 Room Humidity,FFF,F,F,0,0,1,percent,FF,0.000000,0.000000,0.000000,0.000000,R,0.000000,F,,,,,,;
analog-value,68,A068,LAN Unit 10 Room Humidity,FFF,F,F,0,0,1,percent,FF,0.000000,0.000000,0.000000,0.000000,R,0.000000,F,,,,,,;
analog-value,69,A069,AFPS: Air Pressure,FFF,F,F,0,0,1,pascals,FF,0.000000,0.000000,0.000000,0.000000,R,0.000000,F,,,,,,;
analog-value,70,A070,AFPS: Setpoint,FFF,F,F,0,0,1,pascals,FF,0.000000,0.000000,0.000000,0.000000,W,0.000000,F,,,,,,;
analog-value,71,A071,AFPS: Dead Band,FFF,F,F,0,0,1,pascals,FF,0.000000,0.000000,0.000000,0.000000,W,0.000000,F,,,,,,;
analog-value,72,A072,AFPS: Regulation Band,FFF,F,F,0,0,1,pascals,FF,0.000000,0.000000,0.000000,0.000000,W,0.000000,F,,,,,,;
analog-value,73,A073,AFPS: Alarm Threshold,FFF,F,F,0,0,1,pascals,FF,0.000000,0.000000,0.000000,0.000000,W,0.000000,F,,,,,,;
analog-value,74,A074,Compensation: Room Temperature (T1) (Del.Temp.Regol.),FFF,F,F,0,0,1,degrees-celsius,FF,0.000000,0.000000,0.000000,0.000000,W,0.000000,F,,,,,,;
analog-value,75,A075,Compensation: Setpoint 2 (SP2) (Del.Temp.Regol.),FFF,F,F,0,0,1,degrees-celsius,FF,0.000000,0.000000,0.000000,0.000000,W,0.000000,F,,,,,,;
analog-value,76,A076,Compensation: Room Temperature (T2) (Del.Temp.Regol.),FFF,F,F,0,0,1,degrees-celsius,FF,0.000000,0.000000,0.000000,0.000000,W,0.000000,F,,,,,,;
analog-value,77,A077,Cold Water Valve Ramp (circ.2),FFF,F,F,0,0,1,percent,FF,0.000000,0.000000,0.000000,0.000000,R,0.000000,F,,,,,,;
analog-value,78,A078,CW High Temperature Alarm Threshold (c.2),FFF,F,F,0,0,1,degrees-celsius,FF,0.000000,0.000000,0.000000,0.000000,W,0.000000,F,,,,,,;
analog-value,79,A079,Humidifier 0-10V Ramp,FFF,F,F,0,0,1,percent,FF,0.000000,0.000000,0.000000,0.000000,R,0.000000,F,,,,,,;
analog-value,80,A080,Chilled Water Temperature (circ.2),FFF,F,F,0,0,1,degrees-celsius,FF,0.000000,0.000000,0.000000,0.000000,R,0.000000,F,,,,,,;
analog-value,81,A081,Room Temperature Mean Value,FFF,F,F,0,0,1,degrees-celsius,FF,0.000000,0.000000,0.000000,0.000000,R,0.000000,F,,,,,,;
analog-value,82,A082,Room Relative Humidity Mean Value,FFF,F,F,0,0,1,percent,FF,0.000000,0.000000,0.000000,0.000000,R,0.000000,F,,,,,,;
analog-value,83,A083,Room Absolute Humidity,FFF,F,F,0,0,1,no-units,FF,0.000000,0.000000,0.000000,0.000000,R,0.000000,F,,,,,,;
analog-value,84,A084,Dehumidification Setpoint,FFF,F,F,0,0,1,no-units,FF,0.000000,0.000000,0.000000,0.000000,W,0.000000,F,,,,,,;
analog-value,85,A085,Dehumidification Prop.Band,FFF,F,F,0,0,1,no-units,FF,0.000000,0.000000,0.000000,0.000000,W,0.000000,F,,,,,,;
analog-value,86,A086,Setback  Mode: Dehumidification Setpoint,FFF,F,F,0,0,1,no-units,FF,0.000000,0.000000,0.000000,0.000000,W,0.000000,F,,,,,,;
analog-value,87,A087,High Humidity Alarm Threshold,FFF,F,F,0,0,1,no-units,FF,0.000000,0.000000,0.000000,0.000000,W,0.000000,F,,,,,,;
analog-value,88,A088,Humidification Setpoint,FFF,F,F,0,0,1,no-units,FF,0.000000,0.000000,0.000000,0.000000,W,0.000000,F,,,,,,;
analog-value,89,A089,Humidification Prop.Band,FFF,F,F,0,0,1,no-units,FF,0.000000,0.000000,0.000000,0.000000,W,0.000000,F,,,,,,;
analog-value,90,A090,Setback  Mode: Humidification Setpoint,FFF,F,F,0,0,1,no-units,FF,0.000000,0.000000,0.000000,0.000000,W,0.000000,F,,,,,,;
analog-value,91,A091,Low Humidity Alarm Threshold,FFF,F,F,0,0,1,no-units,FF,0.000000,0.000000,0.000000,0.000000,W,0.000000,F,,,,,,;
analog-value,92,A092,Condensing Pressure (Circuit 1),FFF,F,F,0,0,1,bars,FF,0.000000,0.000000,0.000000,0.000000,R,0.000000,F,,,,,,;
analog-value,93,A093,Condensing Pressure Circuit 2,FFF,F,F,0,0,1,bars,FF,0.000000,0.000000,0.000000,0.000000,R,0.000000,F,,,,,,;
analog-value,94,A094,Condensing Temperature (Circuit 1),FFF,F,F,0,0,1,degrees-celsius,FF,0.000000,0.000000,0.000000,0.000000,R,0.000000,F,,,,,,;
analog-value,95,A095,Condensing Temperature Circuit 2,FFF,F,F,0,0,1,degrees-celsius,FF,0.000000,0.000000,0.000000,0.000000,R,0.000000,F,,,,,,;
analog-value,96,A096,Energy Meter: Phase 1 Current,FFF,F,F,0,0,1,A,FF,0.000000,0.000000,0.000000,0.000000,R,0.000000,F,,,,,,;
analog-value,97,A097,Energy Meter: Phase 2 Current,FFF,F,F,0,0,1,A,FF,0.000000,0.000000,0.000000,0.000000,R,0.000000,F,,,,,,;
analog-value,98,A098,Energy Meter: Phase 3 Current,FFF,F,F,0,0,1,A,FF,0.000000,0.000000,0.000000,0.000000,R,0.000000,F,,,,,,;
analog-value,99,A099,Energy Meter: Neutral Current,FFF,F,F,0,0,1,A,FF,0.000000,0.000000,0.000000,0.000000,R,0.000000,F,,,,,,;
analog-value,100,A100,Energy Meter: Line 1 to Line 2 Voltage,FFF,F,F,0,0,1,V,FF,0.000000,0.000000,0.000000,0.000000,R,0.000000,F,,,,,,;
analog-value,101,A101,Energy Meter: Line 2 to Line 3 Voltage,FFF,F,F,0,0,1,V,FF,0.000000,0.000000,0.000000,0.000000,R,0.000000,F,,,,,,;
analog-value,102,A102,Energy Meter: Line 3 to Line 1 Voltage,FFF,F,F,0,0,1,V,FF,0.000000,0.000000,0.000000,0.000000,R,0.000000,F,,,,,,;
analog-value,103,A103,Energy Meter: Line 1 to Neutral Voltage,FFF,F,F,0,0,1,V,FF,0.000000,0.000000,0.000000,0.000000,R,0.000000,F,,,,,,;
analog-value,104,A104,Energy Meter: Line 2 to Neutral Voltage,FFF,F,F,0,0,1,V,FF,0.000000,0.000000,0.000000,0.000000,R,0.000000,F,,,,,,;
analog-value,105,A105,Energy Meter: Line 3 to Neutral Voltage,FFF,F,F,0,0,1,V,FF,0.000000,0.000000,0.000000,0.000000,R,0.000000,F,,,,,,;
analog-value,106,A106,Energy Meter: Frequency,FFF,F,F,0,0,1,Hz,FF,0.000000,0.000000,0.000000,0.000000,R,0.000000,F,,,,,,;
analog-value,107,A107,Energy Meter: Total Active Power,FFF,F,F,0,0,1,kW,FF,0.000000,0.000000,0.000000,0.000000,R,0.000000,F,,,,,,;
analog-value,108,A108,Energy Meter: Total Reactive Power,FFF,F,F,0,0,1,kVAR,FF,0.000000,0.000000,0.000000,0.000000,R,0.000000,F,,,,,,;
analog-value,109,A109,Energy Meter: Total Apparent Power,FFF,F,F,0,0,1,kVA,FF,0.000000,0.000000,0.000000,0.000000,R,0.000000,F,,,,,,;
analog-value,110,A110,Energy Meter: Total Power Factor,FFF,F,F,0,0,1,no-units,FF,0.000000,0.000000,0.000000,0.000000,R,0.000000,F,,,,,,;
analog-value,111,A111,Outlet Chilled Water Temperature (circ.2),FFF,F,F,0,0,1,degrees-celsius,FF,0.000000,0.000000,0.000000,0.000000,R,0.000000,F,,,,,,;
Object_Type,Object_Instance,Object_Name,Description,Event_Enable,Issue_Confirmed_Notifications,Ack_Required,Time_Delay,Notification_Class,Priority,Number_Of_States,Alarm_Values,Fault_Values,ReadWriteCommandable,Relinquish_Default,Alarm_Custom,Alarm_Property,Alarm_ChangeofState,Alarm_Normal,Alarm_Fault,Alarm_OffNormal,State_Text;
"multi-state-value,1001,I001,Air Filter Run Hours,FFF,F,F,0,0,1,1,"""","""",R,0,F,,,,,,""1=1""";
"multi-state-value,1002,I002,Unit Run Hours,FFF,F,F,0,0,1,1,"""","""",R,0,F,,,,,,""1=1""";
Object_Type,Object_Instance,Object_Name,Description,Event_Enable,Issue_Confirmed_Notifications,Ack_Required,Time_Delay,Notification_Class,Priority,Units,Limit_Enable,High_Limit,Low_Limit,Deadband,COV_Increment,ReadWriteCommandable,Relinquish_Default,Alarm_Custom,Alarm_Property,Alarm_OutOfRange,Alarm_Normal,Alarm_Fault,Alarm_HighLimit,Alarm_LowLimit;
analog-value,1003,I003,Compressor 1 Run Hours,FFF,F,F,0,0,1,hours,FF,0.000000,0.000000,0.000000,0.000000,R,0.000000,F,,,1,,,;
analog-value,1004,I004,Compressor 2 Run Hours,FFF,F,F,0,0,1,hours,FF,0.000000,0.000000,0.000000,0.000000,R,0.000000,F,,,1,,,;
analog-value,1005,I005,Compressor 3 Run Hours,FFF,F,F,0,0,1,hours,FF,0.000000,0.000000,0.000000,0.000000,R,0.000000,F,,,1,,,;
analog-value,1006,I006,Compressor 4 Run Hours,FFF,F,F,0,0,1,hours,FF,0.000000,0.000000,0.000000,0.000000,R,0.000000,F,,,1,,,;
analog-value,1007,I007,Heater 1 Run Hours,FFF,F,F,0,0,1,hours,FF,0.000000,0.000000,0.000000,0.000000,R,0.000000,F,,,1,,,;
analog-value,1008,I008,Heater 2 Run Hours,FFF,F,F,0,0,1,hours,FF,0.000000,0.000000,0.000000,0.000000,R,0.000000,F,,,1,,,;
analog-value,1009,I009,Humidifier Run Hours,FFF,F,F,0,0,1,hours,FF,0.000000,0.000000,0.000000,0.000000,R,0.000000,F,,,1,,,;
analog-value,1010,I010,Integer Variable 10,FFF,F,F,0,0,1,no-units,FF,0.000000,0.000000,0.000000,0.000000,W,0.000000,F,,,1,,,;
analog-value,1011,I011,Integer Variable 11,FFF,F,F,0,0,1,no-units,FF,0.000000,0.000000,0.000000,0.000000,W,0.000000,F,,,1,,,;
analog-value,1012,I012,Dehumidification Prop.Band,FFF,F,F,0,0,1,percent,FF,0.000000,0.000000,0.000000,0.000000,W,0.000000,F,,,1,,,;
analog-value,1013,I013,Humidification Prop.Band,FFF,F,F,0,0,1,percent,FF,0.000000,0.000000,0.000000,0.000000,W,0.000000,F,,,1,,,;
analog-value,1014,I014,High Humidity Alarm Threshold,FFF,F,F,0,0,1,percent,FF,0.000000,0.000000,0.000000,0.000000,W,0.000000,F,,,1,,,;
analog-value,1015,I015,Low Humidity Alarm Threshold,FFF,F,F,0,0,1,percent,FF,0.000000,0.000000,0.000000,0.000000,W,0.000000,F,,,1,,,;
analog-value,1016,I016,Dehumidification Setpoint,FFF,F,F,0,0,1,percent,FF,0.000000,0.000000,0.000000,0.000000,W,0.000000,F,,,1,,,;
analog-value,1017,I017,Setback  Mode: Dehumidification Setpoint,FFF,F,F,0,0,1,percent,FF,0.000000,0.000000,0.000000,0.000000,W,0.000000,F,,,1,,,;
analog-value,1018,I018,Humidification Setpoint,FFF,F,F,0,0,1,percent,FF,0.000000,0.000000,0.000000,0.000000,W,0.000000,F,,,1,,,;
analog-value,1019,I019,Setback  Mode: Humidification Setpoint,FFF,F,F,0,0,1,percent,FF,0.000000,0.000000,0.000000,0.000000,W,0.000000,F,,,1,,,;
analog-value,1020,I020,Restart Delay,FFF,F,F,0,0,1,seconds,FF,0.000000,0.000000,0.000000,0.000000,W,0.000000,F,,,1,,,;
analog-value,1021,I021,Regulation Start Transitory,FFF,F,F,0,0,1,seconds,FF,0.000000,0.000000,0.000000,0.000000,W,0.000000,F,,,1,,,;
analog-value,1022,I022,Low Pressure Delay,FFF,F,F,0,0,1,seconds,FF,0.000000,0.000000,0.000000,0.000000,W,0.000000,F,,,1,,,;
analog-value,1023,I023,Temp./Humid.Limits Alarm Delay,FFF,F,F,0,0,1,minutes,FF,0.000000,0.000000,0.000000,0.000000,W,0.000000,F,,,1,,,;
analog-value,1024,I024,Anti-Hunting Constant,FFF,F,F,0,0,1,minutes,FF,0.000000,0.000000,0.000000,0.000000,W,0.000000,F,,,1,,,;
analog-value,1025,I025,Stand-by Cycle Base Time,FFF,F,F,0,0,1,hours,FF,0.000000,0.000000,0.000000,0.000000,W,0.000000,F,,,1,,,;
analog-value,1026,I026,Integer Variable 26,FFF,F,F,0,0,1,no-units,FF,0.000000,0.000000,0.000000,0.000000,W,0.000000,F,,,1,,,;
analog-value,1027,I027,Number of LAN Units,FFF,F,F,0,0,1,no-units,FF,0.000000,0.000000,0.000000,0.000000,W,0.000000,F,,,1,,,;
analog-value,1028,I028,Fan: Cicle Time (Sleep mode),FFF,F,F,0,0,1,minutes,FF,0.000000,0.000000,0.000000,0.000000,W,0.000000,F,,,1,,,;
analog-value,1029,I029,Circuit 1 Electronic Valve Position,FFF,F,F,0,0,1,no-units,FF,0.000000,0.000000,0.000000,0.000000,W,0.000000,F,,,1,,,;
analog-value,1030,I030,Circuit 2 Electronic Valve Position,FFF,F,F,0,0,1,no-units,FF,0.000000,0.000000,0.000000,0.000000,W,0.000000,F,,,1,,,;
analog-value,1031,I031,AFPS: Integral time,FFF,F,F,0,0,1,seconds,FF,0.000000,0.000000,0.000000,0.000000,W,0.000000,F,,,1,,,;
analog-value,1032,I032,AFPS: Derivative Time,FFF,F,F,0,0,1,seconds,FF,0.000000,0.000000,0.000000,0.000000,W,0.000000,F,,,1,,,;
analog-value,1033,I033,AFPS: Fan Min. Speed (mode CW),FFF,F,F,0,0,1,percent,FF,0.000000,0.000000,0.000000,0.000000,W,0.000000,F,,,1,,,;
analog-value,1034,I034,AFPS: Fan Max Speed,FFF,F,F,0,0,1,percent,FF,0.000000,0.000000,0.000000,0.000000,W,0.000000,F,,,1,,,;
analog-value,1035,I035,AFPS: Alarm Delay,FFF,F,F,0,0,1,seconds,FF,0.000000,0.000000,0.000000,0.000000,W,0.000000,F,,,1,,,;
analog-value,1036,I036,High Delivery Temp. Alarm Threshold,FFF,F,F,0,0,1,degrees-celsius,FF,0.000000,0.000000,0.000000,0.000000,W,0.000000,F,,,1,,,;
analog-value,1037,I037,Day,FFF,F,F,0,0,1,no-units,FF,0.000000,0.000000,0.000000,0.000000,R,0.000000,F,,,1,,,;
analog-value,1038,I038,Month,FFF,F,F,0,0,1,no-units,FF,0.000000,0.000000,0.000000,0.000000,R,0.000000,F,,,1,,,;
analog-value,1039,I039,Year,FFF,F,F,0,0,1,no-units,FF,0.000000,0.000000,0.000000,0.000000,R,0.000000,F,,,1,,,;
analog-value,1040,I040,Integer Variable 40,FFF,F,F,0,0,1,no-units,FF,0.000000,0.000000,0.000000,0.000000,W,0.000000,F,,,1,,,;
analog-value,1041,I041,Integer Variable 41,FFF,F,F,0,0,1,no-units,FF,0.000000,0.000000,0.000000,0.000000,W,0.000000,F,,,1,,,;
analog-value,1042,I042,Hour,FFF,F,F,0,0,1,no-units,FF,0.000000,0.000000,0.000000,0.000000,R,0.000000,F,,,1,,,;
analog-value,1043,I043,Minute,FFF,F,F,0,0,1,no-units,FF,0.000000,0.000000,0.000000,0.000000,R,0.000000,F,,,1,,,;
analog-value,1044,I044,AFPS: Fan Min. Speed (mode DX),FFF,F,F,0,0,1,percent,FF,0.000000,0.000000,0.000000,0.000000,W,0.000000,F,,,1,,,;
analog-value,1045,I045,Integer Variable 45,FFF,F,F,0,0,1,no-units,FF,0.000000,0.000000,0.000000,0.000000,W,0.000000,F,,,1,,,;
analog-value,1046,I046,Integer Variable 46,FFF,F,F,0,0,1,no-units,FF,0.000000,0.000000,0.000000,0.000000,W,0.000000,F,,,1,,,;
analog-value,1047,I047,Integer Variable 47,FFF,F,F,0,0,1,no-units,FF,0.000000,0.000000,0.000000,0.000000,W,0.000000,F,,,1,,,;
analog-value,1048,I048,MODE CW+DX Run Hours,FFF,F,F,0,0,1,hours,FF,0.000000,0.000000,0.000000,0.000000,R,0.000000,F,,,1,,,;
analog-value,1049,I049,MODE DX Run Hours,FFF,F,F,0,0,1,hours,FF,0.000000,0.000000,0.000000,0.000000,R,0.000000,F,,,1,,,;
analog-value,1050,I050,MODE CW Run Hours,FFF,F,F,0,0,1,hours,FF,0.000000,0.000000,0.000000,0.000000,R,0.000000,F,,,1,,,;
analog-value,1051,I051,Dehumidification Run Hours,FFF,F,F,0,0,1,hours,FF,0.000000,0.000000,0.000000,0.000000,R,0.000000,F,,,1,,,;
analog-value,1052,I052,Stand-By Mode Run Hours,FFF,F,F,0,0,1,hours,FF,0.000000,0.000000,0.000000,0.000000,R,0.000000,F,,,1,,,;
analog-value,1053,I053,Ultracapacitor Status (UCAP),FFF,F,F,0,0,1,no-units,FF,0.000000,0.000000,0.000000,0.000000,R,0.000000,F,,,1,,,;
analog-value,1054,I054,Power Supply Fail.(UCAP on working) Time,FFF,F,F,0,0,1,seconds,FF,0.000000,0.000000,0.000000,0.000000,R,0.000000,F,,,1,,,;
analog-value,1055,I055,UCAP Charge Time,FFF,F,F,0,0,1,seconds,FF,0.000000,0.000000,0.000000,0.000000,R,0.000000,F,,,1,,,;
analog-value,1056,I056,Unit Serial Number part 1,FFF,F,F,0,0,1,no-units,FF,0.000000,0.000000,0.000000,0.000000,W,0.000000,F,,,1,,,;
analog-value,1057,I057,Unit Serial Number part 2,FFF,F,F,0,0,1,no-units,FF,0.000000,0.000000,0.000000,0.000000,W,0.000000,F,,,1,,,;
analog-value,1058,I058,Unit Serial Number part 3,FFF,F,F,0,0,1,no-units,FF,0.000000,0.000000,0.000000,0.000000,W,0.000000,F,,,1,,,;
analog-value,1059,I059,Energy Saving Status,FFF,F,F,0,0,1,no-units,FF,0.000000,0.000000,0.000000,0.000000,R,0.000000,F,,,1,,,;
analog-value,1060,I060,Energy Meter: Active Energy Total Counter part 1,FFF,F,F,0,0,1,kWh,FF,0.000000,0.000000,0.000000,0.000000,R,0.000000,F,,,1,,,;
analog-value,1061,I061,Energy Meter: Active Energy Total Counter part 2,FFF,F,F,0,0,1,kWh,FF,0.000000,0.000000,0.000000,0.000000,R,0.000000,F,,,1,,,;
analog-value,1062,I062,Energy Meter: Reactive Energy Total Counter part 1,FFF,F,F,0,0,1,kVARh,FF,0.000000,0.000000,0.000000,0.000000,R,0.000000,F,,,1,,,;
analog-value,1063,I063,Energy Meter: Reactive Energy Total Counter part 2,FFF,F,F,0,0,1,kVARh,FF,0.000000,0.000000,0.000000,0.000000,R,0.000000,F,,,1,,,;
analog-value,1064,I064,Energy Meter: Emissions of CO2 part 1,FFF,F,F,0,0,1,g/kWh,FF,0.000000,0.000000,0.000000,0.000000,R,0.000000,F,,,1,,,;
analog-value,1065,I065,Energy Meter: Emissions of CO2 part 2,FFF,F,F,0,0,1,g/kWh,FF,0.000000,0.000000,0.000000,0.000000,R,0.000000,F,,,1,,,;
Object_Type,Object_Instance,Object_Name,Description,Event_Enable,Issue_Confirmed_Notifications,Ack_Required,Time_Delay,Notification_Class,Priority,Inactive_Text,Active_Text,Alarm_Value,ReadWriteCommandable,Relinquish_Default,Alarm_Custom,Alarm_Property,Alarm_ChangeofState,Alarm_Normal,Alarm_Fault,Alarm_OffNormal;
binary-value,1,D001,System On (Fan),FFF,F,F,0,0,1,Off,On,0,R,0,F,,,,,;
binary-value,2,D002,Compressor 1,FFF,F,F,0,0,1,Off,On,0,R,0,F,,,,,;
binary-value,3,D003,Compressor 2,FFF,F,F,0,0,1,Off,On,0,R,0,F,,,,,;
binary-value,4,D004,Compressor 3,FFF,F,F,0,0,1,Off,On,0,R,0,F,,,,,;
binary-value,5,D005,Compressor 4,FFF,F,F,0,0,1,Off,On,0,R,0,F,,,,,;
binary-value,6,D006,El. Heater 1,FFF,F,F,0,0,1,Off,On,0,R,0,F,,,,,;
binary-value,7,D007,El. Heater 2,FFF,F,F,0,0,1,Off,On,0,R,0,F,,,,,;
binary-value,8,D008,Digital Variable 8,FFF,F,F,0,0,1,Off,On,0,W,0,F,,,,,;
binary-value,9,D009,Hot gas ON,FFF,F,F,0,0,1,Off,On,0,R,0,F,,,,,;
binary-value,10,D010,Dehumidification,FFF,F,F,0,0,1,Off,On,0,R,0,F,,,,,;
binary-value,11,D011,Humidification,FFF,F,F,0,0,1,Off,On,0,R,0,F,,,,,;
binary-value,12,D012,Emergency Working,FFF,F,F,0,0,1,Off,On,0,R,0,F,,,,,;
binary-value,13,D013,Digital Variable 13,FFF,F,F,0,0,1,Off,On,0,W,0,F,,,,,;
binary-value,14,D014,Digital Variable 14,FFF,F,F,0,0,1,Off,On,0,W,0,F,,,,,;
binary-value,15,D015,Digital Variable 15,FFF,F,F,0,0,1,Off,On,0,W,0,F,,,,,;
binary-value,16,D016,Digital Variable 16,FFF,F,F,0,0,1,Off,On,0,W,0,F,,,,,;
binary-value,17,D017,Digital Variable 17,FFF,F,F,0,0,1,Off,On,0,W,0,F,,,,,;
binary-value,18,D018,Digital Variable 18,FFF,F,F,0,0,1,Off,On,0,W,0,F,,,,,;
binary-value,19,D019,Digital Variable 19,FFF,F,F,0,0,1,Off,On,0,W,0,F,,,,,;
binary-value,20,D020,Wrong Password Alarm,FFF,F,F,0,0,1,Off,On,0,R,0,F,,,,,;
binary-value,21,D021,High Room Temperature Alarm,FFF,F,F,0,0,1,Off,On,0,R,0,F,,,,,;
binary-value,22,D022,Low Room Temperature Alarm,FFF,F,F,0,0,1,Off,On,0,R,0,F,,,,,;
binary-value,23,D023,High Room Humidity Alarm,FFF,F,F,0,0,1,Off,On,0,R,0,F,,,,,;
binary-value,24,D024,Low Room Humidity Alarm,FFF,F,F,0,0,1,Off,On,0,R,0,F,,,,,;
binary-value,25,D025,Room Temp. And Humidity Limits by External Sensors,FFF,F,F,0,0,1,Off,On,0,R,0,F,,,,,;
binary-value,26,D026,Clogged Filter Alarm,FFF,F,F,0,0,1,Off,On,0,R,0,F,,,,,;
binary-value,27,D027,Flooding Alarm,FFF,F,F,0,0,1,Off,On,0,R,0,F,,,,,;
binary-value,28,D028,Loss of Air Flow Alarm,FFF,F,F,0,0,1,Off,On,0,R,0,F,,,,,;
binary-value,29,D029,Heater Overheating Alarm,FFF,F,F,0,0,1,Off,On,0,R,0,F,,,,,;
binary-value,30,D030,Circuit 1 High Pressure Alarm,FFF,F,F,0,0,1,Off,On,0,R,0,F,,,,,;
binary-value,31,D031,Circuit 2 High Pressure Alarm,FFF,F,F,0,0,1,Off,On,0,R,0,F,,,,,;
binary-value,32,D032,Circuit 1 Low Pressure Alarm,FFF,F,F,0,0,1,Off,On,0,R,0,F,,,,,;
binary-value,33,D033,Circuit 2 Low Pressure Alarm,FFF,F,F,0,0,1,Off,On,0,R,0,F,,,,,;
binary-value,34,D034,Circuit 1 Electronic Valve Failure,FFF,F,F,0,0,1,Off,On,0,R,0,F,,,,,;
binary-value,35,D035,Circuit 2 Electronic Valve Failure,FFF,F,F,0,0,1,Off,On,0,R,0,F,,,,,;
binary-value,36,D036,Wrong Phase Sequence Alarm,FFF,F,F,0,0,1,Off,On,0,R,0,F,,,,,;
binary-value,37,D037,Smoke-Fire Alarm,FFF,F,F,0,0,1,Off,On,0,R,0,F,,,,,;
binary-value,38,D038,Interrupted LAN Alarm,FFF,F,F,0,0,1,Off,On,0,R,0,F,,,,,;
binary-value,39,D039,Humidifier: High Current Alarm,FFF,F,F,0,0,1,Off,On,0,R,0,F,,,,,;
binary-value,40,D040,Humidifier: Low Current Alarm,FFF,F,F,0,0,1,Off,On,0,R,0,F,,,,,;
binary-value,41,D041,Humidifier: Water Loss Alarm,FFF,F,F,0,0,1,Off,On,0,R,0,F,,,,,;
binary-value,42,D042,CW Temperature too High for Dehumidification (circ.1),FFF,F,F,0,0,1,Off,On,0,R,0,F,,,,,;
binary-value,43,D043,CW Valve Failure or Water Flow too Low,FFF,F,F,0,0,1,Off,On,0,R,0,F,,,,,;
binary-value,44,D044,Loss of Water Flow Alarm,FFF,F,F,0,0,1,Off,On,0,R,0,F,,,,,;
binary-value,45,D045,High Chilled Water Temperature Alarm (circ.1),FFF,F,F,0,0,1,Off,On,0,R,0,F,,,,,;
binary-value,46,D046,Room Air Sensor Failed/Disconnected,FFF,F,F,0,0,1,Off,On,0,R,0,F,,,,,;
binary-value,47,D047,Hot Water Temp. Sensor Failed/Disconnected,FFF,F,F,0,0,1,Off,On,0,R,0,F,,,,,;
binary-value,48,D048,Chilled Water Temp. Sensor (c.1) Failed/Disconnected,FFF,F,F,0,0,1,Off,On,0,R,0,F,,,,,;
binary-value,49,D049,Outdoor Temperature Sensor Failed/Disconnected,FFF,F,F,0,0,1,Off,On,0,R,0,F,,,,,;
binary-value,50,D050,Delivery Air Temp. Sensor Failed/Disconnected,FFF,F,F,0,0,1,Off,On,0,R,0,F,,,,,;
binary-value,51,D051,Room Humidity Sensor Failed/Disconnected,FFF,F,F,0,0,1,Off,On,0,R,0,F,,,,,;
binary-value,52,D052,Chilled Water Outlet Temp.Sensor (circ.1) Failed/Disconnected,FFF,F,F,0,0,1,Off,On,0,R,0,F,,,,,;
binary-value,53,D053,Compressor 1: hour counter threshold Alarm,FFF,F,F,0,0,1,Off,On,0,R,0,F,,,,,;
binary-value,54,D054,Compressor 2: hour counter threshold Alarm,FFF,F,F,0,0,1,Off,On,0,R,0,F,,,,,;
binary-value,55,D055,Compressor 3: hour counter threshold Alarm,FFF,F,F,0,0,1,Off,On,0,R,0,F,,,,,;
binary-value,56,D056,Compressor 4: hour counter threshold Alarm,FFF,F,F,0,0,1,Off,On,0,R,0,F,,,,,;
binary-value,57,D057,Air filter: hour counter threshold Alarm,FFF,F,F,0,0,1,Off,On,0,R,0,F,,,,,;
binary-value,58,D058,Heater 1: hour counter threshold Alarm,FFF,F,F,0,0,1,Off,On,0,R,0,F,,,,,;
binary-value,59,D059,Heater 2: hour counter threshold Alarm,FFF,F,F,0,0,1,Off,On,0,R,0,F,,,,,;
binary-value,60,D060,Humidifier: hour counter threshold Alarm,FFF,F,F,0,0,1,Off,On,0,R,0,F,,,,,;
binary-value,61,D061,Air conditioning unit: hour counter threshold Alarm,FFF,F,F,0,0,1,Off,On,0,R,0,F,,,,,;
binary-value,62,D062,Alarm by Digital Input 2,FFF,F,F,0,0,1,Off,On,0,R,0,F,,,,,;
binary-value,63,D063,Alarm by Digital Input 4,FFF,F,F,0,0,1,Off,On,0,R,0,F,,,,,;
binary-value,64,D064,Alarm by Digital Input 6,FFF,F,F,0,0,1,Off,On,0,R,0,F,,,,,;
binary-value,65,D065,Humidifier General Alarm,FFF,F,F,0,0,1,Off,On,0,R,0,F,,,,,;
binary-value,66,D066,Unit on Alarm,FFF,F,F,0,0,1,Off,On,0,R,0,F,,,,,;
binary-value,67,D067,Unit on Rotation Alarm,FFF,F,F,0,0,1,Off,On,0,R,0,F,,,,,;
binary-value,68,D068,Unit on Alarm Type A,FFF,F,F,0,0,1,Off,On,0,R,0,F,,,,,;
binary-value,69,D069,Unit on Alarm Type B,FFF,F,F,0,0,1,Off,On,0,R,0,F,,,,,;
binary-value,70,D070,Unit on Alarm Type C,FFF,F,F,0,0,1,Off,On,0,R,0,F,,,,,;
binary-value,71,D071,DX/CW Switch on TC Units,FFF,F,F,0,0,1,Off,On,0,W,0,F,,,,,;
binary-value,72,D072,Summer/Winter Switch,FFF,F,F,0,0,1,Off,On,0,W,0,F,,,,,;
binary-value,73,D073,Digital Variable 73,FFF,F,F,0,0,1,Off,On,0,W,0,F,,,,,;
binary-value,74,D074,Digital Variable 74,FFF,F,F,0,0,1,Off,On,0,W,0,F,,,,,;
binary-value,75,D075,Unit ON/OFF Switch,FFF,F,F,0,0,1,Off,On,0,W,0,F,,,,,;
binary-value,76,D076,Buzzer and Alarm Unit Reset,FFF,F,F,0,0,1,Off,On,0,W,0,F,,,,,;
binary-value,77,D077,Filter Run Hours Reset,FFF,F,F,0,0,1,Off,On,0,W,0,F,,,,,;
binary-value,78,D078,Compressor 1 Run Hours Reset,FFF,F,F,0,0,1,Off,On,0,W,0,F,,,,,;
binary-value,79,D079,Compressor 2 Run Hours Reset,FFF,F,F,0,0,1,Off,On,0,W,0,F,,,,,;
binary-value,80,D080,Compressor 3 Run Hours Reset,FFF,F,F,0,0,1,Off,On,0,W,0,F,,,,,;
binary-value,81,D081,Compressor 4 Run Hours Reset,FFF,F,F,0,0,1,Off,On,0,W,0,F,,,,,;
binary-value,82,D082,Compressor 1 Starting Reset,FFF,F,F,0,0,1,Off,On,0,W,0,F,,,,,;
binary-value,83,D083,Compressor 2 Starting Reset,FFF,F,F,0,0,1,Off,On,0,W,0,F,,,,,;
binary-value,84,D084,Compressor 3 Starting Reset,FFF,F,F,0,0,1,Off,On,0,W,0,F,,,,,;
binary-value,85,D085,Compressor 4 Starting Reset,FFF,F,F,0,0,1,Off,On,0,W,0,F,,,,,;
binary-value,86,D086,Heater 1 Run Hours Reset,FFF,F,F,0,0,1,Off,On,0,W,0,F,,,,,;
binary-value,87,D087,Heater 2 Run Hours Reset,FFF,F,F,0,0,1,Off,On,0,W,0,F,,,,,;
binary-value,88,D088,Heater 1 Starting Reset,FFF,F,F,0,0,1,Off,On,0,W,0,F,,,,,;
binary-value,89,D089,Heater 2 Starting Reset,FFF,F,F,0,0,1,Off,On,0,W,0,F,,,,,;
binary-value,90,D090,Humidifier Run Hours Reset,FFF,F,F,0,0,1,Off,On,0,W,0,F,,,,,;
binary-value,91,D091,Humidifier Starting Reset,FFF,F,F,0,0,1,Off,On,0,W,0,F,,,,,;
binary-value,92,D092,Unit Run Hours Reset,FFF,F,F,0,0,1,Off,On,0,W,0,F,,,,,;
binary-value,93,D093,Digital Variable 93,FFF,F,F,0,0,1,Off,On,0,W,0,F,,,,,;
binary-value,94,D094,Digital Variable 94,FFF,F,F,0,0,1,Off,On,0,W,0,F,,,,,;
binary-value,95,D095,Setback Mode (Sleep Mode),FFF,F,F,0,0,1,Off,On,0,W,0,F,,,,,;
binary-value,96,D096,Sleep Mode Test,FFF,F,F,0,0,1,Off,On,0,W,0,F,,,,,;
binary-value,97,D097,Local/Mean Usage of Values,FFF,F,F,0,0,1,Off,On,0,W,0,F,,,,,;
binary-value,98,D098,No. of Stand-by Units,FFF,F,F,0,0,1,Off,On,0,R,0,F,,,,,;
binary-value,99,D099,Digital Variable 99,FFF,F,F,0,0,1,Off,On,0,W,0,F,,,,,;
binary-value,100,D100,Unit 2 on Rotation Alarm,FFF,F,F,0,0,1,Off,On,0,R,0,F,,,,,;
binary-value,101,D101,Unit 3 on Rotation Alarm,FFF,F,F,0,0,1,Off,On,0,R,0,F,,,,,;
binary-value,102,D102,Unit 4 on Rotation Alarm,FFF,F,F,0,0,1,Off,On,0,R,0,F,,,,,;
binary-value,103,D103,Unit 5 on Rotation Alarm,FFF,F,F,0,0,1,Off,On,0,R,0,F,,,,,;
binary-value,104,D104,Unit 6 on Rotation Alarm,FFF,F,F,0,0,1,Off,On,0,R,0,F,,,,,;
binary-value,105,D105,Unit 7 on Rotation Alarm,FFF,F,F,0,0,1,Off,On,0,R,0,F,,,,,;
binary-value,106,D106,Unit 8 on Rotation Alarm,FFF,F,F,0,0,1,Off,On,0,R,0,F,,,,,;
binary-value,107,D107,Unit 9 on Rotation Alarm,FFF,F,F,0,0,1,Off,On,0,R,0,F,,,,,;
binary-value,108,D108,Unit 10 on Rotation Alarm,FFF,F,F,0,0,1,Off,On,0,R,0,F,,,,,;
binary-value,109,D109,AFPS: Air Pressure Sensor Failed/Disconnected,FFF,F,F,0,0,1,Off,On,0,R,0,F,,,,,;
binary-value,110,D110,AFPS: Low Air Pressure Alarm,FFF,F,F,0,0,1,Off,On,0,R,0,F,,,,,;
binary-value,111,D111,Expansion Board Offline,FFF,F,F,0,0,1,Off,On,0,R,0,F,,,,,;
binary-value,112,D112,EEPROM Failure,FFF,F,F,0,0,1,Off,On,0,R,0,F,,,,,;
binary-value,113,D113,Compensation Enabled (with delivery temp. regulation),FFF,F,F,0,0,1,Off,On,0,W,0,F,,,,,;
binary-value,114,D114,High Delivery Temperature Alarm,FFF,F,F,0,0,1,Off,On,0,R,0,F,,,,,;
binary-value,115,D115,Humidifier: High Conductivity Alarm,FFF,F,F,0,0,1,Off,On,0,R,0,F,,,,,;
binary-value,116,D116,Humidifier: Low Production,FFF,F,F,0,0,1,Off,On,0,R,0,F,,,,,;
binary-value,117,D117,Humidifier: Drain Malfunction (lock),FFF,F,F,0,0,1,Off,On,0,R,0,F,,,,,;
binary-value,118,D118,Humidifier: Bottle Full Of Water Alarm (lock),FFF,F,F,0,0,1,Off,On,0,R,0,F,,,,,;
binary-value,119,D119,Humidifier: Mandatory Maintenance (lock),FFF,F,F,0,0,1,Off,On,0,R,0,F,,,,,;
binary-value,120,D120,CW Temperature too High for Dehumidification (circ.2),FFF,F,F,0,0,1,Off,On,0,R,0,F,,,,,;
binary-value,121,D121,High Chilled Water Temperature Alarm (circ.2),FFF,F,F,0,0,1,Off,On,0,R,0,F,,,,,;
binary-value,122,D122,Dual Coil: Expansion Board Not Connected,FFF,F,F,0,0,1,Off,On,0,R,0,F,,,,,;
binary-value,123,D123,Chilled Water Temp.(c.2)  Sensor Failed/Disconnected,FFF,F,F,0,0,1,Off,On,0,R,0,F,,,,,;
binary-value,124,D124,CW Outlet Temp.Sensor (circ.2) Failed/Disconnected,FFF,F,F,0,0,1,Off,On,0,R,0,F,,,,,;
binary-value,125,D125,Manual Mode,FFF,F,F,0,0,1,Off,On,0,R,0,F,,,,,;
binary-value,126,D126,Supply Frequency Not Detected Alarm,FFF,F,F,0,0,1,Off,On,0,R,0,F,,,,,;
binary-value,127,D127,Exclude from Rotatation,FFF,F,F,0,0,1,Off,On,0,W,0,F,,,,,;
binary-value,128,D128,MODE CW+DX: hour counter threshold Alarm,FFF,F,F,0,0,1,Off,On,0,R,0,F,,,,,;
binary-value,129,D129,MODE DX: hour counter threshold Alarm,FFF,F,F,0,0,1,Off,On,0,R,0,F,,,,,;
binary-value,130,D130,MODE CW: hour counter threshold Alarm,FFF,F,F,0,0,1,Off,On,0,R,0,F,,,,,;
binary-value,131,D131,MODE CW+DX: Run Hours Reset,FFF,F,F,0,0,1,Off,On,0,W,0,F,,,,,;
binary-value,132,D132,MODE DX: Run Hours Reset,FFF,F,F,0,0,1,Off,On,0,W,0,F,,,,,;
binary-value,133,D133,MODE CW: Run Hours Reset,FFF,F,F,0,0,1,Off,On,0,W,0,F,,,,,;
binary-value,134,D134,Cond. Pressure Sensor (circ.1) Failed/Disconnected,FFF,F,F,0,0,1,Off,On,0,R,0,F,,,,,;
binary-value,135,D135,Cond. Pressure Sensor circ.2 Failed/Disconnected,FFF,F,F,0,0,1,Off,On,0,R,0,F,,,,,;
binary-value,136,D136,Dehumidification: hour counter threshold Alarm,FFF,F,F,0,0,1,Off,On,0,R,0,F,,,,,;
binary-value,137,D137,Dehumidification: Run Hours Reset,FFF,F,F,0,0,1,Off,On,0,W,0,F,,,,,;
binary-value,138,D138,Stand-By Mode: hour counter threshold Alarm,FFF,F,F,0,0,1,Off,On,0,R,0,F,,,,,;
binary-value,139,D139,Stand-By Mode: Run Hours Reset,FFF,F,F,0,0,1,Off,On,0,W,0,F,,,,,;
binary-value,140,D140,TC unit mode ,FFF,F,F,0,0,1,Off,On,0,R,0,F,,,,,;
binary-value,141,D141,,Energy Meter Offline Alarm ,FFF,F,F,0,0,1,Off,On,0,R,0,F,,,,,;
binary-value,142,D142,Water Valve circuit 1 enabled (dual coil unit),FFF,F,F,0,0,1,Off,On,0,R,0,F,,,,,;
binary-value,143,D143,Water Valve circuit 2 enabled (dual coil unit),FFF,F,F,0,0,1,Off,On,0,R,0,F,,,,,;
Object_Type,Object_Instance,Object_Name,Description,Ack_Required,Priority,Recipient_List;
"notification-class,1,NC1,Notification Class 1,FFF,""255,255,255"",""validDays=MTWTFSS,fromTime=00:00:00.00,toTime=23:59:59.99,processIdentifier=101,IssueConfirmedNotifications=F,transitions=TTT,recipient=DE100""";
"notification-class,2,NC2,Notification Class 2,FFF,""255,255,255"",""""";
"notification-class,3,NC3,Notification Class 3,FFF,""255,255,255"",""""";
"notification-class,4,NC4,Notification Class 4,FFF,""255,255,255"",""""";
"notification-class,5,NC5,Notification Class 5,FFF,""255,255,255"",""""";
"notification-class,6,NC6,Notification Class 6,FFF,""255,255,255"",""""";
"notification-class,7,NC7,Notification Class 7,FFF,""255,255,255"",""""";
"notification-class,8,NC8,Notification Class 8,FFF,""255,255,255"",""""";
"notification-class,9,NC9,Notification Class 9,FFF,""255,255,255"",""""";
"notification-class,10,NC10,Notification Class 10,FFF,""255,255,255"",""""";
"notification-class,11,NC11,Notification Class 11,FFF,""255,255,255"",""""";
"notification-class,12,NC12,Notification Class 12,FFF,""255,255,255"",""""";
"notification-class,13,NC13,Notification Class 13,FFF,""255,255,255"",""""";
"notification-class,14,NC14,Notification Class 14,FFF,""255,255,255"",""""";
"notification-class,15,NC15,Notification Class 15,FFF,""255,255,255"",""""";
"notification-class,16,NC16,Notification Class 16,FFF,""255,255,255"",""""";
