Object_Type,Object_Instance,Object_Name,Description,Event_Enable,Issue_Confirmed_Notifications,Ack_Required,Time_Delay,Priority,Units,Limit_Enable,High_Limit,Low_Limit,Deadband,COV_Increment,Notification_Class
analog-value,1,A01,SERIAL TRANSMISSION OFFSET,FFF,F,F,0,1,no-units,FF,0.000000,0.000000,0.000000,0.000000,0
analog-value,2,A02,SETPOINT AFM1,FFF,F,F,0,1,degrees-celsius,FF,0.000000,0.000000,0.000000,0.000000,0
analog-value,3,A03,SETPOINT AFM2,FFF,F,F,0,1,degrees-celsius,FF,0.000000,0.000000,0.000000,0.000000,0
analog-value,4,A04,SETPOINT AFM3,FFF,F,F,0,1,degrees-celsius,FF,0.000000,0.000000,0.000000,0.000000,0
analog-value,5,A05,SETPOINT AFM4,FFF,F,F,0,1,degrees-celsius,FF,0.000000,0.000000,0.000000,0.000000,0
analog-value,6,A06,SETPOINT AFM5,FFF,F,F,0,1,degrees-celsius,FF,0.000000,0.000000,0.000000,0.000000,0
analog-value,7,A07,SETPOINT AFM6,FFF,F,F,0,1,degrees-celsius,FF,0.000000,0.000000,0.000000,0.000000,0
analog-value,8,A08,SETPOINT AFM7,FFF,F,F,0,1,degrees-celsius,FF,0.000000,0.000000,0.000000,0.000000,0
analog-value,9,A09,SETPOINT AFM8,FFF,F,F,0,1,degrees-celsius,FF,0.000000,0.000000,0.000000,0.000000,0
analog-value,10,A010,SETPOINT AFM9,FFF,F,F,0,1,degrees-celsius,FF,0.000000,0.000000,0.000000,0.000000,0
analog-value,11,A011,SETPOINT AFM10,FFF,F,F,0,1,degrees-celsius,FF,0.000000,0.000000,0.000000,0.000000,0
analog-value,12,A012,SETPOINT AFM11,FFF,F,F,0,1,degrees-celsius,FF,0.000000,0.000000,0.000000,0.000000,0
analog-value,13,A013,SETPOINT AFM12,FFF,F,F,0,1,degrees-celsius,FF,0.000000,0.000000,0.000000,0.000000,0
analog-value,14,A014,SETPOINT AFM13,FFF,F,F,0,1,degrees-celsius,FF,0.000000,0.000000,0.000000,0.000000,0
analog-value,15,A015,SETPOINT AFM14,FFF,F,F,0,1,degrees-celsius,FF,0.000000,0.000000,0.000000,0.000000,0
analog-value,16,A016,SETPOINT AFM15,FFF,F,F,0,1,degrees-celsius,FF,0.000000,0.000000,0.000000,0.000000,0
analog-value,17,A017,SETPOINT AFM16,FFF,F,F,0,1,degrees-celsius,FF,0.000000,0.000000,0.000000,0.000000,0
analog-value,18,A018,SETPOINT AFM17,FFF,F,F,0,1,degrees-celsius,FF,0.000000,0.000000,0.000000,0.000000,0
analog-value,19,A019,SETPOINT AFM18,FFF,F,F,0,1,degrees-celsius,FF,0.000000,0.000000,0.000000,0.000000,0
analog-value,20,A020,SETPOINT AFM19,FFF,F,F,0,1,degrees-celsius,FF,0.000000,0.000000,0.000000,0.000000,0
analog-value,21,A021,SETPOINT AFM20,FFF,F,F,0,1,degrees-celsius,FF,0.000000,0.000000,0.000000,0.000000,0
analog-value,22,A022,SETPOINT AFM21,FFF,F,F,0,1,degrees-celsius,FF,0.000000,0.000000,0.000000,0.000000,0
analog-value,23,A023,SETPOINT AFM22,FFF,F,F,0,1,degrees-celsius,FF,0.000000,0.000000,0.000000,0.000000,0
analog-value,24,A024,SETPOINT AFM23,FFF,F,F,0,1,degrees-celsius,FF,0.000000,0.000000,0.000000,0.000000,0
analog-value,25,A025,SETPOINT AFM24,FFF,F,F,0,1,degrees-celsius,FF,0.000000,0.000000,0.000000,0.000000,0
analog-value,26,A026,SETPOINT AFM25,FFF,F,F,0,1,degrees-celsius,FF,0.000000,0.000000,0.000000,0.000000,0
analog-value,27,A027,SETPOINT AFM26,FFF,F,F,0,1,degrees-celsius,FF,0.000000,0.000000,0.000000,0.000000,0
analog-value,28,A028,SETPOINT AFM27,FFF,F,F,0,1,degrees-celsius,FF,0.000000,0.000000,0.000000,0.000000,0
analog-value,29,A029,SETPOINT AFM28,FFF,F,F,0,1,degrees-celsius,FF,0.000000,0.000000,0.000000,0.000000,0
analog-value,30,A030,SETPOINT AFM29,FFF,F,F,0,1,degrees-celsius,FF,0.000000,0.000000,0.000000,0.000000,0
analog-value,31,A031,SETPOINT AFM30,FFF,F,F,0,1,degrees-celsius,FF,0.000000,0.000000,0.000000,0.000000,0
analog-value,32,A032,DIFFERENTIAL AFM1,FFF,F,F,0,1,degrees-celsius,FF,0.000000,0.000000,0.000000,0.000000,0
analog-value,33,A033,DIFFERENTIAL AFM2,FFF,F,F,0,1,degrees-celsius,FF,0.000000,0.000000,0.000000,0.000000,0
analog-value,34,A034,DIFFERENTIAL AFM3,FFF,F,F,0,1,degrees-celsius,FF,0.000000,0.000000,0.000000,0.000000,0
analog-value,35,A035,DIFFERENTIAL AFM4,FFF,F,F,0,1,degrees-celsius,FF,0.000000,0.000000,0.000000,0.000000,0
analog-value,36,A036,DIFFERENTIAL AFM5,FFF,F,F,0,1,degrees-celsius,FF,0.000000,0.000000,0.000000,0.000000,0
analog-value,37,A037,DIFFERENTIAL AFM6,FFF,F,F,0,1,degrees-celsius,FF,0.000000,0.000000,0.000000,0.000000,0
analog-value,38,A001,DIFFERENTIAL AFM7,FFF,F,F,0,1,degrees-celsius,FF,0.000000,0.000000,0.000000,0.000000,0
analog-value,39,A039,DIFFERENTIAL AFM8,FFF,F,F,0,1,degrees-celsius,FF,0.000000,0.000000,0.000000,0.000000,0
analog-value,40,A040,DIFFERENTIAL AFM9,FFF,F,F,0,1,degrees-celsius,FF,0.000000,0.000000,0.000000,0.000000,0
analog-value,41,A041,DIFFERENTIAL AFM10,FFF,F,F,0,1,degrees-celsius,FF,0.000000,0.000000,0.000000,0.000000,0
analog-value,42,A042,DIFFERENTIAL AFM11,FFF,F,F,0,1,degrees-celsius,FF,0.000000,0.000000,0.000000,0.000000,0
analog-value,43,A043,DIFFERENTIAL AFM12,FFF,F,F,0,1,degrees-celsius,FF,0.000000,0.000000,0.000000,0.000000,0
analog-value,44,A044,DIFFERENTIAL AFM13,FFF,F,F,0,1,degrees-celsius,FF,0.000000,0.000000,0.000000,0.000000,0
analog-value,45,A045,DIFFERENTIAL AFM14,FFF,F,F,0,1,degrees-celsius,FF,0.000000,0.000000,0.000000,0.000000,0
analog-value,46,A046,DIFFERENTIAL AFM15,FFF,F,F,0,1,degrees-celsius,FF,0.000000,0.000000,0.000000,0.000000,0
analog-value,47,A047,DIFFERENTIAL AFM16,FFF,F,F,0,1,degrees-celsius,FF,0.000000,0.000000,0.000000,0.000000,0
analog-value,48,A048,DIFFERENTIAL AFM17,FFF,F,F,0,1,degrees-celsius,FF,0.000000,0.000000,0.000000,0.000000,0
analog-value,49,A049,DIFFERENTIAL AFM18,FFF,F,F,0,1,degrees-celsius,FF,0.000000,0.000000,0.000000,0.000000,0
analog-value,50,A050,DIFFERENTIAL AFM19,FFF,F,F,0,1,degrees-celsius,FF,0.000000,0.000000,0.000000,0.000000,0
analog-value,51,A051,DIFFERENTIAL AFM20,FFF,F,F,0,1,degrees-celsius,FF,0.000000,0.000000,0.000000,0.000000,0
analog-value,52,A052,DIFFERENTIAL AFM21,FFF,F,F,0,1,degrees-celsius,FF,0.000000,0.000000,0.000000,0.000000,0
analog-value,53,A053,DIFFERENTIAL AFM22,FFF,F,F,0,1,degrees-celsius,FF,0.000000,0.000000,0.000000,0.000000,0
analog-value,54,A054,DIFFERENTIAL AFM23,FFF,F,F,0,1,degrees-celsius,FF,0.000000,0.000000,0.000000,0.000000,0
analog-value,55,A055,DIFFERENTIAL AFM24,FFF,F,F,0,1,degrees-celsius,FF,0.000000,0.000000,0.000000,0.000000,0
analog-value,56,A056,DIFFERENTIAL AFM25,FFF,F,F,0,1,degrees-celsius,FF,0.000000,0.000000,0.000000,0.000000,0
analog-value,57,A057,DIFFERENTIAL AFM26,FFF,F,F,0,1,degrees-celsius,FF,0.000000,0.000000,0.000000,0.000000,0
analog-value,58,A058,DIFFERENTIAL AFM27,FFF,F,F,0,1,degrees-celsius,FF,0.000000,0.000000,0.000000,0.000000,0
analog-value,59,A059,DIFFERENTIAL AFM28,FFF,F,F,0,1,degrees-celsius,FF,0.000000,0.000000,0.000000,0.000000,0
analog-value,60,A060,DIFFERENTIAL AFM29,FFF,F,F,0,1,degrees-celsius,FF,0.000000,0.000000,0.000000,0.000000,0
analog-value,61,A061,DIFFERENTIAL AFM30,FFF,F,F,0,1,degrees-celsius,FF,0.000000,0.000000,0.000000,0.000000,0
analog-value,62,A062,TEMPERATURE 1 AFM1,FFF,F,F,0,1,degrees-celsius,FF,0.000000,0.000000,0.000000,0.000000,0
analog-value,63,A063,TEMPERATURE 1 AFM2,FFF,F,F,0,1,degrees-celsius,FF,0.000000,0.000000,0.000000,0.000000,0
analog-value,64,A064,TEMPERATURE 1 AFM3,FFF,F,F,0,1,degrees-celsius,FF,0.000000,0.000000,0.000000,0.000000,0
analog-value,65,A065,TEMPERATURE 1 AFM4,FFF,F,F,0,1,degrees-celsius,FF,0.000000,0.000000,0.000000,0.000000,0
analog-value,66,A066,TEMPERATURE 1 AFM5,FFF,F,F,0,1,degrees-celsius,FF,0.000000,0.000000,0.000000,0.000000,0
analog-value,67,A067,TEMPERATURE 1 AFM6,FFF,F,F,0,1,degrees-celsius,FF,0.000000,0.000000,0.000000,0.000000,0
analog-value,68,A068,TEMPERATURE 1 AFM7,FFF,F,F,0,1,degrees-celsius,FF,0.000000,0.000000,0.000000,0.000000,0
analog-value,69,A069,TEMPERATURE 1 AFM8,FFF,F,F,0,1,degrees-celsius,FF,0.000000,0.000000,0.000000,0.000000,0
analog-value,70,A070,TEMPERATURE 1 AFM9,FFF,F,F,0,1,degrees-celsius,FF,0.000000,0.000000,0.000000,0.000000,0
analog-value,71,A071,TEMPERATURE 1 AFM10,FFF,F,F,0,1,degrees-celsius,FF,0.000000,0.000000,0.000000,0.000000,0
analog-value,72,A072,TEMPERATURE 1 AFM11,FFF,F,F,0,1,degrees-celsius,FF,0.000000,0.000000,0.000000,0.000000,0
analog-value,73,A073,TEMPERATURE 1 AFM12,FFF,F,F,0,1,degrees-celsius,FF,0.000000,0.000000,0.000000,0.000000,0
analog-value,74,A074,TEMPERATURE 1 AFM13,FFF,F,F,0,1,degrees-celsius,FF,0.000000,0.000000,0.000000,0.000000,0
analog-value,75,A075,TEMPERATURE 1 AFM14,FFF,F,F,0,1,degrees-celsius,FF,0.000000,0.000000,0.000000,0.000000,0
analog-value,76,A076,TEMPERATURE 1 AFM15,FFF,F,F,0,1,degrees-celsius,FF,0.000000,0.000000,0.000000,0.000000,0
analog-value,77,A077,TEMPERATURE 1 AFM16,FFF,F,F,0,1,degrees-celsius,FF,0.000000,0.000000,0.000000,0.000000,0
analog-value,78,A078,TEMPERATURE 1 AFM17,FFF,F,F,0,1,degrees-celsius,FF,0.000000,0.000000,0.000000,0.000000,0
analog-value,79,A079,TEMPERATURE 1 AFM18,FFF,F,F,0,1,degrees-celsius,FF,0.000000,0.000000,0.000000,0.000000,0
analog-value,80,A080,TEMPERATURE 1 AFM19,FFF,F,F,0,1,degrees-celsius,FF,0.000000,0.000000,0.000000,0.000000,0
analog-value,81,A081,TEMPERATURE 1 AFM20,FFF,F,F,0,1,degrees-celsius,FF,0.000000,0.000000,0.000000,0.000000,0
analog-value,82,A082,TEMPERATURE 1 AFM21,FFF,F,F,0,1,degrees-celsius,FF,0.000000,0.000000,0.000000,0.000000,0
analog-value,83,A083,TEMPERATURE 1 AFM22,FFF,F,F,0,1,degrees-celsius,FF,0.000000,0.000000,0.000000,0.000000,0
analog-value,84,A084,TEMPERATURE 1 AFM23,FFF,F,F,0,1,degrees-celsius,FF,0.000000,0.000000,0.000000,0.000000,0
analog-value,85,A085,TEMPERATURE 1 AFM24,FFF,F,F,0,1,degrees-celsius,FF,0.000000,0.000000,0.000000,0.000000,0
analog-value,86,A086,TEMPERATURE 1 AFM25,FFF,F,F,0,1,degrees-celsius,FF,0.000000,0.000000,0.000000,0.000000,0
analog-value,87,A087,TEMPERATURE 1 AFM26,FFF,F,F,0,1,degrees-celsius,FF,0.000000,0.000000,0.000000,0.000000,0
analog-value,88,A088,TEMPERATURE 1 AFM27,FFF,F,F,0,1,degrees-celsius,FF,0.000000,0.000000,0.000000,0.000000,0
analog-value,89,A089,TEMPERATURE 1 AFM28,FFF,F,F,0,1,degrees-celsius,FF,0.000000,0.000000,0.000000,0.000000,0
analog-value,90,A090,TEMPERATURE 1 AFM29,FFF,F,F,0,1,degrees-celsius,FF,0.000000,0.000000,0.000000,0.000000,0
analog-value,91,A091,TEMPERATURE 1 AFM30,FFF,F,F,0,1,degrees-celsius,FF,0.000000,0.000000,0.000000,0.000000,0
analog-value,92,A092,TEMPERATURE 2 AFM1,FFF,F,F,0,1,degrees-celsius,FF,0.000000,0.000000,0.000000,0.000000,0
analog-value,93,A093,TEMPERATURE 2 AFM2,FFF,F,F,0,1,degrees-celsius,FF,0.000000,0.000000,0.000000,0.000000,0
analog-value,94,A094,TEMPERATURE 2 AFM3,FFF,F,F,0,1,degrees-celsius,FF,0.000000,0.000000,0.000000,0.000000,0
analog-value,95,A095,TEMPERATURE 2 AFM4,FFF,F,F,0,1,degrees-celsius,FF,0.000000,0.000000,0.000000,0.000000,0
analog-value,96,A096,TEMPERATURE 2 AFM5,FFF,F,F,0,1,degrees-celsius,FF,0.000000,0.000000,0.000000,0.000000,0
analog-value,97,A097,TEMPERATURE 2 AFM6,FFF,F,F,0,1,degrees-celsius,FF,0.000000,0.000000,0.000000,0.000000,0
analog-value,98,A098,TEMPERATURE 2 AFM7,FFF,F,F,0,1,degrees-celsius,FF,0.000000,0.000000,0.000000,0.000000,0
analog-value,99,A099,TEMPERATURE 2 AFM8,FFF,F,F,0,1,degrees-celsius,FF,0.000000,0.000000,0.000000,0.000000,0
analog-value,100,A0100,TEMPERATURE 2 AFM9,FFF,F,F,0,1,degrees-celsius,FF,0.000000,0.000000,0.000000,0.000000,0
analog-value,101,A0101,TEMPERATURE 2 AFM10,FFF,F,F,0,1,degrees-celsius,FF,0.000000,0.000000,0.000000,0.000000,0
analog-value,102,A0102,TEMPERATURE 2 AFM11,FFF,F,F,0,1,degrees-celsius,FF,0.000000,0.000000,0.000000,0.000000,0
analog-value,103,A0103,TEMPERATURE 2 AFM12,FFF,F,F,0,1,degrees-celsius,FF,0.000000,0.000000,0.000000,0.000000,0
analog-value,104,A0104,TEMPERATURE 2 AFM13,FFF,F,F,0,1,degrees-celsius,FF,0.000000,0.000000,0.000000,0.000000,0
analog-value,105,A0105,TEMPERATURE 2 AFM14,FFF,F,F,0,1,degrees-celsius,FF,0.000000,0.000000,0.000000,0.000000,0
analog-value,106,A0106,TEMPERATURE 2 AFM15,FFF,F,F,0,1,degrees-celsius,FF,0.000000,0.000000,0.000000,0.000000,0
analog-value,107,A0107,TEMPERATURE 2 AFM16,FFF,F,F,0,1,degrees-celsius,FF,0.000000,0.000000,0.000000,0.000000,0
analog-value,108,A0108,TEMPERATURE 2 AFM17,FFF,F,F,0,1,degrees-celsius,FF,0.000000,0.000000,0.000000,0.000000,0
analog-value,109,A0109,TEMPERATURE 2 AFM18,FFF,F,F,0,1,degrees-celsius,FF,0.000000,0.000000,0.000000,0.000000,0
analog-value,110,A0110,TEMPERATURE 2 AFM19,FFF,F,F,0,1,degrees-celsius,FF,0.000000,0.000000,0.000000,0.000000,0
analog-value,111,A0111,TEMPERATURE 2 AFM20,FFF,F,F,0,1,degrees-celsius,FF,0.000000,0.000000,0.000000,0.000000,0
analog-value,112,A0112,TEMPERATURE 2 AFM21,FFF,F,F,0,1,degrees-celsius,FF,0.000000,0.000000,0.000000,0.000000,0
analog-value,113,A0113,TEMPERATURE 2 AFM22,FFF,F,F,0,1,degrees-celsius,FF,0.000000,0.000000,0.000000,0.000000,0
analog-value,114,A0114,TEMPERATURE 2 AFM23,FFF,F,F,0,1,degrees-celsius,FF,0.000000,0.000000,0.000000,0.000000,0
analog-value,115,A0115,TEMPERATURE 2 AFM24,FFF,F,F,0,1,degrees-celsius,FF,0.000000,0.000000,0.000000,0.000000,0
analog-value,116,A0116,TEMPERATURE 2 AFM25,FFF,F,F,0,1,degrees-celsius,FF,0.000000,0.000000,0.000000,0.000000,0
analog-value,117,A0117,TEMPERATURE 2 AFM26,FFF,F,F,0,1,degrees-celsius,FF,0.000000,0.000000,0.000000,0.000000,0
analog-value,118,A0118,TEMPERATURE 2 AFM27,FFF,F,F,0,1,degrees-celsius,FF,0.000000,0.000000,0.000000,0.000000,0
analog-value,119,A0119,TEMPERATURE 2 AFM28,FFF,F,F,0,1,degrees-celsius,FF,0.000000,0.000000,0.000000,0.000000,0
analog-value,120,A0120,TEMPERATURE 2 AFM29,FFF,F,F,0,1,degrees-celsius,FF,0.000000,0.000000,0.000000,0.000000,0
analog-value,121,A0121,TEMPERATURE 2 AFM30,FFF,F,F,0,1,degrees-celsius,FF,0.000000,0.000000,0.000000,0.000000,0
analog-value,122,A0122,ROOM TEMPERATURE CDZ1,FFF,F,F,0,1,degrees-celsius,FF,0.000000,0.000000,0.000000,0.000000,0
analog-value,123,A0123,ROOM TEMPERATURE CDZ2,FFF,F,F,0,1,degrees-celsius,FF,0.000000,0.000000,0.000000,0.000000,0
analog-value,124,A0124,ROOM TEMPERATURE CDZ3,FFF,F,F,0,1,degrees-celsius,FF,0.000000,0.000000,0.000000,0.000000,0
analog-value,125,A0125,ROOM TEMPERATURE CDZ4,FFF,F,F,0,1,degrees-celsius,FF,0.000000,0.000000,0.000000,0.000000,0
analog-value,126,A0126,ROOM TEMPERATURE CDZ5,FFF,F,F,0,1,degrees-celsius,FF,0.000000,0.000000,0.000000,0.000000,0
analog-value,127,A0127,ROOM TEMPERATURE CDZ6,FFF,F,F,0,1,degrees-celsius,FF,0.000000,0.000000,0.000000,0.000000,0
analog-value,128,A0128,ROOM TEMPERATURE CDZ7,FFF,F,F,0,1,degrees-celsius,FF,0.000000,0.000000,0.000000,0.000000,0
analog-value,129,A0129,ROOM TEMPERATURE CDZ8,FFF,F,F,0,1,degrees-celsius,FF,0.000000,0.000000,0.000000,0.000000,0
analog-value,130,A0130,ROOM TEMPERATURE CDZ9,FFF,F,F,0,1,degrees-celsius,FF,0.000000,0.000000,0.000000,0.000000,0
analog-value,131,A0131,ROOM TEMPERATURE CDZ10,FFF,F,F,0,1,degrees-celsius,FF,0.000000,0.000000,0.000000,0.000000,0
analog-value,132,A0132,DELIVERY AIR TEMPERATURE CDZ1,FFF,F,F,0,1,degrees-celsius,FF,0.000000,0.000000,0.000000,0.000000,0
analog-value,133,A0133,DELIVERY AIR TEMPERATURE CDZ2,FFF,F,F,0,1,degrees-celsius,FF,0.000000,0.000000,0.000000,0.000000,0
analog-value,134,A0134,DELIVERY AIR TEMPERATURE CDZ3,FFF,F,F,0,1,degrees-celsius,FF,0.000000,0.000000,0.000000,0.000000,0
analog-value,135,A0135,DELIVERY AIR TEMPERATURE CDZ4,FFF,F,F,0,1,degrees-celsius,FF,0.000000,0.000000,0.000000,0.000000,0
analog-value,136,A0136,DELIVERY AIR TEMPERATURE CDZ5,FFF,F,F,0,1,degrees-celsius,FF,0.000000,0.000000,0.000000,0.000000,0
analog-value,137,A0137,DELIVERY AIR TEMPERATURE CDZ6,FFF,F,F,0,1,degrees-celsius,FF,0.000000,0.000000,0.000000,0.000000,0
analog-value,138,A0138,DELIVERY AIR TEMPERATURE CDZ7,FFF,F,F,0,1,degrees-celsius,FF,0.000000,0.000000,0.000000,0.000000,0
analog-value,139,A0139,DELIVERY AIR TEMPERATURE CDZ8,FFF,F,F,0,1,degrees-celsius,FF,0.000000,0.000000,0.000000,0.000000,0
analog-value,140,A0140,DELIVERY AIR TEMPERATURE CDZ9,FFF,F,F,0,1,degrees-celsius,FF,0.000000,0.000000,0.000000,0.000000,0
analog-value,141,A0141,DELIVERY AIR TEMPERATURE CDZ10,FFF,F,F,0,1,degrees-celsius,FF,0.000000,0.000000,0.000000,0.000000,0
analog-value,142,A0142,ROOM RELATIVE HUMIDITY CDZ1,FFF,F,F,0,1,percent-relative-humidity,FF,0.000000,0.000000,0.000000,0.000000,0
analog-value,143,A0143,ROOM RELATIVE HUMIDITY CDZ2,FFF,F,F,0,1,percent-relative-humidity,FF,0.000000,0.000000,0.000000,0.000000,0
analog-value,144,A0144,ROOM RELATIVE HUMIDITY CDZ3,FFF,F,F,0,1,percent-relative-humidity,FF,0.000000,0.000000,0.000000,0.000000,0
analog-value,145,A0145,ROOM RELATIVE HUMIDITY CDZ4,FFF,F,F,0,1,percent-relative-humidity,FF,0.000000,0.000000,0.000000,0.000000,0
analog-value,146,A0146,ROOM RELATIVE HUMIDITY CDZ5,FFF,F,F,0,1,percent-relative-humidity,FF,0.000000,0.000000,0.000000,0.000000,0
analog-value,147,A0147,ROOM RELATIVE HUMIDITY CDZ6,FFF,F,F,0,1,percent-relative-humidity,FF,0.000000,0.000000,0.000000,0.000000,0
analog-value,148,A0148,ROOM RELATIVE HUMIDITY CDZ7,FFF,F,F,0,1,percent-relative-humidity,FF,0.000000,0.000000,0.000000,0.000000,0
analog-value,149,A0149,ROOM RELATIVE HUMIDITY CDZ8,FFF,F,F,0,1,percent-relative-humidity,FF,0.000000,0.000000,0.000000,0.000000,0
analog-value,150,A0150,ROOM RELATIVE HUMIDITY CDZ9,FFF,F,F,0,1,percent-relative-humidity,FF,0.000000,0.000000,0.000000,0.000000,0
analog-value,151,A0151,ROOM RELATIVE HUMIDITY CDZ10,FFF,F,F,0,1,percent-relative-humidity,FF,0.000000,0.000000,0.000000,0.000000,0
analog-value,152,A0152,CHILLED WATER TEMPERATURE CDZ1,FFF,F,F,0,1,degrees-celsius,FF,0.000000,0.000000,0.000000,0.000000,0
analog-value,153,A0153,CHILLED WATER TEMPERATURE CDZ2,FFF,F,F,0,1,degrees-celsius,FF,0.000000,0.000000,0.000000,0.000000,0
analog-value,154,A0154,CHILLED WATER TEMPERATURE CDZ3,FFF,F,F,0,1,degrees-celsius,FF,0.000000,0.000000,0.000000,0.000000,0
analog-value,155,A0155,CHILLED WATER TEMPERATURE CDZ4,FFF,F,F,0,1,degrees-celsius,FF,0.000000,0.000000,0.000000,0.000000,0
analog-value,156,A0156,CHILLED WATER TEMPERATURE CDZ5,FFF,F,F,0,1,degrees-celsius,FF,0.000000,0.000000,0.000000,0.000000,0
analog-value,157,A0157,CHILLED WATER TEMPERATURE CDZ6,FFF,F,F,0,1,degrees-celsius,FF,0.000000,0.000000,0.000000,0.000000,0
analog-value,158,A0158,CHILLED WATER TEMPERATURE CDZ7,FFF,F,F,0,1,degrees-celsius,FF,0.000000,0.000000,0.000000,0.000000,0
analog-value,159,A0159,CHILLED WATER TEMPERATURE CDZ8,FFF,F,F,0,1,degrees-celsius,FF,0.000000,0.000000,0.000000,0.000000,0
analog-value,160,A0160,CHILLED WATER TEMPERATURE CDZ9,FFF,F,F,0,1,degrees-celsius,FF,0.000000,0.000000,0.000000,0.000000,0
analog-value,161,A0161,CHILLED WATER TEMPERATURE CDZ10,FFF,F,F,0,1,degrees-celsius,FF,0.000000,0.000000,0.000000,0.000000,0
analog-value,162,A0162,EVAPORATING FAN SPEED CDZ1,FFF,F,F,0,1,percent,FF,0.000000,0.000000,0.000000,0.000000,0
analog-value,163,A0163,EVAPORATING FAN SPEED CDZ2,FFF,F,F,0,1,percent,FF,0.000000,0.000000,0.000000,0.000000,0
analog-value,164,A0164,EVAPORATING FAN SPEED CDZ3,FFF,F,F,0,1,percent,FF,0.000000,0.000000,0.000000,0.000000,0
analog-value,165,A0165,EVAPORATING FAN SPEED CDZ4,FFF,F,F,0,1,percent,FF,0.000000,0.000000,0.000000,0.000000,0
analog-value,166,A0166,EVAPORATING FAN SPEED CDZ5,FFF,F,F,0,1,percent,FF,0.000000,0.000000,0.000000,0.000000,0
analog-value,167,A0167,EVAPORATING FAN SPEED CDZ6,FFF,F,F,0,1,percent,FF,0.000000,0.000000,0.000000,0.000000,0
analog-value,168,A0168,EVAPORATING FAN SPEED CDZ7,FFF,F,F,0,1,percent,FF,0.000000,0.000000,0.000000,0.000000,0
analog-value,169,A0169,EVAPORATING FAN SPEED CDZ8,FFF,F,F,0,1,percent,FF,0.000000,0.000000,0.000000,0.000000,0
analog-value,170,A0170,EVAPORATING FAN SPEED CDZ9,FFF,F,F,0,1,percent,FF,0.000000,0.000000,0.000000,0.000000,0
analog-value,171,A0171,EVAPORATING FAN SPEED CDZ10,FFF,F,F,0,1,percent,FF,0.000000,0.000000,0.000000,0.000000,0
analog-value,172,A0172,ANALOG VARIABLE 122,FFF,F,F,0,1,no-units,FF,0.000000,0.000000,0.000000,0.000000,0
analog-value,173,A0173,ANALOG VARIABLE 123,FFF,F,F,0,1,no-units,FF,0.000000,0.000000,0.000000,0.000000,0
analog-value,174,A0174,ANALOG VARIABLE 124,FFF,F,F,0,1,no-units,FF,0.000000,0.000000,0.000000,0.000000,0
analog-value,175,A0175,ANALOG VARIABLE 125,FFF,F,F,0,1,no-units,FF,0.000000,0.000000,0.000000,0.000000,0
analog-value,176,A0176,ANALOG VARIABLE 126,FFF,F,F,0,1,no-units,FF,0.000000,0.000000,0.000000,0.000000,0
analog-value,177,A0177,ANALOG VARIABLE 127,FFF,F,F,0,1,no-units,FF,0.000000,0.000000,0.000000,0.000000,0
analog-value,178,A0178,ANALOG VARIABLE 128,FFF,F,F,0,1,no-units,FF,0.000000,0.000000,0.000000,0.000000,0
analog-value,179,A0179,ANALOG VARIABLE 129,FFF,F,F,0,1,no-units,FF,0.000000,0.000000,0.000000,0.000000,0
analog-value,180,A0180,ANALOG VARIABLE 130,FFF,F,F,0,1,no-units,FF,0.000000,0.000000,0.000000,0.000000,0
analog-value,181,A0181,ANALOG VARIABLE 181,FFF,F,F,0,1,no-units,FF,0.000000,0.000000,0.000000,0.000000,0
analog-value,182,A0182,ANALOG VARIABLE 182,FFF,F,F,0,1,no-units,FF,0.000000,0.000000,0.000000,0.000000,0
analog-value,183,A0183,ANALOG VARIABLE 183,FFF,F,F,0,1,no-units,FF,0.000000,0.000000,0.000000,0.000000,0
analog-value,184,A0184,ANALOG VARIABLE 184,FFF,F,F,0,1,no-units,FF,0.000000,0.000000,0.000000,0.000000,0
analog-value,185,A0185,ANALOG VARIABLE 185,FFF,F,F,0,1,no-units,FF,0.000000,0.000000,0.000000,0.000000,0
analog-value,186,A0186,ANALOG VARIABLE 186,FFF,F,F,0,1,no-units,FF,0.000000,0.000000,0.000000,0.000000,0
analog-value,187,A0187,ANALOG VARIABLE 187,FFF,F,F,0,1,no-units,FF,0.000000,0.000000,0.000000,0.000000,0
analog-value,188,A0188,ANALOG VARIABLE 188,FFF,F,F,0,1,no-units,FF,0.000000,0.000000,0.000000,0.000000,0
analog-value,189,A0189,ANALOG VARIABLE 189,FFF,F,F,0,1,no-units,FF,0.000000,0.000000,0.000000,0.000000,0
analog-value,190,A0190,ANALOG VARIABLE 190,FFF,F,F,0,1,no-units,FF,0.000000,0.000000,0.000000,0.000000,0
analog-value,191,A0191,ANALOG VARIABLE 191,FFF,F,F,0,1,no-units,FF,0.000000,0.000000,0.000000,0.000000,0
analog-value,192,A0192,ANALOG VARIABLE 192,FFF,F,F,0,1,no-units,FF,0.000000,0.000000,0.000000,0.000000,0
analog-value,193,A0193,ANALOG VARIABLE 193,FFF,F,F,0,1,no-units,FF,0.000000,0.000000,0.000000,0.000000,0
analog-value,194,A0194,ANALOG VARIABLE 194,FFF,F,F,0,1,no-units,FF,0.000000,0.000000,0.000000,0.000000,0
analog-value,195,A0195,ANALOG VARIABLE 195,FFF,F,F,0,1,no-units,FF,0.000000,0.000000,0.000000,0.000000,0
analog-value,196,A0196,ANALOG VARIABLE 196,FFF,F,F,0,1,no-units,FF,0.000000,0.000000,0.000000,0.000000,0
analog-value,197,A0197,ANALOG VARIABLE 197,FFF,F,F,0,1,no-units,FF,0.000000,0.000000,0.000000,0.000000,0
analog-value,198,A0198,ANALOG VARIABLE 198,FFF,F,F,0,1,no-units,FF,0.000000,0.000000,0.000000,0.000000,0
analog-value,199,A0199,ANALOG VARIABLE 199,FFF,F,F,0,1,no-units,FF,0.000000,0.000000,0.000000,0.000000,0
analog-value,200,A0200,ANALOG VARIABLE 200,FFF,F,F,0,1,no-units,FF,0.000000,0.000000,0.000000,0.000000,0
analog-value,201,A0201,ANALOG VARIABLE 201,FFF,F,F,0,1,no-units,FF,0.000000,0.000000,0.000000,0.000000,0
analog-value,202,A0202,ANALOG VARIABLE 202,FFF,F,F,0,1,no-units,FF,0.000000,0.000000,0.000000,0.000000,0
analog-value,203,A0203,ANALOG VARIABLE 203,FFF,F,F,0,1,no-units,FF,0.000000,0.000000,0.000000,0.000000,0
analog-value,204,A0204,ANALOG VARIABLE 204,FFF,F,F,0,1,no-units,FF,0.000000,0.000000,0.000000,0.000000,0
analog-value,205,A0205,ANALOG VARIABLE 205,FFF,F,F,0,1,no-units,FF,0.000000,0.000000,0.000000,0.000000,0
analog-value,206,A0206,ANALOG VARIABLE 206,FFF,F,F,0,1,no-units,FF,0.000000,0.000000,0.000000,0.000000,0
analog-value,207,A0207,ANALOG VARIABLE 207,FFF,F,F,0,1,no-units,FF,0.000000,0.000000,0.000000,0.000000,0
Object_Type,Object_Instance,Object_Name,Description,Event_Enable,Issue_Confirmed_Notifications,Ack_Required,Time_Delay,Priority,Units,Limit_Enable,High_Limit,Low_Limit,Deadband,COV_Increment,Notification_Class
analog-value,1001,I01,ALARM CODE AFM1,FFF,F,F,0,1,no-units,FF,0.000000,0.000000,0.000000,0.000000,0
analog-value,1002,I02,ALARM CODE AFM2,FFF,F,F,0,1,no-units,FF,0.000000,0.000000,0.000000,0.000000,0
analog-value,1003,I03,ALARM CODE AFM3,FFF,F,F,0,1,no-units,FF,0.000000,0.000000,0.000000,0.000000,0
analog-value,1004,I04,ALARM CODE AFM4,FFF,F,F,0,1,no-units,FF,0.000000,0.000000,0.000000,0.000000,0
analog-value,1005,I05,ALARM CODE AFM5,FFF,F,F,0,1,no-units,FF,0.000000,0.000000,0.000000,0.000000,0
analog-value,1006,I06,ALARM CODE AFM6,FFF,F,F,0,1,no-units,FF,0.000000,0.000000,0.000000,0.000000,0
analog-value,1007,I07,ALARM CODE AFM7,FFF,F,F,0,1,no-units,FF,0.000000,0.000000,0.000000,0.000000,0
analog-value,1008,I08,ALARM CODE AFM8,FFF,F,F,0,1,no-units,FF,0.000000,0.000000,0.000000,0.000000,0
analog-value,1009,I09,ALARM CODE AFM9,FFF,F,F,0,1,no-units,FF,0.000000,0.000000,0.000000,0.000000,0
analog-value,1010,I010,ALARM CODE AFM10,FFF,F,F,0,1,no-units,FF,0.000000,0.000000,0.000000,0.000000,0
analog-value,1011,I011,ALARM CODE AFM11,FFF,F,F,0,1,no-units,FF,0.000000,0.000000,0.000000,0.000000,0
analog-value,1012,I012,ALARM CODE AFM12,FFF,F,F,0,1,no-units,FF,0.000000,0.000000,0.000000,0.000000,0
analog-value,1013,I013,ALARM CODE AFM13,FFF,F,F,0,1,no-units,FF,0.000000,0.000000,0.000000,0.000000,0
analog-value,1014,I014,ALARM CODE AFM14,FFF,F,F,0,1,no-units,FF,0.000000,0.000000,0.000000,0.000000,0
analog-value,1015,I015,ALARM CODE AFM15,FFF,F,F,0,1,no-units,FF,0.000000,0.000000,0.000000,0.000000,0
analog-value,1016,I016,ALARM CODE AFM16,FFF,F,F,0,1,no-units,FF,0.000000,0.000000,0.000000,0.000000,0
analog-value,1017,I017,ALARM CODE AFM17,FFF,F,F,0,1,no-units,FF,0.000000,0.000000,0.000000,0.000000,0
analog-value,1018,I018,ALARM CODE AFM18,FFF,F,F,0,1,no-units,FF,0.000000,0.000000,0.000000,0.000000,0
analog-value,1019,I019,ALARM CODE AFM19,FFF,F,F,0,1,no-units,FF,0.000000,0.000000,0.000000,0.000000,0
analog-value,1020,I020,ALARM CODE AFM20,FFF,F,F,0,1,no-units,FF,0.000000,0.000000,0.000000,0.000000,0
analog-value,1021,I021,ALARM CODE AFM21,FFF,F,F,0,1,no-units,FF,0.000000,0.000000,0.000000,0.000000,0
analog-value,1022,I022,ALARM CODE AFM22,FFF,F,F,0,1,no-units,FF,0.000000,0.000000,0.000000,0.000000,0
analog-value,1023,I023,ALARM CODE AFM23,FFF,F,F,0,1,no-units,FF,0.000000,0.000000,0.000000,0.000000,0
analog-value,1024,I024,ALARM CODE AFM24,FFF,F,F,0,1,no-units,FF,0.000000,0.000000,0.000000,0.000000,0
analog-value,1025,I025,ALARM CODE AFM25,FFF,F,F,0,1,no-units,FF,0.000000,0.000000,0.000000,0.000000,0
analog-value,1026,I026,ALARM CODE AFM26,FFF,F,F,0,1,no-units,FF,0.000000,0.000000,0.000000,0.000000,0
analog-value,1027,I027,ALARM CODE AFM27,FFF,F,F,0,1,no-units,FF,0.000000,0.000000,0.000000,0.000000,0
analog-value,1028,I028,ALARM CODE AFM28,FFF,F,F,0,1,no-units,FF,0.000000,0.000000,0.000000,0.000000,0
analog-value,1029,I029,ALARM CODE AFM29,FFF,F,F,0,1,no-units,FF,0.000000,0.000000,0.000000,0.000000,0
analog-value,1030,I030,ALARM CODE AFM30,FFF,F,F,0,1,no-units,FF,0.000000,0.000000,0.000000,0.000000,0
analog-value,1031,I031,FAN SPEED AFM1,FFF,F,F,0,1,percent,FF,0.000000,0.000000,0.000000,0.000000,0
analog-value,1032,I032,FAN SPEED AFM2,FFF,F,F,0,1,percent,FF,0.000000,0.000000,0.000000,0.000000,0
analog-value,1033,I033,FAN SPEED AFM3,FFF,F,F,0,1,percent,FF,0.000000,0.000000,0.000000,0.000000,0
analog-value,1034,I034,FAN SPEED AFM4,FFF,F,F,0,1,percent,FF,0.000000,0.000000,0.000000,0.000000,0
analog-value,1035,I035,FAN SPEED AFM5,FFF,F,F,0,1,percent,FF,0.000000,0.000000,0.000000,0.000000,0
analog-value,1036,I036,FAN SPEED AFM6,FFF,F,F,0,1,percent,FF,0.000000,0.000000,0.000000,0.000000,0
analog-value,1037,I037,FAN SPEED AFM7,FFF,F,F,0,1,percent,FF,0.000000,0.000000,0.000000,0.000000,0
analog-value,1038,I038,FAN SPEED AFM8,FFF,F,F,0,1,percent,FF,0.000000,0.000000,0.000000,0.000000,0
analog-value,1039,I039,FAN SPEED AFM9,FFF,F,F,0,1,percent,FF,0.000000,0.000000,0.000000,0.000000,0
analog-value,1040,I040,FAN SPEED AFM10,FFF,F,F,0,1,percent,FF,0.000000,0.000000,0.000000,0.000000,0
analog-value,1041,I041,FAN SPEED AFM11,FFF,F,F,0,1,percent,FF,0.000000,0.000000,0.000000,0.000000,0
analog-value,1042,I042,FAN SPEED AFM12,FFF,F,F,0,1,percent,FF,0.000000,0.000000,0.000000,0.000000,0
analog-value,1043,I043,FAN SPEED AFM13,FFF,F,F,0,1,percent,FF,0.000000,0.000000,0.000000,0.000000,0
analog-value,1044,I044,FAN SPEED AFM14,FFF,F,F,0,1,percent,FF,0.000000,0.000000,0.000000,0.000000,0
analog-value,1045,I045,FAN SPEED AFM15,FFF,F,F,0,1,percent,FF,0.000000,0.000000,0.000000,0.000000,0
analog-value,1046,I046,FAN SPEED AFM16,FFF,F,F,0,1,percent,FF,0.000000,0.000000,0.000000,0.000000,0
analog-value,1047,I047,FAN SPEED AFM17,FFF,F,F,0,1,percent,FF,0.000000,0.000000,0.000000,0.000000,0
analog-value,1048,I048,FAN SPEED AFM18,FFF,F,F,0,1,percent,FF,0.000000,0.000000,0.000000,0.000000,0
analog-value,1049,I049,FAN SPEED AFM19,FFF,F,F,0,1,percent,FF,0.000000,0.000000,0.000000,0.000000,0
analog-value,1050,I050,FAN SPEED AFM20,FFF,F,F,0,1,percent,FF,0.000000,0.000000,0.000000,0.000000,0
analog-value,1051,I051,FAN SPEED AFM21,FFF,F,F,0,1,percent,FF,0.000000,0.000000,0.000000,0.000000,0
analog-value,1052,I052,FAN SPEED AFM22,FFF,F,F,0,1,percent,FF,0.000000,0.000000,0.000000,0.000000,0
analog-value,1053,I053,FAN SPEED AFM23,FFF,F,F,0,1,percent,FF,0.000000,0.000000,0.000000,0.000000,0
analog-value,1054,I054,FAN SPEED AFM24,FFF,F,F,0,1,percent,FF,0.000000,0.000000,0.000000,0.000000,0
analog-value,1055,I055,FAN SPEED AFM25,FFF,F,F,0,1,percent,FF,0.000000,0.000000,0.000000,0.000000,0
analog-value,1056,I056,FAN SPEED AFM26,FFF,F,F,0,1,percent,FF,0.000000,0.000000,0.000000,0.000000,0
analog-value,1057,I057,FAN SPEED AFM27,FFF,F,F,0,1,percent,FF,0.000000,0.000000,0.000000,0.000000,0
analog-value,1058,I058,FAN SPEED AFM28,FFF,F,F,0,1,percent,FF,0.000000,0.000000,0.000000,0.000000,0
analog-value,1059,I059,FAN SPEED AFM29,FFF,F,F,0,1,percent,FF,0.000000,0.000000,0.000000,0.000000,0
analog-value,1060,I060,FAN SPEED AFM30,FFF,F,F,0,1,percent,FF,0.000000,0.000000,0.000000,0.000000,0
analog-value,1061,I061,INTEGRAL TIME AFM1,FFF,F,F,0,1,seconds,FF,0.000000,0.000000,0.000000,0.000000,0
analog-value,1062,I062,INTEGRAL TIME AFM2,FFF,F,F,0,1,seconds,FF,0.000000,0.000000,0.000000,0.000000,0
analog-value,1063,I063,INTEGRAL TIME AFM3,FFF,F,F,0,1,seconds,FF,0.000000,0.000000,0.000000,0.000000,0
analog-value,1064,I064,INTEGRAL TIME AFM4,FFF,F,F,0,1,seconds,FF,0.000000,0.000000,0.000000,0.000000,0
analog-value,1065,I065,INTEGRAL TIME AFM5,FFF,F,F,0,1,seconds,FF,0.000000,0.000000,0.000000,0.000000,0
analog-value,1066,I066,INTEGRAL TIME AFM6,FFF,F,F,0,1,seconds,FF,0.000000,0.000000,0.000000,0.000000,0
analog-value,1067,I067,INTEGRAL TIME AFM7,FFF,F,F,0,1,seconds,FF,0.000000,0.000000,0.000000,0.000000,0
analog-value,1068,I068,INTEGRAL TIME AFM8,FFF,F,F,0,1,seconds,FF,0.000000,0.000000,0.000000,0.000000,0
analog-value,1069,I069,INTEGRAL TIME AFM9,FFF,F,F,0,1,seconds,FF,0.000000,0.000000,0.000000,0.000000,0
analog-value,1070,I070,INTEGRAL TIME AFM10,FFF,F,F,0,1,seconds,FF,0.000000,0.000000,0.000000,0.000000,0
analog-value,1071,I071,INTEGRAL TIME AFM11,FFF,F,F,0,1,seconds,FF,0.000000,0.000000,0.000000,0.000000,0
analog-value,1072,I072,INTEGRAL TIME AFM12,FFF,F,F,0,1,seconds,FF,0.000000,0.000000,0.000000,0.000000,0
analog-value,1073,I073,INTEGRAL TIME AFM13,FFF,F,F,0,1,seconds,FF,0.000000,0.000000,0.000000,0.000000,0
analog-value,1074,I074,INTEGRAL TIME AFM14,FFF,F,F,0,1,seconds,FF,0.000000,0.000000,0.000000,0.000000,0
analog-value,1075,I075,INTEGRAL TIME AFM15,FFF,F,F,0,1,seconds,FF,0.000000,0.000000,0.000000,0.000000,0
analog-value,1076,I076,INTEGRAL TIME AFM16,FFF,F,F,0,1,seconds,FF,0.000000,0.000000,0.000000,0.000000,0
analog-value,1077,I077,INTEGRAL TIME AFM17,FFF,F,F,0,1,seconds,FF,0.000000,0.000000,0.000000,0.000000,0
analog-value,1078,I078,INTEGRAL TIME AFM18,FFF,F,F,0,1,seconds,FF,0.000000,0.000000,0.000000,0.000000,0
analog-value,1079,I079,INTEGRAL TIME AFM19,FFF,F,F,0,1,seconds,FF,0.000000,0.000000,0.000000,0.000000,0
analog-value,1080,I080,INTEGRAL TIME AFM20,FFF,F,F,0,1,seconds,FF,0.000000,0.000000,0.000000,0.000000,0
analog-value,1081,I081,INTEGRAL TIME AFM21,FFF,F,F,0,1,seconds,FF,0.000000,0.000000,0.000000,0.000000,0
analog-value,1082,I082,INTEGRAL TIME AFM22,FFF,F,F,0,1,seconds,FF,0.000000,0.000000,0.000000,0.000000,0
analog-value,1083,I083,INTEGRAL TIME AFM23,FFF,F,F,0,1,seconds,FF,0.000000,0.000000,0.000000,0.000000,0
analog-value,1084,I084,INTEGRAL TIME AFM24,FFF,F,F,0,1,seconds,FF,0.000000,0.000000,0.000000,0.000000,0
analog-value,1085,I085,INTEGRAL TIME AFM25,FFF,F,F,0,1,seconds,FF,0.000000,0.000000,0.000000,0.000000,0
analog-value,1086,I086,INTEGRAL TIME AFM26,FFF,F,F,0,1,seconds,FF,0.000000,0.000000,0.000000,0.000000,0
analog-value,1087,I087,INTEGRAL TIME AFM27,FFF,F,F,0,1,seconds,FF,0.000000,0.000000,0.000000,0.000000,0
analog-value,1088,I088,INTEGRAL TIME AFM28,FFF,F,F,0,1,seconds,FF,0.000000,0.000000,0.000000,0.000000,0
analog-value,1089,I089,INTEGRAL TIME AFM29,FFF,F,F,0,1,seconds,FF,0.000000,0.000000,0.000000,0.000000,0
analog-value,1090,I090,INTEGRAL TIME AFM30,FFF,F,F,0,1,seconds,FF,0.000000,0.000000,0.000000,0.000000,0
analog-value,1091,I091,COLD WATER VALVE RAMP CDZ1,FFF,F,F,0,1,percent,FF,0.000000,0.000000,0.000000,0.000000,0
analog-value,1092,I092,COLD WATER VALVE RAMP CDZ2,FFF,F,F,0,1,percent,FF,0.000000,0.000000,0.000000,0.000000,0
analog-value,1093,I093,COLD WATER VALVE RAMP CDZ3,FFF,F,F,0,1,percent,FF,0.000000,0.000000,0.000000,0.000000,0
analog-value,1094,I094,COLD WATER VALVE RAMP CDZ4,FFF,F,F,0,1,percent,FF,0.000000,0.000000,0.000000,0.000000,0
analog-value,1095,I095,COLD WATER VALVE RAMP CDZ5,FFF,F,F,0,1,percent,FF,0.000000,0.000000,0.000000,0.000000,0
analog-value,1096,I096,COLD WATER VALVE RAMP CDZ6,FFF,F,F,0,1,percent,FF,0.000000,0.000000,0.000000,0.000000,0
analog-value,1097,I097,COLD WATER VALVE RAMP CDZ7,FFF,F,F,0,1,percent,FF,0.000000,0.000000,0.000000,0.000000,0
analog-value,1098,I098,COLD WATER VALVE RAMP CDZ8,FFF,F,F,0,1,percent,FF,0.000000,0.000000,0.000000,0.000000,0
analog-value,1099,I099,COLD WATER VALVE RAMP CDZ9,FFF,F,F,0,1,percent,FF,0.000000,0.000000,0.000000,0.000000,0
analog-value,1100,I100,COLD WATER VALVE RAMP CDZ10,FFF,F,F,0,1,percent,FF,0.000000,0.000000,0.000000,0.000000,0
analog-value,1101,I101,STATUS CDZ1,FFF,F,F,0,1,no-units,FF,0.000000,0.000000,0.000000,0.000000,0
analog-value,1102,I102,STATUS CDZ2,FFF,F,F,0,1,no-units,FF,0.000000,0.000000,0.000000,0.000000,0
analog-value,1103,I103,STATUS CDZ3,FFF,F,F,0,1,no-units,FF,0.000000,0.000000,0.000000,0.000000,0
analog-value,1104,I104,STATUS CDZ4,FFF,F,F,0,1,no-units,FF,0.000000,0.000000,0.000000,0.000000,0
analog-value,1105,I105,STATUS CDZ5,FFF,F,F,0,1,no-units,FF,0.000000,0.000000,0.000000,0.000000,0
analog-value,1106,I106,STATUS CDZ6,FFF,F,F,0,1,no-units,FF,0.000000,0.000000,0.000000,0.000000,0
analog-value,1107,I107,STATUS CDZ7,FFF,F,F,0,1,no-units,FF,0.000000,0.000000,0.000000,0.000000,0
analog-value,1108,I108,STATUS CDZ8,FFF,F,F,0,1,no-units,FF,0.000000,0.000000,0.000000,0.000000,0
analog-value,1109,I109,STATUS CDZ9,FFF,F,F,0,1,no-units,FF,0.000000,0.000000,0.000000,0.000000,0
analog-value,1110,I110,STATUS CDZ10,FFF,F,F,0,1,no-units,FF,0.000000,0.000000,0.000000,0.000000,0
analog-value,1111,I111,ALARM CODE A CDZ1,FFF,F,F,0,1,no-units,FF,0.000000,0.000000,0.000000,0.000000,0
analog-value,1112,I112,ALARM CODE A CDZ2,FFF,F,F,0,1,no-units,FF,0.000000,0.000000,0.000000,0.000000,0
analog-value,1113,I113,ALARM CODE A CDZ3,FFF,F,F,0,1,no-units,FF,0.000000,0.000000,0.000000,0.000000,0
analog-value,1114,I114,ALARM CODE A CDZ4,FFF,F,F,0,1,no-units,FF,0.000000,0.000000,0.000000,0.000000,0
analog-value,1115,I115,ALARM CODE A CDZ5,FFF,F,F,0,1,no-units,FF,0.000000,0.000000,0.000000,0.000000,0
analog-value,1116,I116,ALARM CODE A CDZ6,FFF,F,F,0,1,no-units,FF,0.000000,0.000000,0.000000,0.000000,0
analog-value,1117,I117,ALARM CODE A CDZ7,FFF,F,F,0,1,no-units,FF,0.000000,0.000000,0.000000,0.000000,0
analog-value,1118,I118,ALARM CODE A CDZ8,FFF,F,F,0,1,no-units,FF,0.000000,0.000000,0.000000,0.000000,0
analog-value,1119,I119,ALARM CODE A CDZ9,FFF,F,F,0,1,no-units,FF,0.000000,0.000000,0.000000,0.000000,0
analog-value,1120,I120,ALARM CODE A CDZ10,FFF,F,F,0,1,no-units,FF,0.000000,0.000000,0.000000,0.000000,0
analog-value,1121,I121,ALARM CODE B CDZ1,FFF,F,F,0,1,no-units,FF,0.000000,0.000000,0.000000,0.000000,0
analog-value,1122,I122,ALARM CODE B CDZ2,FFF,F,F,0,1,no-units,FF,0.000000,0.000000,0.000000,0.000000,0
analog-value,1123,I123,ALARM CODE B CDZ3,FFF,F,F,0,1,no-units,FF,0.000000,0.000000,0.000000,0.000000,0
analog-value,1124,I124,ALARM CODE B CDZ4,FFF,F,F,0,1,no-units,FF,0.000000,0.000000,0.000000,0.000000,0
analog-value,1125,I125,ALARM CODE B CDZ5,FFF,F,F,0,1,no-units,FF,0.000000,0.000000,0.000000,0.000000,0
analog-value,1126,I126,ALARM CODE B CDZ6,FFF,F,F,0,1,no-units,FF,0.000000,0.000000,0.000000,0.000000,0
analog-value,1127,I127,ALARM CODE B CDZ7,FFF,F,F,0,1,no-units,FF,0.000000,0.000000,0.000000,0.000000,0
analog-value,1128,I128,ALARM CODE B CDZ8,FFF,F,F,0,1,no-units,FF,0.000000,0.000000,0.000000,0.000000,0
analog-value,1129,I129,ALARM CODE B CDZ9,FFF,F,F,0,1,no-units,FF,0.000000,0.000000,0.000000,0.000000,0
analog-value,1130,I130,ALARM CODE B CDZ10,FFF,F,F,0,1,no-units,FF,0.000000,0.000000,0.000000,0.000000,0
analog-value,1131,I131,INTEGER VARIABLE 131,FFF,F,F,0,1,no-units,FF,0.000000,0.000000,0.000000,0.000000,0
analog-value,1132,I132,INTEGER VARIABLE 132,FFF,F,F,0,1,no-units,FF,0.000000,0.000000,0.000000,0.000000,0
analog-value,1133,I133,INTEGER VARIABLE 133,FFF,F,F,0,1,no-units,FF,0.000000,0.000000,0.000000,0.000000,0
analog-value,1134,I134,INTEGER VARIABLE 134,FFF,F,F,0,1,no-units,FF,0.000000,0.000000,0.000000,0.000000,0
analog-value,1135,I135,INTEGER VARIABLE 135,FFF,F,F,0,1,no-units,FF,0.000000,0.000000,0.000000,0.000000,0
analog-value,1136,I136,INTEGER VARIABLE 136,FFF,F,F,0,1,no-units,FF,0.000000,0.000000,0.000000,0.000000,0
analog-value,1137,I137,INTEGER VARIABLE 137,FFF,F,F,0,1,no-units,FF,0.000000,0.000000,0.000000,0.000000,0
analog-value,1138,I138,INTEGER VARIABLE 138,FFF,F,F,0,1,no-units,FF,0.000000,0.000000,0.000000,0.000000,0
analog-value,1139,I139,INTEGER VARIABLE 139,FFF,F,F,0,1,no-units,FF,0.000000,0.000000,0.000000,0.000000,0
analog-value,1140,I140,INTEGER VARIABLE 140,FFF,F,F,0,1,no-units,FF,0.000000,0.000000,0.000000,0.000000,0
analog-value,1141,I141,INTEGER VARIABLE 141,FFF,F,F,0,1,no-units,FF,0.000000,0.000000,0.000000,0.000000,0
analog-value,1142,I142,INTEGER VARIABLE 142,FFF,F,F,0,1,no-units,FF,0.000000,0.000000,0.000000,0.000000,0
analog-value,1143,I143,INTEGER VARIABLE 143,FFF,F,F,0,1,no-units,FF,0.000000,0.000000,0.000000,0.000000,0
analog-value,1144,I144,INTEGER VARIABLE 144,FFF,F,F,0,1,no-units,FF,0.000000,0.000000,0.000000,0.000000,0
analog-value,1145,I145,INTEGER VARIABLE 145,FFF,F,F,0,1,no-units,FF,0.000000,0.000000,0.000000,0.000000,0
analog-value,1146,I146,INTEGER VARIABLE 146,FFF,F,F,0,1,no-units,FF,0.000000,0.000000,0.000000,0.000000,0
analog-value,1147,I147,INTEGER VARIABLE 147,FFF,F,F,0,1,no-units,FF,0.000000,0.000000,0.000000,0.000000,0
analog-value,1148,I148,INTEGER VARIABLE 148,FFF,F,F,0,1,no-units,FF,0.000000,0.000000,0.000000,0.000000,0
analog-value,1149,I149,INTEGER VARIABLE 149,FFF,F,F,0,1,no-units,FF,0.000000,0.000000,0.000000,0.000000,0
analog-value,1150,I150,INTEGER VARIABLE 150,FFF,F,F,0,1,no-units,FF,0.000000,0.000000,0.000000,0.000000,0
analog-value,1151,I151,INTEGER VARIABLE 151,FFF,F,F,0,1,no-units,FF,0.000000,0.000000,0.000000,0.000000,0
analog-value,1152,I152,INTEGER VARIABLE 152,FFF,F,F,0,1,no-units,FF,0.000000,0.000000,0.000000,0.000000,0
analog-value,1153,I153,INTEGER VARIABLE 153,FFF,F,F,0,1,no-units,FF,0.000000,0.000000,0.000000,0.000000,0
analog-value,1154,I154,INTEGER VARIABLE 154,FFF,F,F,0,1,no-units,FF,0.000000,0.000000,0.000000,0.000000,0
analog-value,1155,I155,INTEGER VARIABLE 155,FFF,F,F,0,1,no-units,FF,0.000000,0.000000,0.000000,0.000000,0
analog-value,1156,I156,INTEGER VARIABLE 156,FFF,F,F,0,1,no-units,FF,0.000000,0.000000,0.000000,0.000000,0
analog-value,1157,I157,INTEGER VARIABLE 157,FFF,F,F,0,1,no-units,FF,0.000000,0.000000,0.000000,0.000000,0
analog-value,1158,I158,INTEGER VARIABLE 158,FFF,F,F,0,1,no-units,FF,0.000000,0.000000,0.000000,0.000000,0
analog-value,1159,I159,INTEGER VARIABLE 159,FFF,F,F,0,1,no-units,FF,0.000000,0.000000,0.000000,0.000000,0
analog-value,1160,I160,INTEGER VARIABLE 160,FFF,F,F,0,1,no-units,FF,0.000000,0.000000,0.000000,0.000000,0
analog-value,1161,I161,INTEGER VARIABLE 161,FFF,F,F,0,1,no-units,FF,0.000000,0.000000,0.000000,0.000000,0
analog-value,1162,I162,INTEGER VARIABLE 162,FFF,F,F,0,1,no-units,FF,0.000000,0.000000,0.000000,0.000000,0
analog-value,1163,I163,INTEGER VARIABLE 163,FFF,F,F,0,1,no-units,FF,0.000000,0.000000,0.000000,0.000000,0
analog-value,1164,I164,INTEGER VARIABLE 164,FFF,F,F,0,1,no-units,FF,0.000000,0.000000,0.000000,0.000000,0
analog-value,1165,I165,INTEGER VARIABLE 165,FFF,F,F,0,1,no-units,FF,0.000000,0.000000,0.000000,0.000000,0
analog-value,1166,I166,INTEGER VARIABLE 166,FFF,F,F,0,1,no-units,FF,0.000000,0.000000,0.000000,0.000000,0
analog-value,1167,I167,INTEGER VARIABLE 167,FFF,F,F,0,1,no-units,FF,0.000000,0.000000,0.000000,0.000000,0
analog-value,1168,I168,INTEGER VARIABLE 168,FFF,F,F,0,1,no-units,FF,0.000000,0.000000,0.000000,0.000000,0
analog-value,1169,I169,INTEGER VARIABLE 169,FFF,F,F,0,1,no-units,FF,0.000000,0.000000,0.000000,0.000000,0
analog-value,1170,I170,INTEGER VARIABLE 170,FFF,F,F,0,1,no-units,FF,0.000000,0.000000,0.000000,0.000000,0
analog-value,1171,I171,INTEGER VARIABLE 171,FFF,F,F,0,1,no-units,FF,0.000000,0.000000,0.000000,0.000000,0
analog-value,1172,I172,INTEGER VARIABLE 172,FFF,F,F,0,1,no-units,FF,0.000000,0.000000,0.000000,0.000000,0
analog-value,1173,I173,INTEGER VARIABLE 173,FFF,F,F,0,1,no-units,FF,0.000000,0.000000,0.000000,0.000000,0
analog-value,1174,I174,INTEGER VARIABLE 174,FFF,F,F,0,1,no-units,FF,0.000000,0.000000,0.000000,0.000000,0
analog-value,1175,I175,INTEGER VARIABLE 175,FFF,F,F,0,1,no-units,FF,0.000000,0.000000,0.000000,0.000000,0
analog-value,1176,I176,INTEGER VARIABLE 176,FFF,F,F,0,1,no-units,FF,0.000000,0.000000,0.000000,0.000000,0
analog-value,1177,I177,INTEGER VARIABLE 177,FFF,F,F,0,1,no-units,FF,0.000000,0.000000,0.000000,0.000000,0
analog-value,1178,I178,INTEGER VARIABLE 178,FFF,F,F,0,1,no-units,FF,0.000000,0.000000,0.000000,0.000000,0
analog-value,1179,I179,INTEGER VARIABLE 179,FFF,F,F,0,1,no-units,FF,0.000000,0.000000,0.000000,0.000000,0
analog-value,1180,I180,INTEGER VARIABLE 180,FFF,F,F,0,1,no-units,FF,0.000000,0.000000,0.000000,0.000000,0
analog-value,1181,I181,INTEGER VARIABLE 181,FFF,F,F,0,1,no-units,FF,0.000000,0.000000,0.000000,0.000000,0
analog-value,1182,I182,INTEGER VARIABLE 182,FFF,F,F,0,1,no-units,FF,0.000000,0.000000,0.000000,0.000000,0
analog-value,1183,I183,INTEGER VARIABLE 183,FFF,F,F,0,1,no-units,FF,0.000000,0.000000,0.000000,0.000000,0
analog-value,1184,I184,INTEGER VARIABLE 184,FFF,F,F,0,1,no-units,FF,0.000000,0.000000,0.000000,0.000000,0
analog-value,1185,I185,INTEGER VARIABLE 185,FFF,F,F,0,1,no-units,FF,0.000000,0.000000,0.000000,0.000000,0
analog-value,1186,I186,INTEGER VARIABLE 186,FFF,F,F,0,1,no-units,FF,0.000000,0.000000,0.000000,0.000000,0
analog-value,1187,I187,INTEGER VARIABLE 187,FFF,F,F,0,1,no-units,FF,0.000000,0.000000,0.000000,0.000000,0
analog-value,1188,I188,INTEGER VARIABLE 188,FFF,F,F,0,1,no-units,FF,0.000000,0.000000,0.000000,0.000000,0
analog-value,1189,I189,INTEGER VARIABLE 189,FFF,F,F,0,1,no-units,FF,0.000000,0.000000,0.000000,0.000000,0
analog-value,1190,I190,INTEGER VARIABLE 190,FFF,F,F,0,1,no-units,FF,0.000000,0.000000,0.000000,0.000000,0
analog-value,1191,I191,INTEGER VARIABLE 191,FFF,F,F,0,1,no-units,FF,0.000000,0.000000,0.000000,0.000000,0
analog-value,1192,I192,INTEGER VARIABLE 192,FFF,F,F,0,1,no-units,FF,0.000000,0.000000,0.000000,0.000000,0
analog-value,1193,I193,INTEGER VARIABLE 193,FFF,F,F,0,1,no-units,FF,0.000000,0.000000,0.000000,0.000000,0
analog-value,1194,I194,INTEGER VARIABLE 194,FFF,F,F,0,1,no-units,FF,0.000000,0.000000,0.000000,0.000000,0
analog-value,1195,I195,INTEGER VARIABLE 195,FFF,F,F,0,1,no-units,FF,0.000000,0.000000,0.000000,0.000000,0
analog-value,1196,I196,INTEGER VARIABLE 196,FFF,F,F,0,1,no-units,FF,0.000000,0.000000,0.000000,0.000000,0
analog-value,1197,I197,INTEGER VARIABLE 197,FFF,F,F,0,1,no-units,FF,0.000000,0.000000,0.000000,0.000000,0
analog-value,1198,I198,INTEGER VARIABLE 198,FFF,F,F,0,1,no-units,FF,0.000000,0.000000,0.000000,0.000000,0
analog-value,1199,I199,INTEGER VARIABLE 199,FFF,F,F,0,1,no-units,FF,0.000000,0.000000,0.000000,0.000000,0
analog-value,1200,I200,INTEGER VARIABLE 200,FFF,F,F,0,1,no-units,FF,0.000000,0.000000,0.000000,0.000000,0
analog-value,1201,I201,INTEGER VARIABLE 201,FFF,F,F,0,1,no-units,FF,0.000000,0.000000,0.000000,0.000000,0
analog-value,1202,I202,INTEGER VARIABLE 202,FFF,F,F,0,1,no-units,FF,0.000000,0.000000,0.000000,0.000000,0
analog-value,1203,I203,INTEGER VARIABLE 203,FFF,F,F,0,1,no-units,FF,0.000000,0.000000,0.000000,0.000000,0
analog-value,1204,I204,INTEGER VARIABLE 204,FFF,F,F,0,1,no-units,FF,0.000000,0.000000,0.000000,0.000000,0
analog-value,1205,I205,INTEGER VARIABLE 205,FFF,F,F,0,1,no-units,FF,0.000000,0.000000,0.000000,0.000000,0
analog-value,1206,I206,INTEGER VARIABLE 206,FFF,F,F,0,1,no-units,FF,0.000000,0.000000,0.000000,0.000000,0
analog-value,1207,I207,INTEGER VARIABLE 207,FFF,F,F,0,1,no-units,FF,0.000000,0.000000,0.000000,0.000000,0
Object_Type,Object_Instance,Object_Name,Description,Event_Enable,Issue_Confirmed_Notifications,Ack_Required,Time_Delay,Priority,Inactive_Text,Active_Text,Alarm_Value,Notification_Class
binary-value,1,D01,ENABLE AFM1,FFF,F,F,0,1,1,Off,0,0
binary-value,2,D02,LAN CONNECTION FAILED AFM1,FFF,F,F,0,1,1,Off,0,0
binary-value,3,D03,REGULATION ACTIVE AFM1,FFF,F,F,0,1,1,Off,0,0
binary-value,4,D04,ALARM AFM1,FFF,F,F,0,1,1,Off,0,0
binary-value,5,D05,ENABLE AFM2,FFF,F,F,0,1,1,Off,0,0
binary-value,6,D06,LAN CONNECTION FAILED AFM2,FFF,F,F,0,1,1,Off,0,0
binary-value,7,D07,REGULATION ACTIVE AFM2,FFF,F,F,0,1,1,Off,0,0
binary-value,8,D08,ALARM AFM2,FFF,F,F,0,1,1,Off,0,0
binary-value,9,D09,ENABLE AFM3,FFF,F,F,0,1,1,Off,0,0
binary-value,10,D010,LAN CONNECTION FAILED AFM3,FFF,F,F,0,1,1,Off,0,0
binary-value,11,D011,REGULATION ACTIVE AFM3,FFF,F,F,0,1,1,Off,0,0
binary-value,12,D012,ALARM AFM3,FFF,F,F,0,1,1,Off,0,0
binary-value,13,D013,ENABLE AFM4,FFF,F,F,0,1,1,Off,0,0
binary-value,14,D014,LAN CONNECTION FAILED AFM4,FFF,F,F,0,1,1,Off,0,0
binary-value,15,D015,REGULATION ACTIVE AFM4,FFF,F,F,0,1,1,Off,0,0
binary-value,16,D016,ALARM AFM4,FFF,F,F,0,1,1,Off,0,0
binary-value,17,D017,ENABLE AFM5,FFF,F,F,0,1,1,Off,0,0
binary-value,18,D018,LAN CONNECTION FAILED AFM5,FFF,F,F,0,1,1,Off,0,0
binary-value,19,D019,REGULATION ACTIVE AFM5,FFF,F,F,0,1,1,Off,0,0
binary-value,20,D020,ALARM AFM5,FFF,F,F,0,1,1,Off,0,0
binary-value,21,D021,ENABLE AFM6,FFF,F,F,0,1,1,Off,0,0
binary-value,22,D022,LAN CONNECTION FAILED AFM6,FFF,F,F,0,1,1,Off,0,0
binary-value,23,D023,REGULATION ACTIVE AFM6,FFF,F,F,0,1,1,Off,0,0
binary-value,24,D024,ALARM AFM6,FFF,F,F,0,1,1,Off,0,0
binary-value,25,D025,ENABLE AFM7,FFF,F,F,0,1,1,Off,0,0
binary-value,26,D026,LAN CONNECTION FAILED AFM7,FFF,F,F,0,1,1,Off,0,0
binary-value,27,D027,REGULATION ACTIVE AFM7,FFF,F,F,0,1,1,Off,0,0
binary-value,28,D028,ALARM AFM7,FFF,F,F,0,1,1,Off,0,0
binary-value,29,D029,ENABLE AFM8,FFF,F,F,0,1,1,Off,0,0
binary-value,30,D030,LAN CONNECTION FAILED AFM8,FFF,F,F,0,1,1,Off,0,0
binary-value,31,D031,REGULATION ACTIVE AFM8,FFF,F,F,0,1,1,Off,0,0
binary-value,32,D032,ALARM AFM8,FFF,F,F,0,1,1,Off,0,0
binary-value,33,D033,ENABLE AFM9,FFF,F,F,0,1,1,Off,0,0
binary-value,34,D034,LAN CONNECTION FAILED AFM9,FFF,F,F,0,1,1,Off,0,0
binary-value,35,D035,REGULATION ACTIVE AFM9,FFF,F,F,0,1,1,Off,0,0
binary-value,36,D036,ALARM AFM9,FFF,F,F,0,1,1,Off,0,0
binary-value,37,D037,ENABLE AFM10,FFF,F,F,0,1,1,Off,0,0
binary-value,38,D038,LAN CONNECTION FAILED AFM10,FFF,F,F,0,1,1,Off,0,0
binary-value,39,D039,REGULATION ACTIVE AFM10,FFF,F,F,0,1,1,Off,0,0
binary-value,40,D040,ALARM AFM10,FFF,F,F,0,1,1,Off,0,0
binary-value,41,D041,ENABLE AFM11,FFF,F,F,0,1,1,Off,0,0
binary-value,42,D042,LAN CONNECTION FAILED AFM11,FFF,F,F,0,1,1,Off,0,0
binary-value,43,D043,REGULATION ACTIVE AFM11,FFF,F,F,0,1,1,Off,0,0
binary-value,44,D044,ALARM AFM11,FFF,F,F,0,1,1,Off,0,0
binary-value,45,D045,ENABLE AFM12,FFF,F,F,0,1,1,Off,0,0
binary-value,46,D046,LAN CONNECTION FAILED AFM12,FFF,F,F,0,1,1,Off,0,0
binary-value,47,D047,REGULATION ACTIVE AFM12,FFF,F,F,0,1,1,Off,0,0
binary-value,48,D048,ALARM AFM12,FFF,F,F,0,1,1,Off,0,0
binary-value,49,D049,ENABLE AFM13,FFF,F,F,0,1,1,Off,0,0
binary-value,50,D050,LAN CONNECTION FAILED AFM13,FFF,F,F,0,1,1,Off,0,0
binary-value,51,D051,REGULATION ACTIVE AFM13,FFF,F,F,0,1,1,Off,0,0
binary-value,52,D052,ALARM AFM13,FFF,F,F,0,1,1,Off,0,0
binary-value,53,D053,ENABLE AFM14,FFF,F,F,0,1,1,Off,0,0
binary-value,54,D054,LAN CONNECTION FAILED AFM14,FFF,F,F,0,1,1,Off,0,0
binary-value,55,D055,REGULATION ACTIVE AFM14,FFF,F,F,0,1,1,Off,0,0
binary-value,56,D056,ALARM AFM14,FFF,F,F,0,1,1,Off,0,0
binary-value,57,D057,ENABLE AFM15,FFF,F,F,0,1,1,Off,0,0
binary-value,58,D058,LAN CONNECTION FAILED AFM15,FFF,F,F,0,1,1,Off,0,0
binary-value,59,D059,REGULATION ACTIVE AFM15,FFF,F,F,0,1,1,Off,0,0
binary-value,60,D060,ALARM AFM15,FFF,F,F,0,1,1,Off,0,0
binary-value,61,D061,ENABLE AFM16,FFF,F,F,0,1,1,Off,0,0
binary-value,62,D062,LAN CONNECTION FAILED AFM16,FFF,F,F,0,1,1,Off,0,0
binary-value,63,D063,REGULATION ACTIVE AFM16,FFF,F,F,0,1,1,Off,0,0
binary-value,64,D064,ALARM AFM16,FFF,F,F,0,1,1,Off,0,0
binary-value,65,D065,ENABLE AFM17,FFF,F,F,0,1,1,Off,0,0
binary-value,66,D066,LAN CONNECTION FAILED AFM17,FFF,F,F,0,1,1,Off,0,0
binary-value,67,D067,REGULATION ACTIVE AFM17,FFF,F,F,0,1,1,Off,0,0
binary-value,68,D068,ALARM AFM17,FFF,F,F,0,1,1,Off,0,0
binary-value,69,D069,ENABLE AFM18,FFF,F,F,0,1,1,Off,0,0
binary-value,70,D070,LAN CONNECTION FAILED AFM18,FFF,F,F,0,1,1,Off,0,0
binary-value,71,D071,REGULATION ACTIVE AFM18,FFF,F,F,0,1,1,Off,0,0
binary-value,72,D072,ALARM AFM18,FFF,F,F,0,1,1,Off,0,0
binary-value,73,D073,ENABLE AFM19,FFF,F,F,0,1,1,Off,0,0
binary-value,74,D074,LAN CONNECTION FAILED AFM19,FFF,F,F,0,1,Off,On,0,0
binary-value,75,D075,REGULATION ACTIVE AFM19,FFF,F,F,0,1,Off,On,0,0
binary-value,76,D076,ALARM AFM19,FFF,F,F,0,1,Off,On,0,0
binary-value,77,D077,ENABLE AFM20,FFF,F,F,0,1,Off,On,0,0
binary-value,78,D078,LAN CONNECTION FAILED AFM20,FFF,F,F,0,1,Off,On,0,0
binary-value,79,D079,REGULATION ACTIVE AFM20,FFF,F,F,0,1,Off,On,0,0
binary-value,80,D080,ALARM AFM20,FFF,F,F,0,1,Off,On,0,0
binary-value,81,D081,ENABLE AFM21,FFF,F,F,0,1,Off,On,0,0
binary-value,82,D082,LAN CONNECTION FAILED AFM21,FFF,F,F,0,1,Off,On,0,0
binary-value,83,D083,REGULATION ACTIVE AFM21,FFF,F,F,0,1,Off,On,0,0
binary-value,84,D084,ALARM AFM21,FFF,F,F,0,1,Off,On,0,0
binary-value,85,D085,ENABLE AFM22,FFF,F,F,0,1,Off,On,0,0
binary-value,86,D086,LAN CONNECTION FAILED AFM22,FFF,F,F,0,1,Off,On,0,0
binary-value,87,D087,REGULATION ACTIVE AFM22,FFF,F,F,0,1,Off,On,0,0
binary-value,88,D088,ALARM AFM22,FFF,F,F,0,1,Off,On,0,0
binary-value,89,D089,ENABLE AFM23,FFF,F,F,0,1,Off,On,0,0
binary-value,90,D090,LAN CONNECTION FAILED AFM23,FFF,F,F,0,1,Off,On,0,0
binary-value,91,D091,REGULATION ACTIVE AFM23,FFF,F,F,0,1,Off,On,0,0
binary-value,92,D092,ALARM AFM23,FFF,F,F,0,1,Off,On,0,0
binary-value,93,D093,ENABLE AFM24,FFF,F,F,0,1,Off,On,0,0
binary-value,94,D094,LAN CONNECTION FAILED AFM24,FFF,F,F,0,1,Off,On,0,0
binary-value,95,D095,REGULATION ACTIVE AFM24,FFF,F,F,0,1,Off,On,0,0
binary-value,96,D096,ALARM AFM24,FFF,F,F,0,1,Off,On,0,0
binary-value,97,D097,ENABLE AFM25,FFF,F,F,0,1,Off,On,0,0
binary-value,98,D098,LAN CONNECTION FAILED AFM25,FFF,F,F,0,1,Off,On,0,0
binary-value,99,D099,REGULATION ACTIVE AFM25,FFF,F,F,0,1,Off,On,0,0
binary-value,100,D0100,ALARM AFM25,FFF,F,F,0,1,Off,On,0,0
binary-value,101,D0101,ENABLE AFM26,FFF,F,F,0,1,Off,On,0,0
binary-value,102,D0102,LAN CONNECTION FAILED AFM26,FFF,F,F,0,1,Off,On,0,0
binary-value,103,D0103,REGULATION ACTIVE AFM26,FFF,F,F,0,1,Off,On,0,0
binary-value,104,D0104,ALARM AFM26,FFF,F,F,0,1,Off,On,0,0
binary-value,105,D0105,ENABLE AFM27,FFF,F,F,0,1,Off,On,0,0
binary-value,106,D0106,LAN CONNECTION FAILED AFM27,FFF,F,F,0,1,Off,On,0,0
binary-value,107,D0107,REGULATION ACTIVE AFM27,FFF,F,F,0,1,Off,On,0,0
binary-value,108,D0108,ALARM AFM27,FFF,F,F,0,1,Off,On,0,0
binary-value,109,D0109,ENABLE AFM28,FFF,F,F,0,1,Off,On,0,0
binary-value,110,D0110,LAN CONNECTION FAILED AFM28,FFF,F,F,0,1,Off,On,0,0
binary-value,111,D0111,REGULATION ACTIVE AFM28,FFF,F,F,0,1,Off,On,0,0
binary-value,112,D0112,ALARM AFM28,FFF,F,F,0,1,Off,On,0,0
binary-value,113,D0113,ENABLE AFM29,FFF,F,F,0,1,Off,On,0,0
binary-value,114,D0114,LAN CONNECTION FAILED AFM29,FFF,F,F,0,1,Off,On,0,0
binary-value,115,D0115,REGULATION ACTIVE AFM29,FFF,F,F,0,1,Off,On,0,0
binary-value,116,D0116,ALARM AFM29,FFF,F,F,0,1,Off,On,0,0
binary-value,117,D0117,ENABLE AFM30,FFF,F,F,0,1,Off,On,0,0
binary-value,118,D0118,LAN CONNECTION FAILED AFM30,FFF,F,F,0,1,Off,On,0,0
binary-value,119,D0119,REGULATION ACTIVE AFM30,FFF,F,F,0,1,Off,On,0,0
binary-value,120,D0120,ALARM AFM30,FFF,F,F,0,1,Off,On,0,0
binary-value,121,D0121,Buzzer and Alarm Unit Reset,FFF,F,F,0,1,Off,On,0,0
binary-value,122,D0122,System On (Fan) CDZ 1,FFF,F,F,0,1,Off,On,0,0
binary-value,123,D0123,System On (Fan) CDZ 2,FFF,F,F,0,1,Off,On,0,0
binary-value,124,D0124,System On (Fan) CDZ 3,FFF,F,F,0,1,Off,On,0,0
binary-value,125,D0125,System On (Fan) CDZ 4,FFF,F,F,0,1,Off,On,0,0
binary-value,126,D0126,System On (Fan) CDZ 5,FFF,F,F,0,1,Off,On,0,0
binary-value,127,D0127,System On (Fan) CDZ 6,FFF,F,F,0,1,Off,On,0,0
binary-value,128,D0128,System On (Fan) CDZ 7,FFF,F,F,0,1,Off,On,0,0
binary-value,129,D0129,System On (Fan) CDZ 8,FFF,F,F,0,1,Off,On,0,0
binary-value,130,D0130,System On (Fan) CDZ 9,FFF,F,F,0,1,Off,On,0,0
binary-value,131,D0131,System On (Fan) CDZ 10,FFF,F,F,0,1,Off,On,0,0
binary-value,132,D0132,General Alarm CDZ1,FFF,F,F,0,1,Off,On,0,0
binary-value,133,D0133,General Alarm CDZ2,FFF,F,F,0,1,Off,On,0,0
binary-value,134,D0134,General Alarm CDZ3,FFF,F,F,0,1,Off,On,0,0
binary-value,135,D0135,General Alarm CDZ4,FFF,F,F,0,1,Off,On,0,0
binary-value,136,D0136,General Alarm CDZ5,FFF,F,F,0,1,Off,On,0,0
binary-value,137,D0137,General Alarm CDZ6,FFF,F,F,0,1,Off,On,0,0
binary-value,138,D0138,General Alarm CDZ7,FFF,F,F,0,1,Off,On,0,0
binary-value,139,D0139,General Alarm CDZ8,FFF,F,F,0,1,Off,On,0,0
binary-value,140,D0140,General Alarm CDZ9,FFF,F,F,0,1,Off,On,0,0
binary-value,141,D0141,General Alarm CDZ10,FFF,F,F,0,1,Off,On,0,0
binary-value,142,D0142,DIGITAL VARIABLE 142,FFF,F,F,0,1,Off,On,0,0
binary-value,143,D0143,DIGITAL VARIABLE 143,FFF,F,F,0,1,Off,On,0,0
binary-value,144,D0144,DIGITAL VARIABLE 144,FFF,F,F,0,1,Off,On,0,0
binary-value,145,D0145,DIGITAL VARIABLE 145,FFF,F,F,0,1,Off,On,0,0
binary-value,146,D0146,DIGITAL VARIABLE 146,FFF,F,F,0,1,Off,On,0,0
binary-value,147,D0147,DIGITAL VARIABLE 147,FFF,F,F,0,1,Off,On,0,0
binary-value,148,D0148,DIGITAL VARIABLE 148,FFF,F,F,0,1,Off,On,0,0
binary-value,149,D0149,DIGITAL VARIABLE 149,FFF,F,F,0,1,Off,On,0,0
binary-value,150,D0150,DIGITAL VARIABLE 150,FFF,F,F,0,1,Off,On,0,0
binary-value,151,D0151,DIGITAL VARIABLE 151,FFF,F,F,0,1,Off,On,0,0
binary-value,152,D0152,DIGITAL VARIABLE 152,FFF,F,F,0,1,Off,On,0,0
binary-value,153,D0153,DIGITAL VARIABLE 153,FFF,F,F,0,1,Off,On,0,0
binary-value,154,D0154,DIGITAL VARIABLE 154,FFF,F,F,0,1,Off,On,0,0
binary-value,155,D0155,DIGITAL VARIABLE 155,FFF,F,F,0,1,Off,On,0,0
binary-value,156,D0156,DIGITAL VARIABLE 156,FFF,F,F,0,1,Off,On,0,0
binary-value,157,D0157,DIGITAL VARIABLE 157,FFF,F,F,0,1,Off,On,0,0
binary-value,158,D0158,DIGITAL VARIABLE 158,FFF,F,F,0,1,Off,On,0,0
binary-value,159,D0159,DIGITAL VARIABLE 159,FFF,F,F,0,1,Off,On,0,0
binary-value,160,D0160,DIGITAL VARIABLE 160,FFF,F,F,0,1,Off,On,0,0
binary-value,161,D0161,DIGITAL VARIABLE 161,FFF,F,F,0,1,Off,On,0,0
binary-value,162,D0162,DIGITAL VARIABLE 162,FFF,F,F,0,1,Off,On,0,0
binary-value,163,D0163,DIGITAL VARIABLE 163,FFF,F,F,0,1,Off,On,0,0
binary-value,164,D0164,DIGITAL VARIABLE 164,FFF,F,F,0,1,Off,On,0,0
binary-value,165,D0165,DIGITAL VARIABLE 165,FFF,F,F,0,1,Off,On,0,0
binary-value,166,D0166,DIGITAL VARIABLE 166,FFF,F,F,0,1,Off,On,0,0
binary-value,167,D0167,DIGITAL VARIABLE 167,FFF,F,F,0,1,Off,On,0,0
binary-value,168,D0168,DIGITAL VARIABLE 168,FFF,F,F,0,1,Off,On,0,0
binary-value,169,D0169,DIGITAL VARIABLE 169,FFF,F,F,0,1,Off,On,0,0
binary-value,170,D0170,DIGITAL VARIABLE 170,FFF,F,F,0,1,Off,On,0,0
binary-value,171,D0171,DIGITAL VARIABLE 171,FFF,F,F,0,1,Off,On,0,0
binary-value,172,D0172,DIGITAL VARIABLE 172,FFF,F,F,0,1,Off,On,0,0
binary-value,173,D0173,DIGITAL VARIABLE 173,FFF,F,F,0,1,Off,On,0,0
binary-value,174,D0174,DIGITAL VARIABLE 174,FFF,F,F,0,1,Off,On,0,0
binary-value,175,D0175,DIGITAL VARIABLE 175,FFF,F,F,0,1,Off,On,0,0
binary-value,176,D0176,DIGITAL VARIABLE 176,FFF,F,F,0,1,Off,On,0,0
binary-value,177,D0177,DIGITAL VARIABLE 177,FFF,F,F,0,1,Off,On,0,0
binary-value,178,D0178,DIGITAL VARIABLE 178,FFF,F,F,0,1,Off,On,0,0
binary-value,179,D0179,DIGITAL VARIABLE 179,FFF,F,F,0,1,Off,On,0,0
binary-value,180,D0180,DIGITAL VARIABLE 180,FFF,F,F,0,1,Off,On,0,0
binary-value,181,D0181,DIGITAL VARIABLE 181,FFF,F,F,0,1,Off,On,0,0
binary-value,182,D0182,DIGITAL VARIABLE 182,FFF,F,F,0,1,Off,On,0,0
binary-value,183,D0183,DIGITAL VARIABLE 183,FFF,F,F,0,1,Off,On,0,0
binary-value,184,D0184,DIGITAL VARIABLE 184,FFF,F,F,0,1,Off,On,0,0
binary-value,185,D0185,DIGITAL VARIABLE 185,FFF,F,F,0,1,Off,On,0,0
binary-value,186,D0186,DIGITAL VARIABLE 186,FFF,F,F,0,1,Off,On,0,0
binary-value,187,D0187,DIGITAL VARIABLE 187,FFF,F,F,0,1,Off,On,0,0
binary-value,188,D0188,DIGITAL VARIABLE 188,FFF,F,F,0,1,Off,On,0,0
binary-value,189,D0189,DIGITAL VARIABLE 189,FFF,F,F,0,1,Off,On,0,0
binary-value,190,D0190,DIGITAL VARIABLE 190,FFF,F,F,0,1,Off,On,0,0
binary-value,191,D0191,DIGITAL VARIABLE 191,FFF,F,F,0,1,Off,On,0,0
binary-value,192,D0192,DIGITAL VARIABLE 192,FFF,F,F,0,1,Off,On,0,0
binary-value,193,D0193,DIGITAL VARIABLE 193,FFF,F,F,0,1,Off,On,0,0
binary-value,194,D0194,DIGITAL VARIABLE 194,FFF,F,F,0,1,Off,On,0,0
binary-value,195,D0195,DIGITAL VARIABLE 195,FFF,F,F,0,1,Off,On,0,0
binary-value,196,D0196,DIGITAL VARIABLE 196,FFF,F,F,0,1,Off,On,0,0
binary-value,197,D0197,DIGITAL VARIABLE 197,FFF,F,F,0,1,Off,On,0,0
binary-value,198,D0198,DIGITAL VARIABLE 198,FFF,F,F,0,1,Off,On,0,0
binary-value,199,D0199,DIGITAL VARIABLE 199,FFF,F,F,0,1,Off,On,0,0
binary-value,200,D0200,DIGITAL VARIABLE 200,FFF,F,F,0,1,Off,On,0,0
binary-value,201,D0201,DIGITAL VARIABLE 201,FFF,F,F,0,1,Off,On,0,0
binary-value,202,D0202,DIGITAL VARIABLE 202,FFF,F,F,0,1,Off,On,0,0
binary-value,203,D0203,DIGITAL VARIABLE 203,FFF,F,F,0,1,Off,On,0,0
binary-value,204,D0204,DIGITAL VARIABLE 204,FFF,F,F,0,1,Off,On,0,0
binary-value,205,D0205,DIGITAL VARIABLE 205,FFF,F,F,0,1,Off,On,0,0
binary-value,206,D0206,DIGITAL VARIABLE 206,FFF,F,F,0,1,Off,On,0,0
binary-value,207,D0207,DIGITAL VARIABLE 207,FFF,F,F,0,1,Off,On,0,0
