DIGITAL VARIABLES (COILS);;;;
CAREL Address;Description;Var. Type;MODBUS Address;
0;Not Used;;1;
1;Enable ActiveFloor Module 1;R;2;
2;Lan connection failed AFM 1;R;3;
3;Regulation active AFM1;R;4;
4;Alarm  ActiveFloor Module 1;R;5;
5;Enable ActiveFloor Module 2;R;6;
6;Lan connection failed AFM 2;R;7;
7;Regulation active AFM2;R;8;
8;Alarm  ActiveFloor Module 2;R;9;
9;Enable ActiveFloor Module 3;R;10;
10;Lan connection failed AFM 3;R;11;
11;Regulation active AFM3;R;12;
12;Alarm  ActiveFloor Module 3;R;13;
13;Enable ActiveFloor Module 4;R;14;
14;Lan connection failed AFM 4;R;15;
15;Regulation active AFM4;R;16;
16;Alarm  ActiveFloor Module 4;R;17;
17;Enable ActiveFloor Module 5;R;18;
18;Lan connection failed AFM 5;R;19;
19;Regulation active AFM5;R;20;
20;Alarm  ActiveFloor Module 5;R;21;
21;Enable ActiveFloor Module 6;R;22;
22;Lan connection failed AFM 6;R;23;
23;Regulation active AFM6;R;24;
24;Alarm  ActiveFloor Module 6;R;25;
25;Enable ActiveFloor Module 7;R;26;
26;Lan connection failed AFM 7;R;27;
27;Regulation active AFM7;R;28;
28;Alarm  ActiveFloor Module 7;R;29;
29;Enable ActiveFloor Module 8;R;30;
30;Lan connection failed AFM 8;R;31;
31;Regulation active AFM8;R;32;
32;Alarm  ActiveFloor Module 8;R;33;
33;Enable ActiveFloor Module 9;R;34;
34;Lan connection failed AFM 9;R;35;
35;Regulation active AFM9;R;36;
36;Alarm  ActiveFloor Module 9;R;37;
37;Enable ActiveFloor Module 10;R;38;
38;Lan connection failed AFM 10;R;39;
39;Regulation active AFM10;R;40;
40;Alarm  ActiveFloor Module 10;R;41;
41;Enable ActiveFloor Module 11;R;42;
42;Lan connection failed AFM 11;R;43;
43;Regulation active AFM11;R;44;
44;Alarm  ActiveFloor Module 11;R;45;
45;Enable ActiveFloor Module 12;R;46;
46;Lan connection failed AFM 12;R;47;
47;Regulation active AFM12;R;48;
48;Alarm  ActiveFloor Module 12;R;49;
49;Enable ActiveFloor Module 13;R;50;
50;Lan connection failed AFM 13;R;51;
51;Regulation active AFM13;R;52;
52;Alarm  ActiveFloor Module 13;R;53;
53;Enable ActiveFloor Module 14;R;54;
54;Lan connection failed AFM 14;R;55;
55;Regulation active AFM14;R;56;
56;Alarm  ActiveFloor Module 14;R;57;
57;Enable ActiveFloor Module 15;R;58;
58;Lan connection failed AFM 15;R;59;
59;Regulation active AFM15;R;60;
60;Alarm  ActiveFloor Module 15;R;61;
61;Enable ActiveFloor Module 16;R;62;
62;Lan connection failed AFM 16;R;63;
63;Regulation active AFM16;R;64;
64;Alarm  ActiveFloor Module 16;R;65;
65;Enable ActiveFloor Module 17;R;66;
66;Lan connection failed AFM 17;R;67;
67;Regulation active AFM17;R;68;
68;Alarm  ActiveFloor Module 17;R;69;
69;Enable ActiveFloor Module 18;R;70;
70;Lan connection failed AFM 18;R;71;
71;Regulation active AFM18;R;72;
72;Alarm  ActiveFloor Module 18;R;73;
73;Enable ActiveFloor Module 19;R;74;
74;Lan connection failed AFM 19;R;75;
75;Regulation active AFM19;R;76;
76;Alarm  ActiveFloor Module 19;R;77;
77;Enable ActiveFloor Module 20;R;78;
78;Lan connection failed AFM 20;R;79;
79;Regulation active AFM20;R;80;
80;Alarm  ActiveFloor Module 20;R;81;
81;Enable ActiveFloor Module 21;R;82;
82;Lan connection failed AFM 21;R;83;
83;Regulation active AFM21;R;84;
84;Alarm  ActiveFloor Module 21;R;85;
85;Enable ActiveFloor Module 22;R;86;
86;Lan connection failed AFM 22;R;87;
87;Regulation active AFM22;R;88;
88;Alarm  ActiveFloor Module 22;R;89;
89;Enable ActiveFloor Module 23;R;90;
90;Lan connection failed AFM 23;R;91;
91;Regulation active AFM23;R;92;
92;Alarm  ActiveFloor Module 23;R;93;
93;Enable ActiveFloor Module 24;R;94;
94;Lan connection failed AFM 24;R;95;
95;Regulation active AFM24;R;96;
96;Alarm  ActiveFloor Module 24;R;97;
97;Enable ActiveFloor Module 25;R;98;
98;Lan connection failed AFM 25;R;99;
99;Regulation active AFM25;R;100;
100;Alarm  ActiveFloor Module 25;R;101;
101;Enable ActiveFloor Module 26;R;102;
102;Lan connection failed AFM 26;R;103;
103;Regulation active AFM26;R;104;
104;Alarm  ActiveFloor Module 26;R;105;
105;Enable ActiveFloor Module 27;R;106;
106;Lan connection failed AFM 27;R;107;
107;Regulation active AFM27;R;108;
108;Alarm  ActiveFloor Module 27;R;109;
109;Enable ActiveFloor Module 28;R;110;
110;Lan connection failed AFM 28;R;111;
111;Regulation active AFM28;R;112;
112;Alarm  ActiveFloor Module 28;R;113;
113;Enable ActiveFloor Module 29;R;114;
114;Lan connection failed AFM 29;R;115;
115;Regulation active AFM29;R;116;
116;Alarm  ActiveFloor Module 29;R;117;
117;Enable ActiveFloor Module 30;R;118;
118;Lan connection failed AFM 30;R;119;
119;Regulation active AFM30;R;120;
120;Alarm  ActiveFloor Module 30;R;121;
121;Buzzer and Alarm Unit Reset;R/W;122;
122;System On (Fan) CDZ 1;R;123;
123;System On (Fan) CDZ 2;R;124;
124;System On (Fan) CDZ 3;R;125;
125;System On (Fan) CDZ 4;R;126;
126;System On (Fan) CDZ 5;R;127;
127;System On (Fan) CDZ 6;R;128;
128;System On (Fan) CDZ 7;R;129;
129;System On (Fan) CDZ 8;R;130;
130;System On (Fan) CDZ 9;R;131;
131;System On (Fan) CDZ 10;R;132;
132;General Alarm CDZ1;R;133;
133;General Alarm CDZ2;R;134;
134;General Alarm CDZ3;R;135;
135;General Alarm CDZ4;R;136;
136;General Alarm CDZ5;R;137;
137;General Alarm CDZ6;R;138;
138;General Alarm CDZ7;R;139;
139;General Alarm CDZ8;R;140;
140;General Alarm CDZ9;R;141;
141;General Alarm CDZ10;R;142;
;;;;
INTEGER VARIABLES (HOLDING or INPUT REGISTERS);;;;
CAREL Address;Description;Var. Type;MODBUS Address;
0;Not Used;;1;
1;Alarm code ActiveFloor Module 1;R;2;
2;Alarm code ActiveFloor Module 2;R;3;
3;Alarm code ActiveFloor Module 3;R;4;
4;Alarm code ActiveFloor Module 4;R;5;
5;Alarm code ActiveFloor Module 5;R;6;
6;Alarm code ActiveFloor Module 6;R;7;
7;Alarm code ActiveFloor Module 7;R;8;
8;Alarm code ActiveFloor Module 8;R;9;
9;Alarm code ActiveFloor Module 9;R;10;
10;Alarm code ActiveFloor Module 10;R;11;
11;Alarm code ActiveFloor Module 11;R;12;
12;Alarm code ActiveFloor Module 12;R;13;
13;Alarm code ActiveFloor Module 13;R;14;
14;Alarm code ActiveFloor Module 14;R;15;
15;Alarm code ActiveFloor Module 15;R;16;
16;Alarm code ActiveFloor Module 16;R;17;
17;Alarm code ActiveFloor Module 17;R;18;
18;Alarm code ActiveFloor Module 18;R;19;
19;Alarm code ActiveFloor Module 19;R;20;
20;Alarm code ActiveFloor Module 20;R;21;
21;Alarm code ActiveFloor Module 21;R;22;
22;Alarm code ActiveFloor Module 22;R;23;
23;Alarm code ActiveFloor Module 23;R;24;
24;Alarm code ActiveFloor Module 24;R;25;
25;Alarm code ActiveFloor Module 25;R;26;
26;Alarm code ActiveFloor Module 26;R;27;
27;Alarm code ActiveFloor Module 27;R;28;
28;Alarm code ActiveFloor Module 28;R;29;
29;Alarm code ActiveFloor Module 29;R;30;
30;Alarm code ActiveFloor Module 30;R;31;
31;Fan Speed ActiveFloor Module 1;R;32;
32;Fan Speed ActiveFloor Module 2;R;33;
33;Fan Speed ActiveFloor Module 3;R;34;
34;Fan Speed ActiveFloor Module 4;R;35;
35;Fan Speed ActiveFloor Module 5;R;36;
36;Fan Speed ActiveFloor Module 6;R;37;
37;Fan Speed ActiveFloor Module 7;R;38;
38;Fan Speed ActiveFloor Module 8;R;39;
39;Fan Speed ActiveFloor Module 9;R;40;
40;Fan Speed ActiveFloor Module 10;R;41;
41;Fan Speed ActiveFloor Module 11;R;42;
42;Fan Speed ActiveFloor Module 12;R;43;
43;Fan Speed ActiveFloor Module 13;R;44;
44;Fan Speed ActiveFloor Module 14;R;45;
45;Fan Speed ActiveFloor Module 15;R;46;
46;Fan Speed ActiveFloor Module 16;R;47;
47;Fan Speed ActiveFloor Module 17;R;48;
48;Fan Speed ActiveFloor Module 18;R;49;
49;Fan Speed ActiveFloor Module 19;R;50;
50;Fan Speed ActiveFloor Module 20;R;51;
51;Fan Speed ActiveFloor Module 21;R;52;
52;Fan Speed ActiveFloor Module 22;R;53;
53;Fan Speed ActiveFloor Module 23;R;54;
54;Fan Speed ActiveFloor Module 24;R;55;
55;Fan Speed ActiveFloor Module 25;R;56;
56;Fan Speed ActiveFloor Module 26;R;57;
57;Fan Speed ActiveFloor Module 27;R;58;
58;Fan Speed ActiveFloor Module 28;R;59;
59;Fan Speed ActiveFloor Module 29;R;60;
60;Fan Speed ActiveFloor Module 30;R;61;
61;Integral Time ActiveFloor Module 1;R/W;62;
62;Integral Time ActiveFloor Module 2;R/W;63;
63;Integral Time ActiveFloor Module 3;R/W;64;
64;Integral Time ActiveFloor Module 4;R/W;65;
65;Integral Time ActiveFloor Module 5;R/W;66;
66;Integral Time ActiveFloor Module 6;R/W;67;
67;Integral Time ActiveFloor Module 7;R/W;68;
68;Integral Time ActiveFloor Module 8;R/W;69;
69;Integral Time ActiveFloor Module 9;R/W;70;
70;Integral Time ActiveFloor Module 10;R/W;71;
71;Integral Time ActiveFloor Module 11;R/W;72;
72;Integral Time ActiveFloor Module 12;R/W;73;
73;Integral Time ActiveFloor Module 13;R/W;74;
74;Integral Time ActiveFloor Module 14;R/W;75;
75;Integral Time ActiveFloor Module 15;R/W;76;
76;Integral Time ActiveFloor Module 16;R/W;77;
77;Integral Time ActiveFloor Module 17;R/W;78;
78;Integral Time ActiveFloor Module 18;R/W;79;
79;Integral Time ActiveFloor Module 19;R/W;80;
80;Integral Time ActiveFloor Module 20;R/W;81;
81;Integral Time ActiveFloor Module 21;R/W;82;
82;Integral Time ActiveFloor Module 22;R/W;83;
83;Integral Time ActiveFloor Module 23;R/W;84;
84;Integral Time ActiveFloor Module 24;R/W;85;
85;Integral Time ActiveFloor Module 25;R/W;86;
86;Integral Time ActiveFloor Module 26;R/W;87;
87;Integral Time ActiveFloor Module 27;R/W;88;
88;Integral Time ActiveFloor Module 28;R/W;89;
89;Integral Time ActiveFloor Module 29;R/W;90;
90;Integral Time ActiveFloor Module 30;R/W;91;
91;Cold Water Valve Ramp CDZ1;R;92;
92;Cold Water Valve Ramp CDZ2;R;93;
93;Cold Water Valve Ramp CDZ3;R;94;
94;Cold Water Valve Ramp CDZ4;R;95;
95;Cold Water Valve Ramp CDZ5;R;96;
96;Cold Water Valve Ramp CDZ6;R;97;
97;Cold Water Valve Ramp CDZ7;R;98;
98;Cold Water Valve Ramp CDZ8;R;99;
99;Cold Water Valve Ramp CDZ9;R;100;
100;Cold Water Valve Ramp CDZ10;R;101;
101;Status CDZ1;R;102;
102;Status CDZ2;R;103;
103;Status CDZ3;R;104;
104;Status CDZ4;R;105;
105;Status CDZ5;R;106;
106;Status CDZ6;R;107;
107;Status CDZ7;R;108;
108;Status CDZ8;R;109;
109;Status CDZ9;R;110;
110;Status CDZ10;R;111;
111;Alarm code A CDZ1;R;112;
112;Alarm code A CDZ2;R;113;
113;Alarm code A CDZ3;R;114;
114;Alarm code A CDZ4;R;115;
115;Alarm code A CDZ5;R;116;
116;Alarm code A CDZ6;R;117;
117;Alarm code A CDZ7;R;118;
118;Alarm code A CDZ8;R;119;
119;Alarm code A CDZ9;R;120;
120;Alarm code A CDZ10;R;121;
121;Alarm code B CDZ1;R;131;
131;Alarm code B CDZ2;R;132;
132;Alarm code B CDZ3;R;133;
133;Alarm code B CDZ4;R;134;
134;Alarm code B CDZ5;R;135;
135;Alarm code B CDZ6;R;136;
136;Alarm code B CDZ7;R;137;
137;Alarm code B CDZ8;R;138;
138;Alarm code B CDZ9;R;139;
139;Alarm code B CDZ10;R;140;
;;;;
ANALOG VARIABLES (HOLDING or INPUT REGISTERS);;;;
;;;;
0;? Not Used;;1;
1;Temperature 1 ActiveFloor Module 1;R;2;
2;Temperature 1 ActiveFloor Module 2;R;3;
3;Temperature 1 ActiveFloor Module 3;R;4;
4;Temperature 1 ActiveFloor Module 4;R;5;
5;Temperature 1 ActiveFloor Module 5;R;6;
6;Temperature 1 ActiveFloor Module 6;R;7;
7;Temperature 1 ActiveFloor Module 7;R;8;
8;Temperature 1 ActiveFloor Module 8;R;9;
9;Temperature 1 ActiveFloor Module 9;R;10;
10;Temperature 1 ActiveFloor Module 10;R;11;
11;Temperature 1 ActiveFloor Module 11;R;12;
12;Temperature 1 ActiveFloor Module 12;R;13;
13;Temperature 1 ActiveFloor Module 13;R;14;
14;Temperature 1 ActiveFloor Module 14;R;15;
15;Temperature 1 ActiveFloor Module 15;R;16;
16;Temperature 1 ActiveFloor Module 16;R;17;
17;Temperature 1 ActiveFloor Module 17;R;18;
18;Temperature 1 ActiveFloor Module 18;R;19;
19;Temperature 1 ActiveFloor Module 19;R;20;
20;Temperature 1 ActiveFloor Module 20;R;21;
21;Temperature 1 ActiveFloor Module 21;R;22;
22;Temperature 1 ActiveFloor Module 22;R;23;
23;Temperature 1 ActiveFloor Module 23;R;24;
24;Temperature 1 ActiveFloor Module 24;R;25;
25;Temperature 1 ActiveFloor Module 25;R;26;
26;Temperature 1 ActiveFloor Module 26;R;27;
27;Temperature 1 ActiveFloor Module 27;R;28;
28;Temperature 1 ActiveFloor Module 28;R;29;
29;Temperature 1 ActiveFloor Module 29;R;30;
30;Temperature 1 ActiveFloor Module 30;R;31;
31;Temperature 2 ActiveFloor Module 1;R;32;
32;Temperature 2 ActiveFloor Module 2;R;33;
33;Temperature 2 ActiveFloor Module 3;R;34;
34;Temperature 2 ActiveFloor Module 4;R;35;
35;Temperature 2 ActiveFloor Module 5;R;36;
36;Temperature 2 ActiveFloor Module 6;R;37;
37;Temperature 2 ActiveFloor Module 7;R;38;
38;Temperature 2 ActiveFloor Module 8;R;39;
39;Temperature 2 ActiveFloor Module 9;R;40;
40;Temperature 2 ActiveFloor Module 10;R;41;
41;Temperature 2 ActiveFloor Module 11;R;42;
42;Temperature 2 ActiveFloor Module 12;R;43;
43;Temperature 2 ActiveFloor Module 13;R;44;
44;Temperature 2 ActiveFloor Module 14;R;45;
45;Temperature 2 ActiveFloor Module 15;R;46;
46;Temperature 2 ActiveFloor Module 16;R;47;
47;Temperature 2 ActiveFloor Module 17;R;48;
48;Temperature 2 ActiveFloor Module 18;R;49;
49;Temperature 2 ActiveFloor Module 19;R;50;
50;Temperature 2 ActiveFloor Module 20;R;51;
51;Temperature 2 ActiveFloor Module 21;R;52;
52;Temperature 2 ActiveFloor Module 22;R;53;
53;Temperature 2 ActiveFloor Module 23;R;54;
54;Temperature 2 ActiveFloor Module 24;R;55;
55;Temperature 2 ActiveFloor Module 25;R;56;
56;Temperature 2 ActiveFloor Module 26;R;57;
57;Temperature 2 ActiveFloor Module 27;R;58;
58;Temperature 2 ActiveFloor Module 28;R;59;
59;Temperature 2 ActiveFloor Module 29;R;60;
60;Temperature 2 ActiveFloor Module 30;R;61;
61;Setpoint ActiveFloor Module 1;R/W;62;
62;Setpoint ActiveFloor Module 2;R/W;63;
63;Setpoint ActiveFloor Module 3;R/W;64;
64;Setpoint ActiveFloor Module 4;R/W;65;
65;Setpoint ActiveFloor Module 5;R/W;66;
66;Setpoint ActiveFloor Module 6;R/W;67;
67;Setpoint ActiveFloor Module 7;R/W;68;
68;Setpoint ActiveFloor Module 8;R/W;69;
69;Setpoint ActiveFloor Module 9;R/W;70;
70;Setpoint ActiveFloor Module 10;R/W;71;
71;Setpoint ActiveFloor Module 11;R/W;72;
72;Setpoint ActiveFloor Module 12;R/W;73;
73;Setpoint ActiveFloor Module 13;R/W;74;
74;Setpoint ActiveFloor Module 14;R/W;75;
75;Setpoint ActiveFloor Module 15;R/W;76;
76;Setpoint ActiveFloor Module 16;R/W;77;
77;Setpoint ActiveFloor Module 17;R/W;78;
78;Setpoint ActiveFloor Module 18;R/W;79;
79;Setpoint ActiveFloor Module 19;R/W;80;
80;Setpoint ActiveFloor Module 20;R/W;81;
81;Setpoint ActiveFloor Module 21;R/W;82;
82;Setpoint ActiveFloor Module 22;R/W;83;
83;Setpoint ActiveFloor Module 23;R/W;84;
84;Setpoint ActiveFloor Module 24;R/W;85;
85;Setpoint ActiveFloor Module 25;R/W;86;
86;Setpoint ActiveFloor Module 26;R/W;87;
87;Setpoint ActiveFloor Module 27;R/W;88;
88;Setpoint ActiveFloor Module 28;R/W;89;
89;Setpoint ActiveFloor Module 29;R/W;90;
90;Setpoint ActiveFloor Module 30;R/W;91;
91;Differential ActiveFloor Module 1;R/W;92;
92;Differential ActiveFloor Module 2;R/W;93;
93;Differential ActiveFloor Module 3;R/W;94;
94;Differential ActiveFloor Module 4;R/W;95;
95;Differential ActiveFloor Module 5;R/W;96;
96;Differential ActiveFloor Module 6;R/W;97;
97;Differential ActiveFloor Module 7;R/W;98;
98;Differential ActiveFloor Module 8;R/W;99;
99;Differential ActiveFloor Module 9;R/W;100;
100;Differential ActiveFloor Module 10;R/W;101;
101;Differential ActiveFloor Module 11;R/W;102;
102;Differential ActiveFloor Module 12;R/W;103;
103;Differential ActiveFloor Module 13;R/W;104;
104;Differential ActiveFloor Module 14;R/W;105;
105;Differential ActiveFloor Module 15;R/W;106;
106;Differential ActiveFloor Module 16;R/W;107;
107;Differential ActiveFloor Module 17;R/W;108;
108;Differential ActiveFloor Module 18;R/W;109;
109;Differential ActiveFloor Module 19;R/W;110;
110;Differential ActiveFloor Module 20;R/W;111;
111;Differential ActiveFloor Module 21;R/W;112;
112;Differential ActiveFloor Module 22;R/W;113;
113;Differential ActiveFloor Module 23;R/W;114;
114;Differential ActiveFloor Module 24;R/W;115;
115;Differential ActiveFloor Module 25;R/W;116;
116;Differential ActiveFloor Module 26;R/W;117;
117;Differential ActiveFloor Module 27;R/W;118;
118;Differential ActiveFloor Module 28;R/W;119;
119;Differential ActiveFloor Module 29;R/W;120;
120;Differential ActiveFloor Module 30;R/W;121;
121;Serial Transmission Offset;R/W;122;
131;Room Temperature CDZ1;R;132;
132;Room Temperature CDZ2;R;133;
133;Room Temperature CDZ3;R;134;
134;Room Temperature CDZ4;R;135;
135;Room Temperature CDZ5;R;136;
136;Room Temperature CDZ6;R;137;
137;Room Temperature CDZ7;R;138;
138;Room Temperature CDZ8;R;139;
139;Room Temperature CDZ9;R;140;
140;Room Temperature CDZ10;R;141;
141;Delivery Air Temperature CDZ1;R;142;
142;Delivery Air Temperature CDZ2;R;143;
143;Delivery Air Temperature CDZ3;R;144;
144;Delivery Air Temperature CDZ4;R;145;
145;Delivery Air Temperature CDZ5;R;146;
146;Delivery Air Temperature CDZ6;R;147;
147;Delivery Air Temperature CDZ7;R;148;
148;Delivery Air Temperature CDZ8;R;149;
149;Delivery Air Temperature CDZ9;R;150;
150;Delivery Air Temperature CDZ10;R;151;
151;Room Relative Humidity CDZ1;R;152;
152;Room Relative Humidity CDZ2;R;153;
153;Room Relative Humidity CDZ3;R;154;
154;Room Relative Humidity CDZ4;R;155;
155;Room Relative Humidity CDZ5;R;156;
156;Room Relative Humidity CDZ6;R;157;
157;Room Relative Humidity CDZ7;R;158;
158;Room Relative Humidity CDZ8;R;159;
159;Room Relative Humidity CDZ9;R;160;
160;Room Relative Humidity CDZ10;R;161;
161;Chilled Water Temperature CDZ1;R;162;
162;Chilled Water Temperature CDZ2;R;163;
163;Chilled Water Temperature CDZ3;R;164;
164;Chilled Water Temperature CDZ4;R;165;
165;Chilled Water Temperature CDZ5;R;166;
166;Chilled Water Temperature CDZ6;R;167;
167;Chilled Water Temperature CDZ7;R;168;
168;Chilled Water Temperature CDZ8;R;169;
169;Chilled Water Temperature CDZ9;R;170;
170;Chilled Water Temperature CDZ10;R;171;
171;Evaporating Fan Speed CDZ1;R;172;
172;Evaporating Fan Speed CDZ2;R;173;
173;Evaporating Fan Speed CDZ3;R;174;
174;Evaporating Fan Speed CDZ4;R;175;
175;Evaporating Fan Speed CDZ5;R;176;
176;Evaporating Fan Speed CDZ6;R;177;
177;Evaporating Fan Speed CDZ7;R;178;
178;Evaporating Fan Speed CDZ8;R;179;
179;Evaporating Fan Speed CDZ9;R;180;
180;Evaporating Fan Speed CDZ10;R;181;
