; Device 77000
Object_Type,Object_Instance,Object_Name,Description,Event_Enable,Issue_Confirmed_Notifications,Ack_Required,Time_Delay,Notification_Class,Priority,Units,Limit_Enable,High_Limit,Low_Limit,Deadband,COV_Increment,ReadWriteCommandable,Relinquish_Default,Alarm_Custom,Alarm_Property,Alarm_OutOfRange,Alarm_Normal,Alarm_Fault,Alarm_HighLimit,Alarm_LowLimit;
analog-value,1,A001,Room Temperature,FFF,F,F,0,0,1,degrees-celsius,FF,0.000000,0.000000,0.000000,0.000000,R,0.000000,F,,,,,,;
analog-value,2,A002,Outdoor Temperature,FFF,F,F,0,0,1,degrees-celsius,FF,0.000000,0.000000,0.000000,0.000000,R,0.000000,F,,,,,,;
analog-value,3,A003,Delivery Air Temperature,FFF,F,F,0,0,1,degrees-celsius,FF,0.000000,0.000000,0.000000,0.000000,R,0.000000,F,,,,,,;
analog-value,4,A004,Condensing Temperature,FFF,F,F,0,0,1,degrees-celsius,FF,0.000000,0.000000,0.000000,0.000000,R,0.000000,F,,,,,,;
analog-value,5,A005,Condensing Pressure,FFF,F,F,0,0,1,bars,FF,0.000000,0.000000,0.000000,0.000000,R,0.000000,F,,,,,,;
analog-value,6,A006,Cooling Set Point,FFF,F,F,0,0,1,degrees-celsius,FF,0.000000,0.000000,0.000000,0.000000,R,0.000000,F,,,,,,;
analog-value,7,A007,Cooling Sensitivity,FFF,F,F,0,0,1,degrees-celsius,FF,0.000000,0.000000,0.000000,0.000000,R,0.000000,F,,,,,,;
analog-value,8,A008,Heating Set point,FFF,F,F,0,0,1,degrees-celsius,FF,0.000000,0.000000,0.000000,0.000000,R,0.000000,F,,,,,,;
analog-value,9,A009,Heating Sensitivity,FFF,F,F,0,0,1,degrees-celsius,FF,0.000000,0.000000,0.000000,0.000000,R,0.000000,F,,,,,,;
analog-value,10,A010,Room High Temp. Alarm Threshold (1st level),FFF,F,F,0,0,1,degrees-celsius,FF,0.000000,0.000000,0.000000,0.000000,R,0.000000,F,,,,,,;
analog-value,11,A011,Room Low Temp. Alarm Threshold,FFF,F,F,0,0,1,degrees-celsius,FF,0.000000,0.000000,0.000000,0.000000,R,0.000000,F,,,,,,;
analog-value,12,A012,FC fixed point mode Set Point,FFF,F,F,0,0,1,degrees-celsius,FF,0.000000,0.000000,0.000000,0.000000,R,0.000000,F,,,,,,;
analog-value,13,A013,Not used,FFF,F,F,0,0,1,no-units,FF,0.000000,0.000000,0.000000,0.000000,R,0.000000,F,,,,,,;
analog-value,14,A014,Not used,FFF,F,F,0,0,1,no-units,FF,0.000000,0.000000,0.000000,0.000000,R,0.000000,F,,,,,,;
analog-value,15,A015,Damper limit: Ext. Max. temperature,FFF,F,F,0,0,1,degrees-celsius,FF,0.000000,0.000000,0.000000,0.000000,R,0.000000,F,,,,,,;
analog-value,16,A016,Damper limit: Ext. Min. temperature,FFF,F,F,0,0,1,degrees-celsius,FF,0.000000,0.000000,0.000000,0.000000,R,0.000000,F,,,,,,;
analog-value,17,A017,Room relative Humidity,FFF,F,F,0,0,1,percent,FF,0.000000,0.000000,0.000000,0.000000,R,0.000000,F,,,,,,;
analog-value,18,A018,Outdoor Humidity,FFF,F,F,0,0,1,percent,FF,0.000000,0.000000,0.000000,0.000000,R,0.000000,F,,,,,,;
analog-value,19,A019,Room High Temp. Alarm Threshold (2nd level),FFF,F,F,0,0,1,degrees-celsius,FF,0.000000,0.000000,0.000000,0.000000,R,0.000000,F,,,,,,;
analog-value,20,A020,Evaporating Pressure,FFF,F,F,0,0,1,bars,FF,0.000000,0.000000,0.000000,0.000000,W,0.000000,F,,,,,,;
analog-value,21,A021,Evaporating Temperature (if Mechanical Valve present),FFF,F,F,0,0,1,degrees-celsius,FF,0.000000,0.000000,0.000000,0.000000,W,0.000000,F,,,,,,;
analog-value,22,A022,Suction Temperature (if EEV present),FFF,F,F,0,0,1,degrees-celsius,FF,0.000000,0.000000,0.000000,0.000000,W,0.000000,F,,,,,,;
analog-value,23,A023,Saturation Temperature (if EEV present),FFF,F,F,0,0,1,degrees-celsius,FF,0.000000,0.000000,0.000000,0.000000,W,0.000000,F,,,,,,;
analog-value,24,A024,Actual Superheat (if EEV present),FFF,F,F,0,0,1,degrees-celsius,FF,0.000000,0.000000,0.000000,0.000000,W,0.000000,F,,,,,,;
Object_Type,Object_Instance,Object_Name,Description,Event_Enable,Issue_Confirmed_Notifications,Ack_Required,Time_Delay,Notification_Class,Priority,Number_Of_States,Alarm_Values,Fault_Values,ReadWriteCommandable,Relinquish_Default,Alarm_Custom,Alarm_Property,Alarm_ChangeofState,Alarm_Normal,Alarm_Fault,Alarm_OffNormal,State_Text;
"multi-state-value,1001,I001,Evaporating ramp (fan speed 0-1000),FFF,F,F,0,0,1,1,"""","""",R,0,F,,,,,,""1=1""";
"multi-state-value,1002,I002,Condensanting ramp (fan speed 0-1000),FFF,F,F,0,0,1,1,"""","""",R,0,F,,,,,,""1=1""";
Object_Type,Object_Instance,Object_Name,Description,Event_Enable,Issue_Confirmed_Notifications,Ack_Required,Time_Delay,Notification_Class,Priority,Units,Limit_Enable,High_Limit,Low_Limit,Deadband,COV_Increment,ReadWriteCommandable,Relinquish_Default,Alarm_Custom,Alarm_Property,Alarm_OutOfRange,Alarm_Normal,Alarm_Fault,Alarm_HighLimit,Alarm_LowLimit;
analog-value,1003,I003,Air filter hour counter,FFF,F,F,0,0,1,hours,FF,0.000000,0.000000,0.000000,0.000000,R,0.000000,F,,,1,,,;
analog-value,1004,I004,Unit hour counter,FFF,F,F,0,0,1,hours,FF,0.000000,0.000000,0.000000,0.000000,R,0.000000,F,,,1,,,;
analog-value,1005,I005,Compressor hour counter,FFF,F,F,0,0,1,hours,FF,0.000000,0.000000,0.000000,0.000000,R,0.000000,F,,,1,,,;
analog-value,1006,I006,Heater hour counter,FFF,F,F,0,0,1,hours,FF,0.000000,0.000000,0.000000,0.000000,R,0.000000,F,,,1,,,;
analog-value,1007,I007,Air filter hour counter Threshold (x100),FFF,F,F,0,0,1,hours,FF,0.000000,0.000000,0.000000,0.000000,R,0.000000,F,,,1,,,;
analog-value,1008,I008,Unit hour counter Threshold (x100),FFF,F,F,0,0,1,hours,FF,0.000000,0.000000,0.000000,0.000000,R,0.000000,F,,,1,,,;
analog-value,1009,I009,Compressor hour counter Threshold (x100),FFF,F,F,0,0,1,hours,FF,0.000000,0.000000,0.000000,0.000000,R,0.000000,F,,,1,,,;
analog-value,1010,I010,Heater hour counter Threshold (x100),FFF,F,F,0,0,1,hours,FF,0.000000,0.000000,0.000000,0.000000,W,0.000000,F,,,1,,,;
analog-value,1011,I011,Damper stroke time,FFF,F,F,0,0,1,seconds,FF,0.000000,0.000000,0.000000,0.000000,W,0.000000,F,,,1,,,;
analog-value,1012,I012,Damper minimum opening,FFF,F,F,0,0,1,percent,FF,0.000000,0.000000,0.000000,0.000000,W,0.000000,F,,,1,,,;
analog-value,1013,I013,Restart delay,FFF,F,F,0,0,1,seconds,FF,0.000000,0.000000,0.000000,0.000000,W,0.000000,F,,,1,,,;
analog-value,1014,I014,Start transient,FFF,F,F,0,0,1,seconds,FF,0.000000,0.000000,0.000000,0.000000,W,0.000000,F,,,1,,,;
analog-value,1015,I015,Low pressure delay,FFF,F,F,0,0,1,seconds,FF,0.000000,0.000000,0.000000,0.000000,W,0.000000,F,,,1,,,;
analog-value,1016,I016,T+H alarm delay,FFF,F,F,0,0,1,minutes,FF,0.000000,0.000000,0.000000,0.000000,W,0.000000,F,,,1,,,;
analog-value,1017,I017,Anti hunting regul. constant time,FFF,F,F,0,0,1,minutes,FF,0.000000,0.000000,0.000000,0.000000,W,0.000000,F,,,1,,,;
analog-value,1018,I018,Not used,FFF,F,F,0,0,1,no-units,FF,0.000000,0.000000,0.000000,0.000000,W,0.000000,F,,,1,,,;
analog-value,1019,I019,Free-cooling hour counter,FFF,F,F,0,0,1,hours,FF,0.000000,0.000000,0.000000,0.000000,W,0.000000,F,,,1,,,;
analog-value,1020,I020,EEV position (if EEV present),FFF,F,F,0,0,1,steps,FF,0.000000,0.000000,0.000000,0.000000,W,0.000000,F,,,1,,,;
analog-value,1021,I021,Damper ramp (0-1000),FFF,F,F,0,0,1,no-units,FF,0.000000,0.000000,0.000000,0.000000,W,0.000000,F,,,1,,,;
Object_Type,Object_Instance,Object_Name,Description,Event_Enable,Issue_Confirmed_Notifications,Ack_Required,Time_Delay,Notification_Class,Priority,Inactive_Text,Active_Text,Alarm_Value,ReadWriteCommandable,Relinquish_Default,Alarm_Custom,Alarm_Property,Alarm_ChangeofState,Alarm_Normal,Alarm_Fault,Alarm_OffNormal;
binary-value,1,D001,System On (Fan),FFF,F,F,0,0,1,Off,On,0,R,0,F,,,,,;
binary-value,2,D002,Compressor,FFF,F,F,0,0,1,Off,On,0,R,0,F,,,,,;
binary-value,3,D003,Heater,FFF,F,F,0,0,1,Off,On,0,R,0,F,,,,,;
binary-value,4,D004,Free-cooling condition,FFF,F,F,0,0,1,Off,On,0,R,0,F,,,,,;
binary-value,5,D005,High Pressure Alarm,FFF,F,F,0,0,1,Off,On,0,R,0,F,,,,,;
binary-value,6,D006,Low Pressure Alarm,FFF,F,F,0,0,1,Off,On,0,R,0,F,,,,,;
binary-value,7,D007,Not used,FFF,F,F,0,0,1,Off,On,0,R,0,F,,,,,;
binary-value,8,D008,Wrong phase sequence alarm,FFF,F,F,0,0,1,Off,On,0,W,0,F,,,,,;
binary-value,9,D009,Fan thermal protection Alarm (Klixon),FFF,F,F,0,0,1,Off,On,0,R,0,F,,,,,;
binary-value,10,D010,Loss of Air Flow Alarm,FFF,F,F,0,0,1,Off,On,0,R,0,F,,,,,;
binary-value,11,D011,Heater Overheating Alarm,FFF,F,F,0,0,1,Off,On,0,R,0,F,,,,,;
binary-value,12,D012,Clogged Filter Alarm,FFF,F,F,0,0,1,Off,On,0,R,0,F,,,,,;
binary-value,13,D013,Room High Temp. Alarm (1st Level Alarm),FFF,F,F,0,0,1,Off,On,0,W,0,F,,,,,;
binary-value,14,D014,Room Low Temp. Alarm,FFF,F,F,0,0,1,Off,On,0,W,0,F,,,,,;
binary-value,15,D015,Main Sensors Failure/Disconnected,FFF,F,F,0,0,1,Off,On,0,W,0,F,,,,,;
binary-value,16,D016,Auxiliary Sensor Failure/Disconnected,FFF,F,F,0,0,1,Off,On,0,W,0,F,,,,,;
binary-value,17,D017,LAN connection Failure,FFF,F,F,0,0,1,Off,On,0,W,0,F,,,,,;
binary-value,18,D018,Room High Temp. Alarm (2nd Level Alarm),FFF,F,F,0,0,1,Off,On,0,W,0,F,,,,,;
binary-value,19,D019,Air filter: hour counter threshold Alarm,FFF,F,F,0,0,1,Off,On,0,W,0,F,,,,,;
binary-value,20,D020,Air conditioning unit: hour counter threshold Alarm,FFF,F,F,0,0,1,Off,On,0,R,0,F,,,,,;
binary-value,21,D021,Compressor: hour counter threshold Alarm,FFF,F,F,0,0,1,Off,On,0,R,0,F,,,,,;
binary-value,22,D022,Heater: hour counter threshold Alarm,FFF,F,F,0,0,1,Off,On,0,R,0,F,,,,,;
binary-value,23,D023,General Alarm,FFF,F,F,0,0,1,Off,On,0,R,0,F,,,,,;
binary-value,24,D024,Not used,FFF,F,F,0,0,1,Off,On,0,R,0,F,,,,,;
binary-value,25,D025,Alarms Reset,FFF,F,F,0,0,1,Off,On,0,R,0,F,,,,,;
binary-value,26,D026,Unit Remote Switch-On/Off Control,FFF,F,F,0,0,1,Off,On,0,R,0,F,,,,,;
binary-value,27,D027,Compressor Remote Control (CDC),FFF,F,F,0,0,1,Off,On,0,R,0,F,,,,,;
binary-value,28,D028,Heater Remote Control (CDC),FFF,F,F,0,0,1,Off,On,0,R,0,F,,,,,;
binary-value,29,D029,FC Damper Remote Control (CDC),FFF,F,F,0,0,1,Off,On,0,R,0,F,,,,,;
binary-value,30,D030,Local Area Network running,FFF,F,F,0,0,1,Off,On,0,R,0,F,,,,,;
binary-value,31,D031,No LAN present,FFF,F,F,0,0,1,Off,On,0,R,0,F,,,,,;
binary-value,32,D032,Cooling mode,FFF,F,F,0,0,1,Off,On,0,R,0,F,,,,,;
binary-value,33,D033,Heating mode,FFF,F,F,0,0,1,Off,On,0,R,0,F,,,,,;
binary-value,34,D034,Re-heating mode,FFF,F,F,0,0,1,Off,On,0,R,0,F,,,,,;
binary-value,35,D035,Dehumidification mode,FFF,F,F,0,0,1,Off,On,0,R,0,F,,,,,;
binary-value,36,D036,Addressable Alarm State,FFF,F,F,0,0,1,Off,On,0,R,0,F,,,,,;
binary-value,37,D037,Unit in Manual or Forced mode,FFF,F,F,0,0,1,Off,On,0,R,0,F,,,,,;
binary-value,38,D038,Fan Alarm,FFF,F,F,0,0,1,Off,On,0,R,0,F,,,,,;
binary-value,39,D039,Not used,FFF,F,F,0,0,1,Off,On,0,R,0,F,,,,,;
binary-value,40,D040,Not used,FFF,F,F,0,0,1,Off,On,0,R,0,F,,,,,;
binary-value,41,D041,Alarm: Electronic Valve Failure,FFF,F,F,0,0,1,Off,On,0,R,0,F,,,,,;
binary-value,42,D042,Alarm: Room High Humidity,FFF,F,F,0,0,1,Off,On,0,R,0,F,,,,,;
binary-value,43,D043,Alarm: EEPROM Failed,FFF,F,F,0,0,1,Off,On,0,R,0,F,,,,,;
binary-value,44,D044,Alarm: Water Leakage Detected,FFF,F,F,0,0,1,Off,On,0,R,0,F,,,,,;
binary-value,45,D045,Tampering Alarm,FFF,F,F,0,0,1,Off,On,0,R,0,F,,,,,;
binary-value,46,D046,Clock Board Failed,FFF,F,F,0,0,1,Off,On,0,R,0,F,,,,,;
Object_Type,Object_Instance,Object_Name,Description,Ack_Required,Priority,Recipient_List;
"notification-class,1,NC1,Notification Class 1,FFF,""255,255,255"",""validDays=MTWTFSS,fromTime=00:00:00.00,toTime=23:59:59.99,processIdentifier=101,IssueConfirmedNotifications=F,transitions=TTT,recipient=DE100""";
"notification-class,2,NC2,Notification Class 2,FFF,""255,255,255"",""""";
"notification-class,3,NC3,Notification Class 3,FFF,""255,255,255"",""""";
"notification-class,4,NC4,Notification Class 4,FFF,""255,255,255"",""""";
"notification-class,5,NC5,Notification Class 5,FFF,""255,255,255"",""""";
"notification-class,6,NC6,Notification Class 6,FFF,""255,255,255"",""""";
"notification-class,7,NC7,Notification Class 7,FFF,""255,255,255"",""""";
"notification-class,8,NC8,Notification Class 8,FFF,""255,255,255"",""""";
"notification-class,9,NC9,Notification Class 9,FFF,""255,255,255"",""""";
"notification-class,10,NC10,Notification Class 10,FFF,""255,255,255"",""""";
"notification-class,11,NC11,Notification Class 11,FFF,""255,255,255"",""""";
"notification-class,12,NC12,Notification Class 12,FFF,""255,255,255"",""""";
"notification-class,13,NC13,Notification Class 13,FFF,""255,255,255"",""""";
"notification-class,14,NC14,Notification Class 14,FFF,""255,255,255"",""""";
"notification-class,15,NC15,Notification Class 15,FFF,""255,255,255"",""""";
"notification-class,16,NC16,Notification Class 16,FFF,""255,255,255"",""""";
