<APC_DDF
	xmlns:xsi="http://www.w3.org/2001/XMLSchema-instance"
	xsi:noNamespaceSchemaLocation="http://localhost/ddf_schema/apc_ddf_1_6.xsd"
	ddfid="uniflair_lra_Modbus_TCPIP_chiller"
	ddfname="Uniflair LRA"
	ddfversion="2"
	canremove="yes">
	<schemaVersion>1.6</schemaVersion>
	<device deviceid="uniflair_lra_Modbus_TCPIP_chiller">
		<setProductData ruleid="vendordata" field="vendor">Uniflair</setProductData>
		<setProductData ruleid="modeldata" field="model">LRA</setProductData>
		<setProductData ruleid="typedata" field="type">Cooling Device</setProductData>

		<oidMustExist ruleid="modbusdevicetest" oid="MODBUS_OID_MUST_EXIST"/>

		<stateSensor ruleid="system-on">
			<type>state</type>
			<sensorId>SYSTEM_ON</sensorId>
			<value>
				<getOid>SYSTEM_ON</getOid>
			</value>
			<label>System On</label>
			<enum>onOff-em</enum>
			<sensorSet>Status</sensorSet>
		</stateSensor>
		<stateSensor ruleid="compressor-1">
			<type>state</type>
			<sensorId>COMPRESSOR_1</sensorId>
			<value>
				<getOid>COMPRESSOR_1</getOid>
			</value>
			<label>Compressor 1</label>
			<enum>onOff-em</enum>
			<sensorSet>Status</sensorSet>
		</stateSensor>
		<stateSensor ruleid="compressor-2">
			<type>state</type>
			<sensorId>COMPRESSOR_2</sensorId>
			<value>
				<getOid>COMPRESSOR_2</getOid>
			</value>
			<label>Compressor 2</label>
			<enum>onOff-em</enum>
			<sensorSet>Status</sensorSet>
		</stateSensor>
		<stateSensor ruleid="condensing-regulation-active">
			<type>state</type>
			<sensorId>CONDENSING_REGULATION_ACTIVE</sensorId>
			<value>
				<getOid>CONDENSING_REGULATION_ACTIVE</getOid>
			</value>
			<label>Condensing Regulation Active</label>
			<enum>onOff-em</enum>
			<sensorSet>Status</sensorSet>
		</stateSensor>
		<stateSensor ruleid="antifreeze-heaters">
			<type>state</type>
			<sensorId>ANTIFREEZE_HEATERS</sensorId>
			<value>
				<getOid>ANTIFREEZE_HEATERS</getOid>
			</value>
			<label>Antifreeze Heaters</label>
			<enum>onOff-em</enum>
			<sensorSet>Status</sensorSet>
		</stateSensor>
		<stateSensor ruleid="circuit-defrost-(heat-pump-only)">
			<type>state</type>
			<sensorId>CIRCUIT_DEFROST_(HEAT_PUMP_ONLY)</sensorId>
			<value>
				<getOid>CIRCUIT_DEFROST_(HEAT_PUMP_ONLY)</getOid>
			</value>
			<label>Circuit Defrost (Heat Pump only)</label>
			<enum>onOff-em</enum>
			<sensorSet>Status</sensorSet>
		</stateSensor>
		<stateSensor ruleid="winter-mode-(heat-pump-only)">
			<type>state</type>
			<sensorId>WINTER_MODE_(HEAT_PUMP_ONLY)</sensorId>
			<value>
				<getOid>WINTER_MODE_(HEAT_PUMP_ONLY)</getOid>
			</value>
			<label>Winter Mode (Heat Pump only)</label>
			<enum>onOff-em</enum>
			<sensorSet>Status</sensorSet>
		</stateSensor>
		

 <stateSensor ruleid="general_alarm_state_Sensor">
      <type>state</type>
      <sensorId>GENERAL_ALARM_STATE</sensorId>
      <value>
        <mapValue mapid="normal-alarm-vm">
            <getOid>general_alarm_state</getOid>
        </mapValue>
      </value>
      <label>General Alarm State</label>
      <enum>normal-alarm-em</enum>
      <sensorSet>Digital</sensorSet>
    </stateSensor>

    <stateSensor ruleid="second_level_alarm_state_Sensor">
      <type>state</type>
      <sensorId>SECOND_LEVEL_ALARM_STATE</sensorId>
      <value>
        <mapValue mapid="normal-alarm-vm">
            <getOid>second_level_alarm_state</getOid>
        </mapValue>
      </value>
      <label>Second Level Alarm State</label>
      <enum>normal-alarm-em</enum>
      <sensorSet>Digital</sensorSet>
    </stateSensor>

  <valueMap ruleid="on-off-vm">
      <valueIn>0</valueIn>  <valueOut>0</valueOut>
      <valueIn>1</valueIn>  <valueOut>1</valueOut>
      <valueIn>*</valueIn>  <valueOut>2</valueOut>
    </valueMap>

    <enumMap ruleid="on-off-em">
      <label>Off</label>
      <label>On</label>
      <label>Unknown</label>
    </enumMap>

    <valueMap ruleid="normal-alarm-vm">
      <valueIn>0</valueIn>  <valueOut>0</valueOut>
      <valueIn>1</valueIn>  <valueOut>1</valueOut>
      <valueIn>*</valueIn>  <valueOut>2</valueOut>
    </valueMap>

    <enumMap ruleid="normal-alarm-em">
      <label>Normal</label>
      <label>Alarm</label>
      <label>Unknown</label>
    </enumMap>

    <valueMap ruleid="unit-type-vm">
      <valueIn>0</valueIn>  <valueOut>0</valueOut>
      <valueIn>1</valueIn>  <valueOut>1</valueOut>
      <valueIn>2</valueIn>  <valueOut>2</valueOut>
      <valueIn>3</valueIn>  <valueOut>3</valueOut>
      <valueIn>4</valueIn>  <valueOut>4</valueOut>
      <valueIn>5</valueIn>  <valueOut>5</valueOut>
      <valueIn>*</valueIn>  <valueOut>6</valueOut>
    </valueMap>

    <enumMap ruleid="unit-type-em">
      <label>STD Chiller</label>
      <label>Low Temp Chiller</label>
      <label>Chiller + Heat Rectifier</label>
      <label>Heat Pump</label>
      <label>Heat Pump + Heat Rectifier</label>
      <label>Chiller + Energy Saving</label>
      <label>Unknown</label>
    </enumMap>

    <valueMap ruleid="circ-pumps-vm">
      <valueIn>0</valueIn>  <valueOut>0</valueOut>
      <valueIn>1</valueIn>  <valueOut>1</valueOut>
      <valueIn>2</valueIn>  <valueOut>2</valueOut>
      <valueIn>*</valueIn>  <valueOut>3</valueOut>
    </valueMap>

    <enumMap ruleid="circ-pumps-em">
      <label>Zero</label>
      <label>One</label>
      <label>Two</label>
      <label>Unknown</label>
    </enumMap>

    <valueMap ruleid="comp-status-vm">
      <valueIn>0</valueIn>  <valueOut>0</valueOut>
      <valueIn>1</valueIn>  <valueOut>1</valueOut>
      <valueIn>2</valueIn>  <valueOut>2</valueOut>
      <valueIn>3</valueIn>  <valueOut>3</valueOut>
      <valueIn>*</valueIn>  <valueOut>4</valueOut>
    </valueMap>

    <enumMap ruleid="comp-status-em">
      <label>Off</label>
      <label>On</label>
      <label>AL</label>
      <label>Pump Down</label>
      <label>Unknown</label>
    </enumMap>

    <valueMap ruleid="setpoint-mode-vm">
      <valueIn>0</valueIn>  <valueOut>0</valueOut>
      <valueIn>1</valueIn>  <valueOut>1</valueOut>
      <valueIn>2</valueIn>  <valueOut>2</valueOut>
      <valueIn>3</valueIn>  <valueOut>3</valueOut>
      <valueIn>4</valueIn>  <valueOut>4</valueOut>
      <valueIn>*</valueIn>  <valueOut>5</valueOut>
    </valueMap>

    <enumMap ruleid="setpoint-mode-em">
      <label>STD Chiller</label>
      <label>T. Ext Compens.</label>
      <label>OPT SetP</label>
      <label>Setback SetP</label>
      <label>Remote Offset</label>
      <label>Unknown</label>
    </enumMap>

    <valueMap ruleid="num-standby-units-vm">
      <valueIn>0</valueIn>  <valueOut>0</valueOut>
      <valueIn>1</valueIn>  <valueOut>1</valueOut>
      <valueIn>*</valueIn>  <valueOut>2</valueOut>
    </valueMap>

    <enumMap ruleid="num-standby-units-em">
      <label>One</label>
      <label>Two</label>
      <label>Unknown</label>
    </enumMap>

		
		<alarmFlags ruleid="wrong-password-alarm">
			<value><getOid>WRONG_PASSWORD_ALARM</getOid></value>
			<alarmFlagsTest match="1">
				<name>
					<activeText>Wrong Password Alarm</activeText>
					<inactiveText>Wrong Password Alarm Cleared</inactiveText>
				</name>
				<severity>warning</severity>
				<category>System</category>
				<description>
					<activeText>A Wrong Password Alarm condition exists.</activeText>
					<inactiveText>A Wrong Password Alarm condition no longer exists.</inactiveText>
				</description>
			</alarmFlagsTest>
		</alarmFlags>
		<alarmFlags ruleid="water-inlet-high-temperature-alarm">
			<value><getOid>WATER_INLET_HIGH_TEMPERATURE_ALARM</getOid></value>
			<alarmFlagsTest match="1">
				<name>
					<activeText>Water Inlet High Temperature Alarm</activeText>
					<inactiveText>Water Inlet High Temperature Alarm Cleared</inactiveText>
				</name>
				<severity>warning</severity>
				<category>System</category>
				<description>
					<activeText>A Water Inlet High Temperature Alarm condition exists.</activeText>
					<inactiveText>A Water Inlet High Temperature Alarm condition no longer exists.</inactiveText>
				</description>
			</alarmFlagsTest>
		</alarmFlags>
		<alarmFlags ruleid="water-inlet-low-temperature-alarm">
			<value><getOid>WATER_INLET_LOW_TEMPERATURE_ALARM</getOid></value>
			<alarmFlagsTest match="1">
				<name>
					<activeText>Water Inlet Low Temperature Alarm</activeText>
					<inactiveText>Water Inlet Low Temperature Alarm Cleared</inactiveText>
				</name>
				<severity>warning</severity>
				<category>System</category>
				<description>
					<activeText>A Water Inlet Low Temperature Alarm condition exists.</activeText>
					<inactiveText>A Water Inlet Low Temperature Alarm condition no longer exists.</inactiveText>
				</description>
			</alarmFlagsTest>
		</alarmFlags>
		<alarmFlags ruleid="loss-of-water-flow-alarm">
			<value><getOid>LOSS_OF_WATER_FLOW_ALARM</getOid></value>
			<alarmFlagsTest match="1">
				<name>
					<activeText>Loss of Water Flow Alarm</activeText>
					<inactiveText>Loss of Water Flow Alarm Cleared</inactiveText>
				</name>
				<severity>warning</severity>
				<category>System</category>
				<description>
					<activeText>A Loss of Water Flow Alarm condition exists.</activeText>
					<inactiveText>A Loss of Water Flow Alarm condition no longer exists.</inactiveText>
				</description>
			</alarmFlagsTest>
		</alarmFlags>
		<alarmFlags ruleid="low-pressure-prealarm-(auto-reset)">
			<value><getOid>LOW_PRESSURE_PREALARM_(AUTO_RESET)</getOid></value>
			<alarmFlagsTest match="1">
				<name>
					<activeText>Low Pressure Prealarm (Auto Reset)</activeText>
					<inactiveText>Low Pressure Prealarm (Auto Reset) Cleared</inactiveText>
				</name>
				<severity>warning</severity>
				<category>System</category>
				<description>
					<activeText>A Low Pressure Prealarm (Auto Reset) condition exists.</activeText>
					<inactiveText>A Low Pressure Prealarm (Auto Reset) condition no longer exists.</inactiveText>
				</description>
			</alarmFlagsTest>
		</alarmFlags>
		<alarmFlags ruleid="low-pressure-alarm">
			<value><getOid>LOW_PRESSURE_ALARM</getOid></value>
			<alarmFlagsTest match="1">
				<name>
					<activeText>Low Pressure Alarm</activeText>
					<inactiveText>Low Pressure Alarm Cleared</inactiveText>
				</name>
				<severity>warning</severity>
				<category>System</category>
				<description>
					<activeText>A Low Pressure Alarm condition exists.</activeText>
					<inactiveText>A Low Pressure Alarm condition no longer exists.</inactiveText>
				</description>
			</alarmFlagsTest>
		</alarmFlags>
		<alarmFlags ruleid="high-pressure-alarm">
			<value><getOid>HIGH_PRESSURE_ALARM</getOid></value>
			<alarmFlagsTest match="1">
				<name>
					<activeText>High Pressure Alarm</activeText>
					<inactiveText>High Pressure Alarm Cleared</inactiveText>
				</name>
				<severity>warning</severity>
				<category>System</category>
				<description>
					<activeText>A High Pressure Alarm condition exists.</activeText>
					<inactiveText>A High Pressure Alarm condition no longer exists.</inactiveText>
				</description>
			</alarmFlagsTest>
		</alarmFlags>
		<alarmFlags ruleid="compressor-1-overload-alarm">
			<value><getOid>COMPRESSOR_1_OVERLOAD_ALARM</getOid></value>
			<alarmFlagsTest match="1">
				<name>
					<activeText>Compressor 1 Overload Alarm</activeText>
					<inactiveText>Compressor 1 Overload Alarm Cleared</inactiveText>
				</name>
				<severity>warning</severity>
				<category>System</category>
				<description>
					<activeText>A Compressor 1 Overload Alarm condition exists.</activeText>
					<inactiveText>A Compressor 1 Overload Alarm condition no longer exists.</inactiveText>
				</description>
			</alarmFlagsTest>
		</alarmFlags>
		<alarmFlags ruleid="compressor-2-overload-alarm">
			<value><getOid>COMPRESSOR_2_OVERLOAD_ALARM</getOid></value>
			<alarmFlagsTest match="1">
				<name>
					<activeText>Compressor 2 Overload Alarm</activeText>
					<inactiveText>Compressor 2 Overload Alarm Cleared</inactiveText>
				</name>
				<severity>warning</severity>
				<category>System</category>
				<description>
					<activeText>A Compressor 2 Overload Alarm condition exists.</activeText>
					<inactiveText>A Compressor 2 Overload Alarm condition no longer exists.</inactiveText>
				</description>
			</alarmFlagsTest>
		</alarmFlags>
		<alarmFlags ruleid="circulating-pump-loss-flow-alarm">
			<value><getOid>CIRCULATING_PUMP_LOSS_FLOW_ALARM</getOid></value>
			<alarmFlagsTest match="1">
				<name>
					<activeText>Circulating Pump Loss Flow Alarm</activeText>
					<inactiveText>Circulating Pump Loss Flow Alarm Cleared</inactiveText>
				</name>
				<severity>warning</severity>
				<category>System</category>
				<description>
					<activeText>A Circulating Pump Loss Flow Alarm condition exists.</activeText>
					<inactiveText>A Circulating Pump Loss Flow Alarm condition no longer exists.</inactiveText>
				</description>
			</alarmFlagsTest>
		</alarmFlags>
		<alarmFlags ruleid="circuit-antifreeze-alarm">
			<value><getOid>CIRCUIT_ANTIFREEZE_ALARM</getOid></value>
			<alarmFlagsTest match="1">
				<name>
					<activeText>Circuit Antifreeze Alarm</activeText>
					<inactiveText>Circuit Antifreeze Alarm Cleared</inactiveText>
				</name>
				<severity>warning</severity>
				<category>System</category>
				<description>
					<activeText>A Circuit Antifreeze Alarm condition exists.</activeText>
					<inactiveText>A Circuit Antifreeze Alarm condition no longer exists.</inactiveText>
				</description>
			</alarmFlagsTest>
		</alarmFlags>
		<alarmFlags ruleid="interrupted-lan-alarm">
			<value><getOid>INTERRUPTED_LAN_ALARM</getOid></value>
			<alarmFlagsTest match="1">
				<name>
					<activeText>Interrupted LAN Alarm</activeText>
					<inactiveText>Interrupted LAN Alarm Cleared</inactiveText>
				</name>
				<severity>warning</severity>
				<category>System</category>
				<description>
					<activeText>A Interrupted LAN Alarm condition exists.</activeText>
					<inactiveText>A Interrupted LAN Alarm condition no longer exists.</inactiveText>
				</description>
			</alarmFlagsTest>
		</alarmFlags>
		<alarmFlags ruleid="water-inlet-temp_-sensor-failure/disconnected">
			<value><getOid>WATER_INLET_TEMP__SENSOR_FAILURE/DISCONNECTED</getOid></value>
			<alarmFlagsTest match="1">
				<name>
					<activeText>Water Inlet Temp. Sensor Failure/Disconnected</activeText>
					<inactiveText>Water Inlet Temp. Sensor Failure/Disconnected Cleared</inactiveText>
				</name>
				<severity>warning</severity>
				<category>System</category>
				<description>
					<activeText>A Water Inlet Temp. Sensor Failure/Disconnected condition exists.</activeText>
					<inactiveText>A Water Inlet Temp. Sensor Failure/Disconnected condition no longer exists.</inactiveText>
				</description>
			</alarmFlagsTest>
		</alarmFlags>
		<alarmFlags ruleid="water-outlet-temp_-sensor-failure/disconnected">
			<value><getOid>WATER_OUTLET_TEMP__SENSOR_FAILURE/DISCONNECTED</getOid></value>
			<alarmFlagsTest match="1">
				<name>
					<activeText>Water Outlet Temp. Sensor Failure/Disconnected</activeText>
					<inactiveText>Water Outlet Temp. Sensor Failure/Disconnected Cleared</inactiveText>
				</name>
				<severity>warning</severity>
				<category>System</category>
				<description>
					<activeText>A Water Outlet Temp. Sensor Failure/Disconnected condition exists.</activeText>
					<inactiveText>A Water Outlet Temp. Sensor Failure/Disconnected condition no longer exists.</inactiveText>
				</description>
			</alarmFlagsTest>
		</alarmFlags>
		<alarmFlags ruleid="outdoor-air-temp_-sensor-failure/disconnected">
			<value><getOid>OUTDOOR_AIR_TEMP__SENSOR_FAILURE/DISCONNECTED</getOid></value>
			<alarmFlagsTest match="1">
				<name>
					<activeText>Outdoor Air Temp. Sensor Failure/Disconnected</activeText>
					<inactiveText>Outdoor Air Temp. Sensor Failure/Disconnected Cleared</inactiveText>
				</name>
				<severity>warning</severity>
				<category>System</category>
				<description>
					<activeText>A Outdoor Air Temp. Sensor Failure/Disconnected condition exists.</activeText>
					<inactiveText>A Outdoor Air Temp. Sensor Failure/Disconnected condition no longer exists.</inactiveText>
				</description>
			</alarmFlagsTest>
		</alarmFlags>
		<alarmFlags ruleid="condensing-temp_-sensor-failure/disconnected">
			<value><getOid>CONDENSING_TEMP__SENSOR_FAILURE/DISCONNECTED</getOid></value>
			<alarmFlagsTest match="1">
				<name>
					<activeText>Condensing Temp. Sensor Failure/Disconnected</activeText>
					<inactiveText>Condensing Temp. Sensor Failure/Disconnected Cleared</inactiveText>
				</name>
				<severity>warning</severity>
				<category>System</category>
				<description>
					<activeText>A Condensing Temp. Sensor Failure/Disconnected condition exists.</activeText>
					<inactiveText>A Condensing Temp. Sensor Failure/Disconnected condition no longer exists.</inactiveText>
				</description>
			</alarmFlagsTest>
		</alarmFlags>
		<stateSensor ruleid="circulating-pump-1">
			<type>state</type>
			<sensorId>CIRCULATING_PUMP_1</sensorId>
			<value>
				<getOid>CIRCULATING_PUMP_1</getOid>
			</value>
			<label>Circulating Pump 1</label>
			<enum>onOff-em</enum>
			<sensorSet>Status</sensorSet>
		</stateSensor>
		<alarmFlags ruleid="compressor-1:-hour-counter-threshold-alarm">
			<value><getOid>COMPRESSOR_1:_HOUR_COUNTER_THRESHOLD_ALARM</getOid></value>
			<alarmFlagsTest match="1">
				<name>
					<activeText>Compressor 1: Hour Counter Threshold Alarm</activeText>
					<inactiveText>Compressor 1: Hour Counter Threshold Alarm Cleared</inactiveText>
				</name>
				<severity>warning</severity>
				<category>System</category>
				<description>
					<activeText>A Compressor 1: Hour Counter Threshold Alarm condition exists.</activeText>
					<inactiveText>A Compressor 1: Hour Counter Threshold Alarm condition no longer exists.</inactiveText>
				</description>
			</alarmFlagsTest>
		</alarmFlags>
		<alarmFlags ruleid="compressor-2:-hour-counter-threshold-alarm">
			<value><getOid>COMPRESSOR_2:_HOUR_COUNTER_THRESHOLD_ALARM</getOid></value>
			<alarmFlagsTest match="1">
				<name>
					<activeText>Compressor 2: Hour Counter Threshold Alarm</activeText>
					<inactiveText>Compressor 2: Hour Counter Threshold Alarm Cleared</inactiveText>
				</name>
				<severity>warning</severity>
				<category>System</category>
				<description>
					<activeText>A Compressor 2: Hour Counter Threshold Alarm condition exists.</activeText>
					<inactiveText>A Compressor 2: Hour Counter Threshold Alarm condition no longer exists.</inactiveText>
				</description>
			</alarmFlagsTest>
		</alarmFlags>
		<alarmFlags ruleid="circulating-pump:-hour-counter-threshold-alarm">
			<value><getOid>CIRCULATING_PUMP:_HOUR_COUNTER_THRESHOLD_ALARM</getOid></value>
			<alarmFlagsTest match="1">
				<name>
					<activeText>Circulating Pump: Hour Counter Threshold Alarm</activeText>
					<inactiveText>Circulating Pump: Hour Counter Threshold Alarm Cleared</inactiveText>
				</name>
				<severity>warning</severity>
				<category>System</category>
				<description>
					<activeText>A Circulating Pump: Hour Counter Threshold Alarm condition exists.</activeText>
					<inactiveText>A Circulating Pump: Hour Counter Threshold Alarm condition no longer exists.</inactiveText>
				</description>
			</alarmFlagsTest>
		</alarmFlags>
	<alarmFlags ruleid="general-alarm-state">
			<value><getOid>GENERAL_ALARM_STATE</getOid></value>
			<alarmFlagsTest match="1">
				<name>
					<activeText>General Alarm State</activeText>
					<inactiveText>General Alarm State Cleared</inactiveText>
				</name>
				<severity>warning</severity>
				<category>System</category>
				<description>
					<activeText>A General Alarm State condition exists.</activeText>
					<inactiveText>A General Alarm State condition no longer exists.</inactiveText>
				</description>
			</alarmFlagsTest>
		</alarmFlags>
		<alarmFlags ruleid="second_level_alarm_state">
			<value><getOid>SECOND_LEVEL_ALARM_STATE</getOid></value>
			<alarmFlagsTest match="1">
				<name>
					<activeText>2nd Level Alarm State</activeText>
					<inactiveText>2nd Level Alarm State Cleared</inactiveText>
				</name>
				<severity>warning</severity>
				<category>System</category>
				<description>
					<activeText>A 2nd Level Alarm State condition exists.</activeText>
					<inactiveText>A 2nd Level Alarm State condition no longer exists.</inactiveText>
				</description>
			</alarmFlagsTest>
		</alarmFlags>
		
		<alarmFlags ruleid="operational-limits-of-evaporation">
			<value><getOid>OPERATIONAL_LIMITS_OF_EVAPORATION</getOid></value>
			<alarmFlagsTest match="1">
				<name>
					<activeText>Operational Limits of Evaporation</activeText>
					<inactiveText>Operational Limits of Evaporation Cleared</inactiveText>
				</name>
				<severity>warning</severity>
				<category>System</category>
				<description>
					<activeText>A Operational Limits of Evaporation condition exists.</activeText>
					<inactiveText>A Operational Limits of Evaporation condition no longer exists.</inactiveText>
				</description>
			</alarmFlagsTest>
		</alarmFlags>
		<alarmFlags ruleid="operational-limits-of-condensation">
			<value><getOid>OPERATIONAL_LIMITS_OF_CONDENSATION</getOid></value>
			<alarmFlagsTest match="1">
				<name>
					<activeText>Operational Limits of Condensation</activeText>
					<inactiveText>Operational Limits of Condensation Cleared</inactiveText>
				</name>
				<severity>warning</severity>
				<category>System</category>
				<description>
					<activeText>A Operational Limits of Condensation condition exists.</activeText>
					<inactiveText>A Operational Limits of Condensation condition no longer exists.</inactiveText>
				</description>
			</alarmFlagsTest>
		</alarmFlags>
		<alarmFlags ruleid="circuit-compressor-malfunction">
			<value><getOid>CIRCUIT_COMPRESSOR_MALFUNCTION</getOid></value>
			<alarmFlagsTest match="1">
				<name>
					<activeText>Circuit Compressor Malfunction</activeText>
					<inactiveText>Circuit Compressor Malfunction Cleared</inactiveText>
				</name>
				<severity>warning</severity>
				<category>System</category>
				<description>
					<activeText>A Circuit Compressor Malfunction condition exists.</activeText>
					<inactiveText>A Circuit Compressor Malfunction condition no longer exists.</inactiveText>
				</description>
			</alarmFlagsTest>
		</alarmFlags>
		<alarmFlags ruleid="high-condensing-temperature">
			<value><getOid>HIGH_CONDENSING_TEMPERATURE</getOid></value>
			<alarmFlagsTest match="1">
				<name>
					<activeText>High Condensing Temperature</activeText>
					<inactiveText>High Condensing Temperature Cleared</inactiveText>
				</name>
				<severity>warning</severity>
				<category>System</category>
				<description>
					<activeText>A High Condensing Temperature condition exists.</activeText>
					<inactiveText>A High Condensing Temperature condition no longer exists.</inactiveText>
				</description>
			</alarmFlagsTest>
		</alarmFlags>
		<alarmFlags ruleid="circuit-compressor-operative-limits">
			<value><getOid>CIRCUIT_COMPRESSOR_OPERATIVE_LIMITS</getOid></value>
			<alarmFlagsTest match="1">
				<name>
					<activeText>Circuit Compressor Operative Limits</activeText>
					<inactiveText>Circuit Compressor Operative Limits Cleared</inactiveText>
				</name>
				<severity>warning</severity>
				<category>System</category>
				<description>
					<activeText>A Circuit Compressor Operative Limits condition exists.</activeText>
					<inactiveText>A Circuit Compressor Operative Limits condition no longer exists.</inactiveText>
				</description>
			</alarmFlagsTest>
		</alarmFlags>
		<alarmFlags ruleid="defrost-limits">
			<value><getOid>DEFROST_LIMITS</getOid></value>
			<alarmFlagsTest match="1">
				<name>
					<activeText>Defrost Limits</activeText>
					<inactiveText>Defrost Limits Cleared</inactiveText>
				</name>
				<severity>warning</severity>
				<category>System</category>
				<description>
					<activeText>A Defrost Limits condition exists.</activeText>
					<inactiveText>A Defrost Limits condition no longer exists.</inactiveText>
				</description>
			</alarmFlagsTest>
		</alarmFlags>
		<numSensor ruleid="water-outlet-temperature">
			<type>temp</type>
			<sensorId>WATER_OUTLET_TEMPERATURE</sensorId>
			<value>
				<mult>
				<op><getOid>WATER_OUTLET_TEMPERATURE</getOid></op>
				<op>0.1</op>
				</mult>
			</value>
			<valueInc>0.1</valueInc>
			<label>Water Outlet Temperature</label>
			<sensorSet>Analog</sensorSet>
		</numSensor>
		<numSensor ruleid="water-outlet-temperature-(regulator)">
			<type>temp</type>
			<sensorId>WATER_OUTLET_TEMPERATURE_(REGULATOR)</sensorId>
			<value>
				<mult>
				<op><getOid>WATER_OUTLET_TEMPERATURE_(REGULATOR)</getOid></op>
				<op>0.1</op>
				</mult>
			</value>
			<valueInc>0.1</valueInc>
			<label>Water Outlet Temperature (Regulator)</label>
			<sensorSet>Analog</sensorSet>
		</numSensor>
		<numSensor ruleid="water-inlet-temperature">
			<type>temp</type>
			<sensorId>WATER_INLET_TEMPERATURE</sensorId>
			<value>
				<mult>
				<op><getOid>WATER_INLET_TEMPERATURE</getOid></op>
				<op>0.1</op>
				</mult>
			</value>
			<valueInc>0.1</valueInc>
			<label>Water Inlet Temperature</label>
			<sensorSet>Analog</sensorSet>
		</numSensor>
		<numSensor ruleid="outdoor-air-temperature">
			<type>temp</type>
			<sensorId>OUTDOOR_AIR_TEMPERATURE</sensorId>
			<value>
				<mult>
				<op><getOid>OUTDOOR_AIR_TEMPERATURE</getOid></op>
				<op>0.1</op>
				</mult>
			</value>
			<valueInc>0.1</valueInc>
			<label>Outdoor Air Temperature</label>
			<sensorSet>Analog</sensorSet>
		</numSensor>
		<numSensor ruleid="condensing-temperature">
			<type>temp</type>
			<sensorId>CONDENSING_TEMPERATURE</sensorId>
			<value>
				<mult>
				<op><getOid>CONDENSING_TEMPERATURE</getOid></op>
				<op>0.1</op>
				</mult>
			</value>
			<valueInc>0.1</valueInc>
			<label>Condensing Temperature</label>
			<sensorSet>Analog</sensorSet>
		</numSensor>
		<numSensor ruleid="suction-pressure">
			<type>pressure</type>
			<sensorId>SUCTION_PRESSURE</sensorId>
			<value>
				<mult>
				<op><getOid>SUCTION_PRESSURE</getOid></op>
				<op>10</op>
				</mult>
			</value>
			<valueInc>1</valueInc>
			<label>Suction Pressure</label>
			<sensorSet>Analog</sensorSet>
		</numSensor>
		<numSensor ruleid="evaporating-temperature">
			<type>temp</type>
			<sensorId>EVAPORATING_TEMPERATURE</sensorId>
			<value>
				<mult>
				<op><getOid>EVAPORATING_TEMPERATURE</getOid></op>
				<op>0.1</op>
				</mult>
			</value>
			<valueInc>0.1</valueInc>
			<label>Evaporating Temperature</label>
			<sensorSet>Analog</sensorSet>
		</numSensor>
		<numSensor ruleid="suction-temperature">
			<type>temp</type>
			<sensorId>SUCTION_TEMPERATURE</sensorId>
			<value>
				<mult>
				<op><getOid>SUCTION_TEMPERATURE</getOid></op>
				<op>0.1</op>
				</mult>
			</value>
			<valueInc>0.1</valueInc>
			<label>Suction Temperature</label>
			<sensorSet>Analog</sensorSet>
		</numSensor>
		<numSensor ruleid="fan-speed-modulation">
			<type>num</type>
			<units>percent</units>
			<sensorId>FAN_SPEED_MODULATION</sensorId>
			<value>
				<mult>
				<op><getOid>FAN_SPEED_MODULATION</getOid></op>
				<op>0.1</op>
				</mult>
			</value>
			<valueInc>0.1</valueInc>
			<label>Fan Speed Modulation</label>
			<sensorSet>Analog</sensorSet>
		</numSensor>
		<numSensor ruleid="regulation-ramp">
			<type>temp</type>
			<sensorId>REGULATION_RAMP</sensorId>
			<value>
				<mult>
				<op><getOid>REGULATION_RAMP</getOid></op>
				<op>0.1</op>
				</mult>
			</value>
			<valueInc>0.1</valueInc>
			<label>Regulation Ramp</label>
			<sensorSet>Analog</sensorSet>
		</numSensor>
		<numSensor ruleid="real-superheat">
			<type>temp</type>
			<sensorId>REAL_SUPERHEAT</sensorId>
			<value>
				<mult>
				<op><getOid>REAL_SUPERHEAT</getOid></op>
				<op>0.1</op>
				</mult>
			</value>
			<valueInc>0.1</valueInc>
			<label>Real Superheat</label>
			<sensorSet>Analog</sensorSet>
		</numSensor>
		<numSensor ruleid="actual-superheat-circuit">
			<type>temp</type>
			<sensorId>ACTUAL_SUPERHEAT_CIRCUIT</sensorId>
			<value>
				<mult>
				<op><getOid>ACTUAL_SUPERHEAT_CIRCUIT</getOid></op>
				<op>0.1</op>
				</mult>
			</value>
			<valueInc>0.1</valueInc>
			<label>Actual Superheat Circuit</label>
			<sensorSet>Analog</sensorSet>
		</numSensor>
		<numSensor ruleid="delivery-water-temp_-actual-setpoint">
			<type>temp</type>
			<sensorId>DELIVERY_WATER_TEMP__ACTUAL_SETPOINT</sensorId>
			<value>
				<mult>
				<op><getOid>DELIVERY_WATER_TEMP__ACTUAL_SETPOINT</getOid></op>
				<op>0.1</op>
				</mult>
			</value>
			<valueInc>0.1</valueInc>
			<label>Delivery Water Temp. Actual Setpoint</label>
			<sensorSet>Analog</sensorSet>
		</numSensor>
		<numSensor ruleid="delivery-water-temp_-max-hysteresi">
			<type>temp</type>
			<sensorId>DELIVERY_WATER_TEMP__MAX_HYSTERESI</sensorId>
			<value>
				<mult>
				<op><getOid>DELIVERY_WATER_TEMP__MAX_HYSTERESI</getOid></op>
				<op>0.1</op>
				</mult>
			</value>
			<valueInc>0.1</valueInc>
			<label>Delivery Water Temp. Max Hysteresi</label>
			<sensorSet>Analog</sensorSet>
		</numSensor>
		<numSensor ruleid="sending-variables-offset">
			<type>temp</type>
			<sensorId>SENDING_VARIABLES_OFFSET</sensorId>
			<value>
				<mult>
				<op><getOid>SENDING_VARIABLES_OFFSET</getOid></op>
				<op>0.1</op>
				</mult>
			</value>
			<valueInc>0.1</valueInc>
			<label>Sending Variables Offset</label>
			<sensorSet>Analog</sensorSet>
		</numSensor>
		<numSensor ruleid="delivery-water-temp_-summer-std-setpoint">
			<type>temp</type>
			<sensorId>DELIVERY_WATER_TEMP__SUMMER_STD_SETPOINT</sensorId>
			<value>
				<mult>
				<op><getOid>DELIVERY_WATER_TEMP__SUMMER_STD_SETPOINT</getOid></op>
				<op>0.1</op>
				</mult>
			</value>
			<valueInc>0.1</valueInc>
			<label>Delivery Water Temp. Summer STD Setpoint</label>
			<sensorSet>Analog</sensorSet>
		</numSensor>
		<numSensor ruleid="delivery-water-temp_-summer-opt-setpoint">
			<type>temp</type>
			<sensorId>DELIVERY_WATER_TEMP__SUMMER_OPT_SETPOINT</sensorId>
			<value>
				<mult>
				<op><getOid>DELIVERY_WATER_TEMP__SUMMER_OPT_SETPOINT</getOid></op>
				<op>0.1</op>
				</mult>
			</value>
			<valueInc>0.1</valueInc>
			<label>Delivery Water Temp. Summer OPT Setpoint</label>
			<sensorSet>Analog</sensorSet>
		</numSensor>
		<numSensor ruleid="delivery-water-temp_-summer-setback-mode-setpoint">
			<type>temp</type>
			<sensorId>DELIVERY_WATER_TEMP__SUMMER_SETBACK_MODE_SETPOINT</sensorId>
			<value>
				<mult>
				<op><getOid>DELIVERY_WATER_TEMP__SUMMER_SETBACK_MODE_SETPOINT</getOid></op>
				<op>0.1</op>
				</mult>
			</value>
			<valueInc>0.1</valueInc>
			<label>Delivery Water Temp. Summer Setback Mode Setpoint</label>
			<sensorSet>Analog</sensorSet>
		</numSensor>
		<numSensor ruleid="delivery-water-temp_-winter-setpoint">
			<type>temp</type>
			<sensorId>DELIVERY_WATER_TEMP__WINTER_SETPOINT</sensorId>
			<value>
				<mult>
				<op><getOid>DELIVERY_WATER_TEMP__WINTER_SETPOINT</getOid></op>
				<op>0.1</op>
				</mult>
			</value>
			<valueInc>0.1</valueInc>
			<label>Delivery Water Temp. Winter Setpoint</label>
			<sensorSet>Analog</sensorSet>
		</numSensor>
		<numSensor ruleid="delivery-water-temp_-winter-setback-mode-setpoint">
			<type>temp</type>
			<sensorId>DELIVERY_WATER_TEMP__WINTER_SETBACK_MODE_SETPOINT</sensorId>
			<value>
				<mult>
				<op><getOid>DELIVERY_WATER_TEMP__WINTER_SETBACK_MODE_SETPOINT</getOid></op>
				<op>0.1</op>
				</mult>
			</value>
			<valueInc>0.1</valueInc>
			<label>Delivery Water Temp. Winter Setback Mode Setpoint</label>
			<sensorSet>Analog</sensorSet>
		</numSensor>
		<numSensor ruleid="cw-inlet-high-temp_-alarm-threshold">
			<type>temp</type>
			<sensorId>CW_INLET_HIGH_TEMP__ALARM_THRESHOLD</sensorId>
			<value>
				<mult>
				<op><getOid>CW_INLET_HIGH_TEMP__ALARM_THRESHOLD</getOid></op>
				<op>0.1</op>
				</mult>
			</value>
			<valueInc>0.1</valueInc>
			<label>CW Inlet High Temp. Alarm Threshold</label>
			<sensorSet>Analog</sensorSet>
		</numSensor>
		<numSensor ruleid="cw-inlet-low-temp_-alarm-threshold">
			<type>temp</type>
			<sensorId>CW_INLET_LOW_TEMP__ALARM_THRESHOLD</sensorId>
			<value>
				<mult>
				<op><getOid>CW_INLET_LOW_TEMP__ALARM_THRESHOLD</getOid></op>
				<op>0.1</op>
				</mult>
			</value>
			<valueInc>0.1</valueInc>
			<label>CW Inlet Low Temp. Alarm Threshold</label>
			<sensorSet>Analog</sensorSet>
		</numSensor>
		<numSensor ruleid="hw-inlet-high-temp_-alarm-threshold">
			<type>temp</type>
			<sensorId>HW_INLET_HIGH_TEMP__ALARM_THRESHOLD</sensorId>
			<value>
				<mult>
				<op><getOid>HW_INLET_HIGH_TEMP__ALARM_THRESHOLD</getOid></op>
				<op>0.1</op>
				</mult>
			</value>
			<valueInc>0.1</valueInc>
			<label>HW Inlet High Temp. Alarm Threshold</label>
			<sensorSet>Analog</sensorSet>
		</numSensor>
		<numSensor ruleid="hw-inlet-low-temp_-alarm-threshold">
			<type>temp</type>
			<sensorId>HW_INLET_LOW_TEMP__ALARM_THRESHOLD</sensorId>
			<value>
				<mult>
				<op><getOid>HW_INLET_LOW_TEMP__ALARM_THRESHOLD</getOid></op>
				<op>0.1</op>
				</mult>
			</value>
			<valueInc>0.1</valueInc>
			<label>HW Inlet Low Temp. Alarm Threshold</label>
			<sensorSet>Analog</sensorSet>
		</numSensor>
		<numSensor ruleid="summer-t_ext-compens_:-p1-t_ext_-setpoint">
			<type>temp</type>
			<sensorId>SUMMER_T_EXT_COMPENS_:_P1_T_EXT__SETPOINT</sensorId>
			<value>
				<mult>
				<op><getOid>SUMMER_T_EXT_COMPENS_:_P1_T_EXT__SETPOINT</getOid></op>
				<op>0.1</op>
				</mult>
			</value>
			<valueInc>0.1</valueInc>
			<label>Summer T.Ext Compens.: P1 T.Ext. Setpoint</label>
			<sensorSet>Analog</sensorSet>
		</numSensor>
		<numSensor ruleid="summer-t_ext-compens_:-p2-t_wout_-setpoint">
			<type>temp</type>
			<sensorId>SUMMER_T_EXT_COMPENS_:_P2_T_WOUT__SETPOINT</sensorId>
			<value>
				<mult>
				<op><getOid>SUMMER_T_EXT_COMPENS_:_P2_T_WOUT__SETPOINT</getOid></op>
				<op>0.1</op>
				</mult>
			</value>
			<valueInc>0.1</valueInc>
			<label>Summer T.Ext Compens.: P2 T.Wout. Setpoint</label>
			<sensorSet>Analog</sensorSet>
		</numSensor>
		<numSensor ruleid="summer-t_ext-compens_:-p2-t_ext_-setpoint">
			<type>temp</type>
			<sensorId>SUMMER_T_EXT_COMPENS_:_P2_T_EXT__SETPOINT</sensorId>
			<value>
				<mult>
				<op><getOid>SUMMER_T_EXT_COMPENS_:_P2_T_EXT__SETPOINT</getOid></op>
				<op>0.1</op>
				</mult>
			</value>
			<valueInc>0.1</valueInc>
			<label>Summer T.Ext Compens.: P2 T.Ext. Setpoint</label>
			<sensorSet>Analog</sensorSet>
		</numSensor>
		<numSensor ruleid="winter-t_ext-compens_:-p1-t_ext_-setpoint">
			<type>temp</type>
			<sensorId>WINTER_T_EXT_COMPENS_:_P1_T_EXT__SETPOINT</sensorId>
			<value>
				<mult>
				<op><getOid>WINTER_T_EXT_COMPENS_:_P1_T_EXT__SETPOINT</getOid></op>
				<op>0.1</op>
				</mult>
			</value>
			<valueInc>0.1</valueInc>
			<label>Winter T.Ext Compens.: P1 T.Ext. Setpoint</label>
			<sensorSet>Analog</sensorSet>
		</numSensor>
		<numSensor ruleid="winter-t_ext-compens_:-p2-t_wout_-setpoint">
			<type>temp</type>
			<sensorId>WINTER_T_EXT_COMPENS_:_P2_T_WOUT__SETPOINT</sensorId>
			<value>
				<mult>
				<op><getOid>WINTER_T_EXT_COMPENS_:_P2_T_WOUT__SETPOINT</getOid></op>
				<op>0.1</op>
				</mult>
			</value>
			<valueInc>0.1</valueInc>
			<label>Winter T.Ext Compens.: P2 T.Wout. Setpoint</label>
			<sensorSet>Analog</sensorSet>
		</numSensor>
		<numSensor ruleid="winter-t_ext-compens_:-p2-t_ext_-setpoint">
			<type>temp</type>
			<sensorId>WINTER_T_EXT_COMPENS_:_P2_T_EXT__SETPOINT</sensorId>
			<value>
				<mult>
				<op><getOid>WINTER_T_EXT_COMPENS_:_P2_T_EXT__SETPOINT</getOid></op>
				<op>0.1</op>
				</mult>
			</value>
			<valueInc>0.1</valueInc>
			<label>Winter T.Ext Compens.: P2 T.Ext. Setpoint</label>
			<sensorSet>Analog</sensorSet>
		</numSensor>
		<numSensor ruleid="automatic-switch-summer/winter---external-temperature-on-winter">
			<type>temp</type>
			<sensorId>AUTOMATIC_SWITCH_SUMMER/WINTER_-_EXTERNAL_TEMPERATURE_ON_WINTER</sensorId>
			<value>
				<mult>
				<op><getOid>AUTOMATIC_SWITCH_SUMMER/WINTER_-_EXTERNAL_TEMPERATURE_ON_WINTER</getOid></op>
				<op>0.1</op>
				</mult>
			</value>
			<valueInc>0.1</valueInc>
			<label>Automatic Switch Summer/Winter - External Temperature on Winter</label>
			<sensorSet>Analog</sensorSet>
		</numSensor>
		<numSensor ruleid="automatic-switch-summer/winter---external-temperature-on-summer">
			<type>temp</type>
			<sensorId>AUTOMATIC_SWITCH_SUMMER/WINTER_-_EXTERNAL_TEMPERATURE_ON_SUMMER</sensorId>
			<value>
				<mult>
				<op><getOid>AUTOMATIC_SWITCH_SUMMER/WINTER_-_EXTERNAL_TEMPERATURE_ON_SUMMER</getOid></op>
				<op>0.1</op>
				</mult>
			</value>
			<valueInc>0.1</valueInc>
			<label>Automatic Switch Summer/Winter - External Temperature on Summer</label>
			<sensorSet>Analog</sensorSet>
		</numSensor>
		<valueMap ruleid="binaryDefaultZero-vm">
			<valueIn>0</valueIn><valueOut>0</valueOut>
			<valueIn>1</valueIn><valueOut>1</valueOut>
			<valueIn>*</valueIn><valueOut>*</valueOut>
		</valueMap>
		<enumMap ruleid="onOff-em">
			<label>Off</label>
			<label>On</label>
		</enumMap>
		<enumMap ruleid="numUnits-em">
			<label>One</label>
			<label>Two</label>
		</enumMap>
		
		    <enumMap ruleid="normal-alarm-em">
      <label>Normal</label>
      <label>Alarm</label>
      <label>Unknown</label>
    </enumMap>


	</device>
	<protocol>
		<modbus>
			<value_ref_id valid="SYSTEM_ON">
				<function>1</function>
				<start_addr>1</start_addr>
				<quantity>1</quantity>
				<type>bit</type>
			</value_ref_id>
			<value_ref_id valid="COMPRESSOR_1">
				<function>1</function>
				<start_addr>2</start_addr>
				<quantity>1</quantity>
				<type>bit</type>
			</value_ref_id>
			<value_ref_id valid="COMPRESSOR_2">
				<function>1</function>
				<start_addr>3</start_addr>
				<quantity>1</quantity>
				<type>bit</type>
			</value_ref_id>
			<value_ref_id valid="CONDENSING_REGULATION_ACTIVE">
				<function>1</function>
				<start_addr>4</start_addr>
				<quantity>1</quantity>
				<type>bit</type>
			</value_ref_id>
			<value_ref_id valid="ANTIFREEZE_HEATERS">
				<function>1</function>
				<start_addr>7</start_addr>
				<quantity>1</quantity>
				<type>bit</type>
			</value_ref_id>
			<value_ref_id valid="CIRCUIT_DEFROST_(HEAT_PUMP_ONLY)">
				<function>1</function>
				<start_addr>8</start_addr>
				<quantity>1</quantity>
				<type>bit</type>
			</value_ref_id>
			<value_ref_id valid="WINTER_MODE_(HEAT_PUMP_ONLY)">
				<function>1</function>
				<start_addr>10</start_addr>
				<quantity>1</quantity>
				<type>bit</type>
			</value_ref_id>
			<value_ref_id valid="WRONG_PASSWORD_ALARM">
				<function>1</function>
				<start_addr>19</start_addr>
				<quantity>1</quantity>
				<type>bit</type>
			</value_ref_id>
			<value_ref_id valid="WATER_INLET_HIGH_TEMPERATURE_ALARM">
				<function>1</function>
				<start_addr>20</start_addr>
				<quantity>1</quantity>
				<type>bit</type>
			</value_ref_id>
			<value_ref_id valid="WATER_INLET_LOW_TEMPERATURE_ALARM">
				<function>1</function>
				<start_addr>21</start_addr>
				<quantity>1</quantity>
				<type>bit</type>
			</value_ref_id>
			<value_ref_id valid="LOSS_OF_WATER_FLOW_ALARM">
				<function>1</function>
				<start_addr>22</start_addr>
				<quantity>1</quantity>
				<type>bit</type>
			</value_ref_id>
			<value_ref_id valid="LOW_PRESSURE_PREALARM_(AUTO_RESET)">
				<function>1</function>
				<start_addr>23</start_addr>
				<quantity>1</quantity>
				<type>bit</type>
			</value_ref_id>
			<value_ref_id valid="LOW_PRESSURE_ALARM">
				<function>1</function>
				<start_addr>24</start_addr>
				<quantity>1</quantity>
				<type>bit</type>
			</value_ref_id>
			<value_ref_id valid="HIGH_PRESSURE_ALARM">
				<function>1</function>
				<start_addr>25</start_addr>
				<quantity>1</quantity>
				<type>bit</type>
			</value_ref_id>
			<value_ref_id valid="COMPRESSOR_1_OVERLOAD_ALARM">
				<function>1</function>
				<start_addr>26</start_addr>
				<quantity>1</quantity>
				<type>bit</type>
			</value_ref_id>
			<value_ref_id valid="COMPRESSOR_2_OVERLOAD_ALARM">
				<function>1</function>
				<start_addr>27</start_addr>
				<quantity>1</quantity>
				<type>bit</type>
			</value_ref_id>
			<value_ref_id valid="CIRCULATING_PUMP_LOSS_FLOW_ALARM">
				<function>1</function>
				<start_addr>28</start_addr>
				<quantity>1</quantity>
				<type>bit</type>
			</value_ref_id>
			<value_ref_id valid="CIRCUIT_ANTIFREEZE_ALARM">
				<function>1</function>
				<start_addr>29</start_addr>
				<quantity>1</quantity>
				<type>bit</type>
			</value_ref_id>
			<value_ref_id valid="INTERRUPTED_LAN_ALARM">
				<function>1</function>
				<start_addr>30</start_addr>
				<quantity>1</quantity>
				<type>bit</type>
			</value_ref_id>
			<value_ref_id valid="WATER_INLET_TEMP__SENSOR_FAILURE/DISCONNECTED">
				<function>1</function>
				<start_addr>31</start_addr>
				<quantity>1</quantity>
				<type>bit</type>
			</value_ref_id>
			<value_ref_id valid="WATER_OUTLET_TEMP__SENSOR_FAILURE/DISCONNECTED">
				<function>1</function>
				<start_addr>32</start_addr>
				<quantity>1</quantity>
				<type>bit</type>
			</value_ref_id>
			<value_ref_id valid="OUTDOOR_AIR_TEMP__SENSOR_FAILURE/DISCONNECTED">
				<function>1</function>
				<start_addr>33</start_addr>
				<quantity>1</quantity>
				<type>bit</type>
			</value_ref_id>
			<value_ref_id valid="CONDENSING_TEMP__SENSOR_FAILURE/DISCONNECTED">
				<function>1</function>
				<start_addr>34</start_addr>
				<quantity>1</quantity>
				<type>bit</type>
			</value_ref_id>
			<value_ref_id valid="CIRCULATING_PUMP_1">
				<function>1</function>
				<start_addr>35</start_addr>
				<quantity>1</quantity>
				<type>bit</type>
			</value_ref_id>
			<value_ref_id valid="COMPRESSOR_1:_HOUR_COUNTER_THRESHOLD_ALARM">
				<function>1</function>
				<start_addr>53</start_addr>
				<quantity>1</quantity>
				<type>bit</type>
			</value_ref_id>
			<value_ref_id valid="COMPRESSOR_2:_HOUR_COUNTER_THRESHOLD_ALARM">
				<function>1</function>
				<start_addr>54</start_addr>
				<quantity>1</quantity>
				<type>bit</type>
			</value_ref_id>
			<value_ref_id valid="CIRCULATING_PUMP:_HOUR_COUNTER_THRESHOLD_ALARM">
				<function>1</function>
				<start_addr>55</start_addr>
				<quantity>1</quantity>
				<type>bit</type>
			</value_ref_id>
	
      <value_ref_id valid="general_alarm_state">
        <function>1</function>
        <start_addr>56</start_addr>
        <quantity>1</quantity>
        <type>bit</type>
      </value_ref_id>

      <value_ref_id valid="second_level_alarm_state">
        <function>1</function>
        <start_addr>57</start_addr>
        <quantity>1</quantity>
        <type>bit</type>
      </value_ref_id>

			<value_ref_id valid="NUMBER_OF_STANDBY_UNITS">
				<function>1</function>
				<start_addr>66</start_addr>
				<quantity>1</quantity>
				<type>bit</type>
			</value_ref_id>
			<value_ref_id valid="OPERATIONAL_LIMITS_OF_EVAPORATION">
				<function>1</function>
				<start_addr>68</start_addr>
				<quantity>1</quantity>
				<type>bit</type>
			</value_ref_id>
			<value_ref_id valid="OPERATIONAL_LIMITS_OF_CONDENSATION">
				<function>1</function>
				<start_addr>69</start_addr>
				<quantity>1</quantity>
				<type>bit</type>
			</value_ref_id>
			<value_ref_id valid="CIRCUIT_COMPRESSOR_MALFUNCTION">
				<function>1</function>
				<start_addr>70</start_addr>
				<quantity>1</quantity>
				<type>bit</type>
			</value_ref_id>
			<value_ref_id valid="HIGH_CONDENSING_TEMPERATURE">
				<function>1</function>
				<start_addr>71</start_addr>
				<quantity>1</quantity>
				<type>bit</type>
			</value_ref_id>
			<value_ref_id valid="CIRCUIT_COMPRESSOR_OPERATIVE_LIMITS">
				<function>1</function>
				<start_addr>72</start_addr>
				<quantity>1</quantity>
				<type>bit</type>
			</value_ref_id>
			<value_ref_id valid="DEFROST_LIMITS">
				<function>1</function>
				<start_addr>73</start_addr>
				<quantity>1</quantity>
				<type>bit</type>
			</value_ref_id>
			<value_ref_id valid="WATER_OUTLET_TEMPERATURE">
				<function>3</function>
				<start_addr>1</start_addr>
				<quantity>1</quantity>
				<type>int_16</type>
			</value_ref_id>
			<value_ref_id valid="WATER_OUTLET_TEMPERATURE_(REGULATOR)">
				<function>3</function>
				<start_addr>2</start_addr>
				<quantity>1</quantity>
				<type>int_16</type>
			</value_ref_id>
			<value_ref_id valid="WATER_INLET_TEMPERATURE">
				<function>3</function>
				<start_addr>3</start_addr>
				<quantity>1</quantity>
				<type>int_16</type>
			</value_ref_id>
			<value_ref_id valid="OUTDOOR_AIR_TEMPERATURE">
				<function>3</function>
				<start_addr>4</start_addr>
				<quantity>1</quantity>
				<type>int_16</type>
			</value_ref_id>
			<value_ref_id valid="CONDENSING_TEMPERATURE">
				<function>3</function>
				<start_addr>5</start_addr>
				<quantity>1</quantity>
				<type>int_16</type>
			</value_ref_id>
			<value_ref_id valid="SUCTION_PRESSURE">
				<function>3</function>
				<start_addr>6</start_addr>
				<quantity>1</quantity>
				<type>uint_16</type>
			</value_ref_id>
			<value_ref_id valid="EVAPORATING_TEMPERATURE">
				<function>3</function>
				<start_addr>7</start_addr>
				<quantity>1</quantity>
				<type>int_16</type>
			</value_ref_id>
			<value_ref_id valid="SUCTION_TEMPERATURE">
				<function>3</function>
				<start_addr>8</start_addr>
				<quantity>1</quantity>
				<type>int_16</type>
			</value_ref_id>
			<value_ref_id valid="FAN_SPEED_MODULATION">
				<function>3</function>
				<start_addr>9</start_addr>
				<quantity>1</quantity>
				<type>uint_16</type>
			</value_ref_id>
			<value_ref_id valid="REGULATION_RAMP">
				<function>3</function>
				<start_addr>10</start_addr>
				<quantity>1</quantity>
				<type>uint_16</type>
			</value_ref_id>
			<value_ref_id valid="REAL_SUPERHEAT">
				<function>3</function>
				<start_addr>11</start_addr>
				<quantity>1</quantity>
				<type>uint_16</type>
			</value_ref_id>
			<value_ref_id valid="ACTUAL_SUPERHEAT_CIRCUIT">
				<function>3</function>
				<start_addr>12</start_addr>
				<quantity>1</quantity>
				<type>uint_16</type>
			</value_ref_id>
			<value_ref_id valid="DELIVERY_WATER_TEMP__ACTUAL_SETPOINT">
				<function>3</function>
				<start_addr>15</start_addr>
				<quantity>1</quantity>
				<type>int_16</type>
			</value_ref_id>
			<value_ref_id valid="DELIVERY_WATER_TEMP__MAX_HYSTERESI">
				<function>3</function>
				<start_addr>16</start_addr>
				<quantity>1</quantity>
				<type>int_16</type>
			</value_ref_id>
			<value_ref_id valid="SENDING_VARIABLES_OFFSET">
				<function>3</function>
				<start_addr>17</start_addr>
				<quantity>1</quantity>
				<type>uint_16</type>
			</value_ref_id>
			<value_ref_id valid="DELIVERY_WATER_TEMP__SUMMER_STD_SETPOINT">
				<function>3</function>
				<start_addr>18</start_addr>
				<quantity>1</quantity>
				<type>int_16</type>
			</value_ref_id>
			<value_ref_id valid="DELIVERY_WATER_TEMP__SUMMER_OPT_SETPOINT">
				<function>3</function>
				<start_addr>19</start_addr>
				<quantity>1</quantity>
				<type>int_16</type>
			</value_ref_id>
			<value_ref_id valid="DELIVERY_WATER_TEMP__SUMMER_SETBACK_MODE_SETPOINT">
				<function>3</function>
				<start_addr>20</start_addr>
				<quantity>1</quantity>
				<type>int_16</type>
			</value_ref_id>
			<value_ref_id valid="DELIVERY_WATER_TEMP__WINTER_SETPOINT">
				<function>3</function>
				<start_addr>21</start_addr>
				<quantity>1</quantity>
				<type>int_16</type>
			</value_ref_id>
			<value_ref_id valid="DELIVERY_WATER_TEMP__WINTER_SETBACK_MODE_SETPOINT">
				<function>3</function>
				<start_addr>22</start_addr>
				<quantity>1</quantity>
				<type>int_16</type>
			</value_ref_id>
			<value_ref_id valid="CW_INLET_HIGH_TEMP__ALARM_THRESHOLD">
				<function>3</function>
				<start_addr>23</start_addr>
				<quantity>1</quantity>
				<type>int_16</type>
			</value_ref_id>
			<value_ref_id valid="CW_INLET_LOW_TEMP__ALARM_THRESHOLD">
				<function>3</function>
				<start_addr>24</start_addr>
				<quantity>1</quantity>
				<type>int_16</type>
			</value_ref_id>
			<value_ref_id valid="HW_INLET_HIGH_TEMP__ALARM_THRESHOLD">
				<function>3</function>
				<start_addr>25</start_addr>
				<quantity>1</quantity>
				<type>int_16</type>
			</value_ref_id>
			<value_ref_id valid="HW_INLET_LOW_TEMP__ALARM_THRESHOLD">
				<function>3</function>
				<start_addr>26</start_addr>
				<quantity>1</quantity>
				<type>int_16</type>
			</value_ref_id>
			<value_ref_id valid="SUMMER_T_EXT_COMPENS_:_P1_T_EXT__SETPOINT">
				<function>3</function>
				<start_addr>27</start_addr>
				<quantity>1</quantity>
				<type>int_16</type>
			</value_ref_id>
			<value_ref_id valid="SUMMER_T_EXT_COMPENS_:_P2_T_WOUT__SETPOINT">
				<function>3</function>
				<start_addr>28</start_addr>
				<quantity>1</quantity>
				<type>int_16</type>
			</value_ref_id>
			<value_ref_id valid="SUMMER_T_EXT_COMPENS_:_P2_T_EXT__SETPOINT">
				<function>3</function>
				<start_addr>29</start_addr>
				<quantity>1</quantity>
				<type>int_16</type>
			</value_ref_id>
			<value_ref_id valid="WINTER_T_EXT_COMPENS_:_P1_T_EXT__SETPOINT">
				<function>3</function>
				<start_addr>30</start_addr>
				<quantity>1</quantity>
				<type>int_16</type>
			</value_ref_id>
			<value_ref_id valid="WINTER_T_EXT_COMPENS_:_P2_T_WOUT__SETPOINT">
				<function>3</function>
				<start_addr>31</start_addr>
				<quantity>1</quantity>
				<type>int_16</type>
			</value_ref_id>
			<value_ref_id valid="WINTER_T_EXT_COMPENS_:_P2_T_EXT__SETPOINT">
				<function>3</function>
				<start_addr>32</start_addr>
				<quantity>1</quantity>
				<type>int_16</type>
			</value_ref_id>
			<value_ref_id valid="AUTOMATIC_SWITCH_SUMMER/WINTER_-_EXTERNAL_TEMPERATURE_ON_WINTER">
				<function>3</function>
				<start_addr>33</start_addr>
				<quantity>1</quantity>
				<type>uint_16</type>
			</value_ref_id>
			<value_ref_id valid="AUTOMATIC_SWITCH_SUMMER/WINTER_-_EXTERNAL_TEMPERATURE_ON_SUMMER">
				<function>3</function>
				<start_addr>34</start_addr>
				<quantity>1</quantity>
				<type>uint_16</type>
			</value_ref_id>

			<packet>
				<function>1</function>
				<start_addr>1</start_addr>
				<quantity>4</quantity>
			</packet>
			<packet>
				<function>1</function>
				<start_addr>7</start_addr>
				<quantity>2</quantity>
			</packet>
			<packet>
				<function>1</function>
				<start_addr>19</start_addr>
				<quantity>17</quantity>
			</packet>
			<packet>
				<function>1</function>
				<start_addr>53</start_addr>
				<quantity>5</quantity>
			</packet>
			<packet>
				<function>1</function>
				<start_addr>68</start_addr>
				<quantity>6</quantity>
			</packet>
			<packet>
				<function>3</function>
				<start_addr>1</start_addr>
				<quantity>12</quantity>
			</packet>
			<packet>
				<function>3</function>
				<start_addr>15</start_addr>
				<quantity>20</quantity>
			</packet>

		</modbus>
	</protocol>
</APC_DDF>
