<APC_DDF
	xmlns:xsi="http://www.w3.org/2001/XMLSchema-instance"
	xsi:noNamespaceSchemaLocation="http://localhost/ddf_schema/apc_ddf_1_6.xsd"
	ddfid="bra_TCPIP_Modbus_chiller_imperial"
	ddfname="Uniflair BRA (Imperial Units)"
	ddfversion="2"
	canremove="yes">
	<schemaVersion>1.6</schemaVersion>
	<device deviceid="bra_TCPIP_Modbus_chiller_imperial">
		<setProductData ruleid="vendordata" field="vendor">Uniflair</setProductData>
		<setProductData ruleid="modeldata" field="model">BRA</setProductData>
		<setProductData ruleid="typedata" field="type">Cooling Device</setProductData>

		<oidMustExist ruleid="modbusdevicetest" oid="MODBUS_OID_MUST_EXIST"/>

		<stateSensor ruleid="system-on">
			<type>state</type>
			<sensorId>SYSTEM_ON</sensorId>
			<value>
				<getOid>SYSTEM_ON</getOid>
			</value>
			<label>System On</label>
			<enum>onOff-em</enum>
			<sensorSet>Status</sensorSet>
		</stateSensor>
		<stateSensor ruleid="compressor-1">
			<type>state</type>
			<sensorId>COMPRESSOR_1</sensorId>
			<value>
				<getOid>COMPRESSOR_1</getOid>
			</value>
			<label>Compressor 1</label>
			<enum>onOff-em</enum>
			<sensorSet>Status</sensorSet>
		</stateSensor>
		<stateSensor ruleid="compressor-2">
			<type>state</type>
			<sensorId>COMPRESSOR_2</sensorId>
			<value>
				<getOid>COMPRESSOR_2</getOid>
			</value>
			<label>Compressor 2</label>
			<enum>onOff-em</enum>
			<sensorSet>Status</sensorSet>
		</stateSensor>
		<stateSensor ruleid="compressor-3">
			<type>state</type>
			<sensorId>COMPRESSOR_3</sensorId>
			<value>
				<getOid>COMPRESSOR_3</getOid>
			</value>
			<label>Compressor 3</label>
			<enum>onOff-em</enum>
			<sensorSet>Status</sensorSet>
		</stateSensor>
		<stateSensor ruleid="compressor-4">
			<type>state</type>
			<sensorId>COMPRESSOR_4</sensorId>
			<value>
				<getOid>COMPRESSOR_4</getOid>
			</value>
			<label>Compressor 4</label>
			<enum>onOff-em</enum>
			<sensorSet>Status</sensorSet>
		</stateSensor>
		<stateSensor ruleid="circulating-pump-1">
			<type>state</type>
			<sensorId>CIRCULATING_PUMP_1</sensorId>
			<value>
				<getOid>CIRCULATING_PUMP_1</getOid>
			</value>
			<label>Circulating Pump 1</label>
			<enum>onOff-em</enum>
			<sensorSet>Status</sensorSet>
		</stateSensor>
		<stateSensor ruleid="circulating-pump-2">
			<type>state</type>
			<sensorId>CIRCULATING_PUMP_2</sensorId>
			<value>
				<getOid>CIRCULATING_PUMP_2</getOid>
			</value>
			<label>Circulating Pump 2</label>
			<enum>onOff-em</enum>
			<sensorSet>Status</sensorSet>
		</stateSensor>
		<stateSensor ruleid="circ_-1-refrigerant-shut-off-valve">
			<type>state</type>
			<sensorId>CIRC__1_REFRIGERANT_SHUT-OFF_VALVE</sensorId>
			<value>
				<getOid>CIRC__1_REFRIGERANT_SHUT-OFF_VALVE</getOid>
			</value>
			<label>Circ. 1 Refrigerant Shut-off Valve</label>
			<enum>onOff-em</enum>
			<sensorSet>Status</sensorSet>
		</stateSensor>
		<stateSensor ruleid="circ_-2-refrigerant-shut-off-valve">
			<type>state</type>
			<sensorId>CIRC__2_REFRIGERANT_SHUT-OFF_VALVE</sensorId>
			<value>
				<getOid>CIRC__2_REFRIGERANT_SHUT-OFF_VALVE</getOid>
			</value>
			<label>Circ. 2 Refrigerant Shut-off Valve</label>
			<enum>onOff-em</enum>
			<sensorSet>Status</sensorSet>
		</stateSensor>
		<stateSensor ruleid="100%-heat-recovery">
			<type>state</type>
			<sensorId>100%_HEAT_RECOVERY</sensorId>
			<value>
				<getOid>100%_HEAT_RECOVERY</getOid>
			</value>
			<label>100% Heat Recovery</label>
			<enum>onOff-em</enum>
			<sensorSet>Status</sensorSet>
		</stateSensor>
		<stateSensor ruleid="antifreeze-heaters">
			<type>state</type>
			<sensorId>ANTIFREEZE_HEATERS</sensorId>
			<value>
				<getOid>ANTIFREEZE_HEATERS</getOid>
			</value>
			<label>Antifreeze Heaters</label>
			<enum>onOff-em</enum>
			<sensorSet>Status</sensorSet>
		</stateSensor>
		<stateSensor ruleid="regulating-condensing-fans">
			<type>state</type>
			<sensorId>REGULATING_CONDENSING_FANS</sensorId>
			<value>
				<getOid>REGULATING_CONDENSING_FANS</getOid>
			</value>
			<label>Regulating Condensing Fans</label>
			<enum>onOff-em</enum>
			<sensorSet>Status</sensorSet>
		</stateSensor>
		<stateSensor ruleid="direct-condensing-fans">
			<type>state</type>
			<sensorId>DIRECT_CONDENSING_FANS</sensorId>
			<value>
				<getOid>DIRECT_CONDENSING_FANS</getOid>
			</value>
			<label>Direct Condensing Fans</label>
			<enum>onOff-em</enum>
			<sensorSet>Status</sensorSet>
		</stateSensor>
		<stateSensor ruleid="circuit-1-defrost">
			<type>state</type>
			<sensorId>CIRCUIT_1_DEFROST</sensorId>
			<value>
				<getOid>CIRCUIT_1_DEFROST</getOid>
			</value>
			<label>Circuit 1 Defrost</label>
			<enum>onOff-em</enum>
			<sensorSet>Status</sensorSet>
		</stateSensor>
		<stateSensor ruleid="circuit-2-defrost">
			<type>state</type>
			<sensorId>CIRCUIT_2_DEFROST</sensorId>
			<value>
				<getOid>CIRCUIT_2_DEFROST</getOid>
			</value>
			<label>Circuit 2 Defrost</label>
			<enum>onOff-em</enum>
			<sensorSet>Status</sensorSet>
		</stateSensor>
		<stateSensor ruleid="low-power-consumption-mode">
			<type>state</type>
			<sensorId>LOW_POWER_CONSUMPTION_MODE</sensorId>
			<value>
				<getOid>LOW_POWER_CONSUMPTION_MODE</getOid>
			</value>
			<label>Low Power Consumption Mode</label>
			<enum>onOff-em</enum>
			<sensorSet>Status</sensorSet>
		</stateSensor>
		<stateSensor ruleid="winter-mode">
			<type>state</type>
			<sensorId>WINTER_MODE</sensorId>
			<value>
				<getOid>WINTER_MODE</getOid>
			</value>
			<label>Winter Mode</label>
			<enum>onOff-em</enum>
			<sensorSet>Status</sensorSet>
		</stateSensor>
		<stateSensor ruleid="free-cooling">
			<type>state</type>
			<sensorId>FREE-COOLING</sensorId>
			<value>
				<getOid>FREE-COOLING</getOid>
			</value>
			<label>Free-Cooling</label>
			<enum>onOff-em</enum>
			<sensorSet>Status</sensorSet>
		</stateSensor>
			<stateSensor ruleid="general_alarm_state_Sensor">
      <type>state</type>
      <sensorId>GENERAL_ALARM_STATE</sensorId>
      <value>
        <mapValue mapid="normal-alarm-vm">
            <getOid>general_alarm_state</getOid>
        </mapValue>
      </value>
      <label>General Alarm State</label>
      <enum>normal-alarm-em</enum>
      <sensorSet>Digital</sensorSet>
    </stateSensor>

    <stateSensor ruleid="second_level_alarm_state_Sensor">
      <type>state</type>
      <sensorId>SECOND_LEVEL_ALARM_STATE</sensorId>
      <value>
        <mapValue mapid="normal-alarm-vm">
            <getOid>second_level_alarm_state</getOid>
        </mapValue>
      </value>
      <label>Second Level Alarm State</label>
      <enum>normal-alarm-em</enum>
      <sensorSet>Digital</sensorSet>
    </stateSensor>

  <valueMap ruleid="on-off-vm">
      <valueIn>0</valueIn>  <valueOut>0</valueOut>
      <valueIn>1</valueIn>  <valueOut>1</valueOut>
      <valueIn>*</valueIn>  <valueOut>2</valueOut>
    </valueMap>

    <enumMap ruleid="on-off-em">
      <label>Off</label>
      <label>On</label>
      <label>Unknown</label>
    </enumMap>

    <valueMap ruleid="normal-alarm-vm">
      <valueIn>0</valueIn>  <valueOut>0</valueOut>
      <valueIn>1</valueIn>  <valueOut>1</valueOut>
      <valueIn>*</valueIn>  <valueOut>2</valueOut>
    </valueMap>

    <enumMap ruleid="normal-alarm-em">
      <label>Normal</label>
      <label>Alarm</label>
      <label>Unknown</label>
    </enumMap>

		<alarmFlags ruleid="wrong-password-alarm">
			<value><getOid>WRONG_PASSWORD_ALARM</getOid></value>
			<alarmFlagsTest match="1">
				<name>
					<activeText>Wrong Password Alarm</activeText>
					<inactiveText>Wrong Password Alarm Cleared</inactiveText>
				</name>
				<severity>warning</severity>
				<category>System</category>
				<description>
					<activeText>A Wrong Password Alarm condition exists.</activeText>
					<inactiveText>A Wrong Password Alarm condition no longer exists.</inactiveText>
				</description>
			</alarmFlagsTest>
		</alarmFlags>
		<alarmFlags ruleid="water-inlet-high-temperature-alarm">
			<value><getOid>WATER_INLET_HIGH_TEMPERATURE_ALARM</getOid></value>
			<alarmFlagsTest match="1">
				<name>
					<activeText>Water Inlet High Temperature Alarm</activeText>
					<inactiveText>Water Inlet High Temperature Alarm Cleared</inactiveText>
				</name>
				<severity>warning</severity>
				<category>System</category>
				<description>
					<activeText>A Water Inlet High Temperature Alarm condition exists.</activeText>
					<inactiveText>A Water Inlet High Temperature Alarm condition no longer exists.</inactiveText>
				</description>
			</alarmFlagsTest>
		</alarmFlags>
		<alarmFlags ruleid="water-inlet-low-temperature-alarm">
			<value><getOid>WATER_INLET_LOW_TEMPERATURE_ALARM</getOid></value>
			<alarmFlagsTest match="1">
				<name>
					<activeText>Water Inlet Low Temperature Alarm</activeText>
					<inactiveText>Water Inlet Low Temperature Alarm Cleared</inactiveText>
				</name>
				<severity>warning</severity>
				<category>System</category>
				<description>
					<activeText>A Water Inlet Low Temperature Alarm condition exists.</activeText>
					<inactiveText>A Water Inlet Low Temperature Alarm condition no longer exists.</inactiveText>
				</description>
			</alarmFlagsTest>
		</alarmFlags>
		<alarmFlags ruleid="loss-of-water-flow-alarm">
			<value><getOid>LOSS_OF_WATER_FLOW_ALARM</getOid></value>
			<alarmFlagsTest match="1">
				<name>
					<activeText>Loss of Water Flow Alarm</activeText>
					<inactiveText>Loss of Water Flow Alarm Cleared</inactiveText>
				</name>
				<severity>warning</severity>
				<category>System</category>
				<description>
					<activeText>A Loss of Water Flow Alarm condition exists.</activeText>
					<inactiveText>A Loss of Water Flow Alarm condition no longer exists.</inactiveText>
				</description>
			</alarmFlagsTest>
		</alarmFlags>
		<alarmFlags ruleid="low-pressure-1-prealarm-(auto-reset)">
			<value><getOid>LOW_PRESSURE_1_PREALARM_(AUTO_RESET)</getOid></value>
			<alarmFlagsTest match="1">
				<name>
					<activeText>Low Pressure 1 Prealarm (Auto Reset)</activeText>
					<inactiveText>Low Pressure 1 Prealarm (Auto Reset) Cleared</inactiveText>
				</name>
				<severity>warning</severity>
				<category>System</category>
				<description>
					<activeText>A Low Pressure 1 Prealarm (Auto Reset) condition exists.</activeText>
					<inactiveText>A Low Pressure 1 Prealarm (Auto Reset) condition no longer exists.</inactiveText>
				</description>
			</alarmFlagsTest>
		</alarmFlags>
		<alarmFlags ruleid="low-pressure-2-prealarm-(auto-reset)">
			<value><getOid>LOW_PRESSURE_2_PREALARM_(AUTO_RESET)</getOid></value>
			<alarmFlagsTest match="1">
				<name>
					<activeText>Low Pressure 2 Prealarm (Auto Reset)</activeText>
					<inactiveText>Low Pressure 2 Prealarm (Auto Reset) Cleared</inactiveText>
				</name>
				<severity>warning</severity>
				<category>System</category>
				<description>
					<activeText>A Low Pressure 2 Prealarm (Auto Reset) condition exists.</activeText>
					<inactiveText>A Low Pressure 2 Prealarm (Auto Reset) condition no longer exists.</inactiveText>
				</description>
			</alarmFlagsTest>
		</alarmFlags>
		<alarmFlags ruleid="low-pressure-1-alarm">
			<value><getOid>LOW_PRESSURE_1_ALARM</getOid></value>
			<alarmFlagsTest match="1">
				<name>
					<activeText>Low Pressure 1 Alarm</activeText>
					<inactiveText>Low Pressure 1 Alarm Cleared</inactiveText>
				</name>
				<severity>warning</severity>
				<category>System</category>
				<description>
					<activeText>A Low Pressure 1 Alarm condition exists.</activeText>
					<inactiveText>A Low Pressure 1 Alarm condition no longer exists.</inactiveText>
				</description>
			</alarmFlagsTest>
		</alarmFlags>
		<alarmFlags ruleid="low-pressure-2-alarm">
			<value><getOid>LOW_PRESSURE_2_ALARM</getOid></value>
			<alarmFlagsTest match="1">
				<name>
					<activeText>Low Pressure 2 Alarm</activeText>
					<inactiveText>Low Pressure 2 Alarm Cleared</inactiveText>
				</name>
				<severity>warning</severity>
				<category>System</category>
				<description>
					<activeText>A Low Pressure 2 Alarm condition exists.</activeText>
					<inactiveText>A Low Pressure 2 Alarm condition no longer exists.</inactiveText>
				</description>
			</alarmFlagsTest>
		</alarmFlags>
		<alarmFlags ruleid="high-pressure-1-alarm">
			<value><getOid>HIGH_PRESSURE_1_ALARM</getOid></value>
			<alarmFlagsTest match="1">
				<name>
					<activeText>High Pressure 1 Alarm</activeText>
					<inactiveText>High Pressure 1 Alarm Cleared</inactiveText>
				</name>
				<severity>warning</severity>
				<category>System</category>
				<description>
					<activeText>A High Pressure 1 Alarm condition exists.</activeText>
					<inactiveText>A High Pressure 1 Alarm condition no longer exists.</inactiveText>
				</description>
			</alarmFlagsTest>
		</alarmFlags>
		<alarmFlags ruleid="high-pressure-2-alarm">
			<value><getOid>HIGH_PRESSURE_2_ALARM</getOid></value>
			<alarmFlagsTest match="1">
				<name>
					<activeText>High Pressure 2 Alarm</activeText>
					<inactiveText>High Pressure 2 Alarm Cleared</inactiveText>
				</name>
				<severity>warning</severity>
				<category>System</category>
				<description>
					<activeText>A High Pressure 2 Alarm condition exists.</activeText>
					<inactiveText>A High Pressure 2 Alarm condition no longer exists.</inactiveText>
				</description>
			</alarmFlagsTest>
		</alarmFlags>
		<alarmFlags ruleid="compressor-1-overload-alarm">
			<value><getOid>COMPRESSOR_1_OVERLOAD_ALARM</getOid></value>
			<alarmFlagsTest match="1">
				<name>
					<activeText>Compressor 1 Overload Alarm</activeText>
					<inactiveText>Compressor 1 Overload Alarm Cleared</inactiveText>
				</name>
				<severity>warning</severity>
				<category>System</category>
				<description>
					<activeText>A Compressor 1 Overload Alarm condition exists.</activeText>
					<inactiveText>A Compressor 1 Overload Alarm condition no longer exists.</inactiveText>
				</description>
			</alarmFlagsTest>
		</alarmFlags>
		<alarmFlags ruleid="compressor-2-overload-alarm">
			<value><getOid>COMPRESSOR_2_OVERLOAD_ALARM</getOid></value>
			<alarmFlagsTest match="1">
				<name>
					<activeText>Compressor 2 Overload Alarm</activeText>
					<inactiveText>Compressor 2 Overload Alarm Cleared</inactiveText>
				</name>
				<severity>warning</severity>
				<category>System</category>
				<description>
					<activeText>A Compressor 2 Overload Alarm condition exists.</activeText>
					<inactiveText>A Compressor 2 Overload Alarm condition no longer exists.</inactiveText>
				</description>
			</alarmFlagsTest>
		</alarmFlags>
		<alarmFlags ruleid="compressor-3-overload-alarm">
			<value><getOid>COMPRESSOR_3_OVERLOAD_ALARM</getOid></value>
			<alarmFlagsTest match="1">
				<name>
					<activeText>Compressor 3 Overload Alarm</activeText>
					<inactiveText>Compressor 3 Overload Alarm Cleared</inactiveText>
				</name>
				<severity>warning</severity>
				<category>System</category>
				<description>
					<activeText>A Compressor 3 Overload Alarm condition exists.</activeText>
					<inactiveText>A Compressor 3 Overload Alarm condition no longer exists.</inactiveText>
				</description>
			</alarmFlagsTest>
		</alarmFlags>
		<alarmFlags ruleid="compressor-4-overload-alarm">
			<value><getOid>COMPRESSOR_4_OVERLOAD_ALARM</getOid></value>
			<alarmFlagsTest match="1">
				<name>
					<activeText>Compressor 4 Overload Alarm</activeText>
					<inactiveText>Compressor 4 Overload Alarm Cleared</inactiveText>
				</name>
				<severity>warning</severity>
				<category>System</category>
				<description>
					<activeText>A Compressor 4 Overload Alarm condition exists.</activeText>
					<inactiveText>A Compressor 4 Overload Alarm condition no longer exists.</inactiveText>
				</description>
			</alarmFlagsTest>
		</alarmFlags>
		<alarmFlags ruleid="circulating-pump-1-overload-alarm">
			<value><getOid>CIRCULATING_PUMP_1_OVERLOAD_ALARM</getOid></value>
			<alarmFlagsTest match="1">
				<name>
					<activeText>Circulating Pump 1 Overload Alarm</activeText>
					<inactiveText>Circulating Pump 1 Overload Alarm Cleared</inactiveText>
				</name>
				<severity>warning</severity>
				<category>System</category>
				<description>
					<activeText>A Circulating Pump 1 Overload Alarm condition exists.</activeText>
					<inactiveText>A Circulating Pump 1 Overload Alarm condition no longer exists.</inactiveText>
				</description>
			</alarmFlagsTest>
		</alarmFlags>
		<alarmFlags ruleid="circulating-pump-2-overload-alarm">
			<value><getOid>CIRCULATING_PUMP_2_OVERLOAD_ALARM</getOid></value>
			<alarmFlagsTest match="1">
				<name>
					<activeText>Circulating Pump 2 Overload Alarm</activeText>
					<inactiveText>Circulating Pump 2 Overload Alarm Cleared</inactiveText>
				</name>
				<severity>warning</severity>
				<category>System</category>
				<description>
					<activeText>A Circulating Pump 2 Overload Alarm condition exists.</activeText>
					<inactiveText>A Circulating Pump 2 Overload Alarm condition no longer exists.</inactiveText>
				</description>
			</alarmFlagsTest>
		</alarmFlags>
		<alarmFlags ruleid="free-cooling-pump-overload-alarm">
			<value><getOid>FREE-COOLING_PUMP_OVERLOAD_ALARM</getOid></value>
			<alarmFlagsTest match="1">
				<name>
					<activeText>Free-Cooling Pump Overload Alarm</activeText>
					<inactiveText>Free-Cooling Pump Overload Alarm Cleared</inactiveText>
				</name>
				<severity>warning</severity>
				<category>System</category>
				<description>
					<activeText>A Free-Cooling Pump Overload Alarm condition exists.</activeText>
					<inactiveText>A Free-Cooling Pump Overload Alarm condition no longer exists.</inactiveText>
				</description>
			</alarmFlagsTest>
		</alarmFlags>
		<alarmFlags ruleid="circuit-1-antifreeze-alarm">
			<value><getOid>CIRCUIT_1_ANTIFREEZE_ALARM</getOid></value>
			<alarmFlagsTest match="1">
				<name>
					<activeText>Circuit 1 Antifreeze Alarm</activeText>
					<inactiveText>Circuit 1 Antifreeze Alarm Cleared</inactiveText>
				</name>
				<severity>warning</severity>
				<category>System</category>
				<description>
					<activeText>A Circuit 1 Antifreeze Alarm condition exists.</activeText>
					<inactiveText>A Circuit 1 Antifreeze Alarm condition no longer exists.</inactiveText>
				</description>
			</alarmFlagsTest>
		</alarmFlags>
		<alarmFlags ruleid="circuit-2-antifreeze-alarm">
			<value><getOid>CIRCUIT_2_ANTIFREEZE_ALARM</getOid></value>
			<alarmFlagsTest match="1">
				<name>
					<activeText>Circuit 2 Antifreeze Alarm</activeText>
					<inactiveText>Circuit 2 Antifreeze Alarm Cleared</inactiveText>
				</name>
				<severity>warning</severity>
				<category>System</category>
				<description>
					<activeText>A Circuit 2 Antifreeze Alarm condition exists.</activeText>
					<inactiveText>A Circuit 2 Antifreeze Alarm condition no longer exists.</inactiveText>
				</description>
			</alarmFlagsTest>
		</alarmFlags>
		<alarmFlags ruleid="heat-recovery-limit-alarm">
			<value><getOid>HEAT_RECOVERY_LIMIT_ALARM</getOid></value>
			<alarmFlagsTest match="1">
				<name>
					<activeText>Heat Recovery Limit Alarm</activeText>
					<inactiveText>Heat Recovery Limit Alarm Cleared</inactiveText>
				</name>
				<severity>warning</severity>
				<category>System</category>
				<description>
					<activeText>A Heat Recovery Limit Alarm condition exists.</activeText>
					<inactiveText>A Heat Recovery Limit Alarm condition no longer exists.</inactiveText>
				</description>
			</alarmFlagsTest>
		</alarmFlags>
		<alarmFlags ruleid="heat-recovery-limit-prealarm-(auto-reset)">
			<value><getOid>HEAT_RECOVERY_LIMIT_PREALARM_(AUTO_RESET)</getOid></value>
			<alarmFlagsTest match="1">
				<name>
					<activeText>Heat Recovery Limit Prealarm (Auto Reset)</activeText>
					<inactiveText>Heat Recovery Limit Prealarm (Auto Reset) Cleared</inactiveText>
				</name>
				<severity>warning</severity>
				<category>System</category>
				<description>
					<activeText>A Heat Recovery Limit Prealarm (Auto Reset) condition exists.</activeText>
					<inactiveText>A Heat Recovery Limit Prealarm (Auto Reset) condition no longer exists.</inactiveText>
				</description>
			</alarmFlagsTest>
		</alarmFlags>
		<alarmFlags ruleid="interrupted-lan-alram">
			<value><getOid>INTERRUPTED_LAN_ALRAM</getOid></value>
			<alarmFlagsTest match="1">
				<name>
					<activeText>Interrupted LAN Alram</activeText>
					<inactiveText>Interrupted LAN Alram Cleared</inactiveText>
				</name>
				<severity>warning</severity>
				<category>System</category>
				<description>
					<activeText>A Interrupted LAN Alram condition exists.</activeText>
					<inactiveText>A Interrupted LAN Alram condition no longer exists.</inactiveText>
				</description>
			</alarmFlagsTest>
		</alarmFlags>
		<alarmFlags ruleid="water-inlet-temp_-sensor-failure/disconnected">
			<value><getOid>WATER_INLET_TEMP__SENSOR_FAILURE/DISCONNECTED</getOid></value>
			<alarmFlagsTest match="1">
				<name>
					<activeText>Water Inlet Temp. Sensor Failure/Disconnected</activeText>
					<inactiveText>Water Inlet Temp. Sensor Failure/Disconnected Cleared</inactiveText>
				</name>
				<severity>warning</severity>
				<category>System</category>
				<description>
					<activeText>A Water Inlet Temp. Sensor Failure/Disconnected condition exists.</activeText>
					<inactiveText>A Water Inlet Temp. Sensor Failure/Disconnected condition no longer exists.</inactiveText>
				</description>
			</alarmFlagsTest>
		</alarmFlags>
		<alarmFlags ruleid="water-outlet-temp_-sensor-failure/disconnected">
			<value><getOid>WATER_OUTLET_TEMP__SENSOR_FAILURE/DISCONNECTED</getOid></value>
			<alarmFlagsTest match="1">
				<name>
					<activeText>Water Outlet Temp. Sensor Failure/Disconnected</activeText>
					<inactiveText>Water Outlet Temp. Sensor Failure/Disconnected Cleared</inactiveText>
				</name>
				<severity>warning</severity>
				<category>System</category>
				<description>
					<activeText>A Water Outlet Temp. Sensor Failure/Disconnected condition exists.</activeText>
					<inactiveText>A Water Outlet Temp. Sensor Failure/Disconnected condition no longer exists.</inactiveText>
				</description>
			</alarmFlagsTest>
		</alarmFlags>
		<alarmFlags ruleid="water-tank-temp_-sensor-failure/disconnected">
			<value><getOid>WATER_TANK_TEMP__SENSOR_FAILURE/DISCONNECTED</getOid></value>
			<alarmFlagsTest match="1">
				<name>
					<activeText>Water Tank Temp. Sensor Failure/Disconnected</activeText>
					<inactiveText>Water Tank Temp. Sensor Failure/Disconnected Cleared</inactiveText>
				</name>
				<severity>warning</severity>
				<category>System</category>
				<description>
					<activeText>A Water Tank Temp. Sensor Failure/Disconnected condition exists.</activeText>
					<inactiveText>A Water Tank Temp. Sensor Failure/Disconnected condition no longer exists.</inactiveText>
				</description>
			</alarmFlagsTest>
		</alarmFlags>
		<alarmFlags ruleid="outdoor-air-temp_-sensor-failure/disconnected">
			<value><getOid>OUTDOOR_AIR_TEMP__SENSOR_FAILURE/DISCONNECTED</getOid></value>
			<alarmFlagsTest match="1">
				<name>
					<activeText>Outdoor Air Temp. Sensor Failure/Disconnected</activeText>
					<inactiveText>Outdoor Air Temp. Sensor Failure/Disconnected Cleared</inactiveText>
				</name>
				<severity>warning</severity>
				<category>System</category>
				<description>
					<activeText>A Outdoor Air Temp. Sensor Failure/Disconnected condition exists.</activeText>
					<inactiveText>A Outdoor Air Temp. Sensor Failure/Disconnected condition no longer exists.</inactiveText>
				</description>
			</alarmFlagsTest>
		</alarmFlags>
		<alarmFlags ruleid="condensing-1-temp_-sensor-failure/disconnected">
			<value><getOid>CONDENSING_1_TEMP__SENSOR_FAILURE/DISCONNECTED</getOid></value>
			<alarmFlagsTest match="1">
				<name>
					<activeText>Condensing 1 Temp. Sensor Failure/Disconnected</activeText>
					<inactiveText>Condensing 1 Temp. Sensor Failure/Disconnected Cleared</inactiveText>
				</name>
				<severity>warning</severity>
				<category>System</category>
				<description>
					<activeText>A Condensing 1 Temp. Sensor Failure/Disconnected condition exists.</activeText>
					<inactiveText>A Condensing 1 Temp. Sensor Failure/Disconnected condition no longer exists.</inactiveText>
				</description>
			</alarmFlagsTest>
		</alarmFlags>
		<alarmFlags ruleid="condensing-2-temp_-sensor-failure/disconnected">
			<value><getOid>CONDENSING_2_TEMP__SENSOR_FAILURE/DISCONNECTED</getOid></value>
			<alarmFlagsTest match="1">
				<name>
					<activeText>Condensing 2 Temp. Sensor Failure/Disconnected</activeText>
					<inactiveText>Condensing 2 Temp. Sensor Failure/Disconnected Cleared</inactiveText>
				</name>
				<severity>warning</severity>
				<category>System</category>
				<description>
					<activeText>A Condensing 2 Temp. Sensor Failure/Disconnected condition exists.</activeText>
					<inactiveText>A Condensing 2 Temp. Sensor Failure/Disconnected condition no longer exists.</inactiveText>
				</description>
			</alarmFlagsTest>
		</alarmFlags>
		<alarmFlags ruleid="condensing-1-press_-sensor-failure/disconnected">
			<value><getOid>CONDENSING_1_PRESS__SENSOR_FAILURE/DISCONNECTED</getOid></value>
			<alarmFlagsTest match="1">
				<name>
					<activeText>Condensing 1 Press. Sensor Failure/Disconnected</activeText>
					<inactiveText>Condensing 1 Press. Sensor Failure/Disconnected Cleared</inactiveText>
				</name>
				<severity>warning</severity>
				<category>System</category>
				<description>
					<activeText>A Condensing 1 Press. Sensor Failure/Disconnected condition exists.</activeText>
					<inactiveText>A Condensing 1 Press. Sensor Failure/Disconnected condition no longer exists.</inactiveText>
				</description>
			</alarmFlagsTest>
		</alarmFlags>
		<alarmFlags ruleid="condensing-2-press_-sensor-failure/disconnected">
			<value><getOid>CONDENSING_2_PRESS__SENSOR_FAILURE/DISCONNECTED</getOid></value>
			<alarmFlagsTest match="1">
				<name>
					<activeText>Condensing 2 Press. Sensor Failure/Disconnected</activeText>
					<inactiveText>Condensing 2 Press. Sensor Failure/Disconnected Cleared</inactiveText>
				</name>
				<severity>warning</severity>
				<category>System</category>
				<description>
					<activeText>A Condensing 2 Press. Sensor Failure/Disconnected condition exists.</activeText>
					<inactiveText>A Condensing 2 Press. Sensor Failure/Disconnected condition no longer exists.</inactiveText>
				</description>
			</alarmFlagsTest>
		</alarmFlags>
		<alarmFlags ruleid="evaporating-1-press_-sensor-failure/disconnected">
			<value><getOid>EVAPORATING_1_PRESS__SENSOR_FAILURE/DISCONNECTED</getOid></value>
			<alarmFlagsTest match="1">
				<name>
					<activeText>Evaporating 1 Press. Sensor Failure/Disconnected</activeText>
					<inactiveText>Evaporating 1 Press. Sensor Failure/Disconnected Cleared</inactiveText>
				</name>
				<severity>warning</severity>
				<category>System</category>
				<description>
					<activeText>A Evaporating 1 Press. Sensor Failure/Disconnected condition exists.</activeText>
					<inactiveText>A Evaporating 1 Press. Sensor Failure/Disconnected condition no longer exists.</inactiveText>
				</description>
			</alarmFlagsTest>
		</alarmFlags>
		<alarmFlags ruleid="evaporating-2-press_-sensor-failure/disconnected">
			<value><getOid>EVAPORATING_2_PRESS__SENSOR_FAILURE/DISCONNECTED</getOid></value>
			<alarmFlagsTest match="1">
				<name>
					<activeText>Evaporating 2 Press. Sensor Failure/Disconnected</activeText>
					<inactiveText>Evaporating 2 Press. Sensor Failure/Disconnected Cleared</inactiveText>
				</name>
				<severity>warning</severity>
				<category>System</category>
				<description>
					<activeText>A Evaporating 2 Press. Sensor Failure/Disconnected condition exists.</activeText>
					<inactiveText>A Evaporating 2 Press. Sensor Failure/Disconnected condition no longer exists.</inactiveText>
				</description>
			</alarmFlagsTest>
		</alarmFlags>
			<alarmFlags ruleid="general-alarm-state">
			<value><getOid>GENERAL_ALARM_STATE</getOid></value>
			<alarmFlagsTest match="1">
				<name>
					<activeText>General Alarm State</activeText>
					<inactiveText>General Alarm State Cleared</inactiveText>
				</name>
				<severity>warning</severity>
				<category>System</category>
				<description>
					<activeText>A General Alarm State condition exists.</activeText>
					<inactiveText>A General Alarm State condition no longer exists.</inactiveText>
				</description>
			</alarmFlagsTest>
		</alarmFlags>
		<alarmFlags ruleid="second_level_alarm_state">
			<value><getOid>SECOND_LEVEL_ALARM_STATE</getOid></value>
			<alarmFlagsTest match="1">
				<name>
					<activeText>2nd Level Alarm State</activeText>
					<inactiveText>2nd Level Alarm State Cleared</inactiveText>
				</name>
				<severity>warning</severity>
				<category>System</category>
				<description>
					<activeText>A 2nd Level Alarm State condition exists.</activeText>
					<inactiveText>A 2nd Level Alarm State condition no longer exists.</inactiveText>
				</description>
			</alarmFlagsTest>
		</alarmFlags>				<alarmFlags ruleid="compressor-1:-hour-counter-threshold-alarm">
			<value><getOid>COMPRESSOR_1:_HOUR_COUNTER_THRESHOLD_ALARM</getOid></value>
			<alarmFlagsTest match="1">
				<name>
					<activeText>Compressor 1: Hour Counter Threshold Alarm</activeText>
					<inactiveText>Compressor 1: Hour Counter Threshold Alarm Cleared</inactiveText>
				</name>
				<severity>warning</severity>
				<category>System</category>
				<description>
					<activeText>A Compressor 1: Hour Counter Threshold Alarm condition exists.</activeText>
					<inactiveText>A Compressor 1: Hour Counter Threshold Alarm condition no longer exists.</inactiveText>
				</description>
			</alarmFlagsTest>
		</alarmFlags>
		<alarmFlags ruleid="compressor-2:-hour-counter-threshold-alarm">
			<value><getOid>COMPRESSOR_2:_HOUR_COUNTER_THRESHOLD_ALARM</getOid></value>
			<alarmFlagsTest match="1">
				<name>
					<activeText>Compressor 2: Hour Counter Threshold Alarm</activeText>
					<inactiveText>Compressor 2: Hour Counter Threshold Alarm Cleared</inactiveText>
				</name>
				<severity>warning</severity>
				<category>System</category>
				<description>
					<activeText>A Compressor 2: Hour Counter Threshold Alarm condition exists.</activeText>
					<inactiveText>A Compressor 2: Hour Counter Threshold Alarm condition no longer exists.</inactiveText>
				</description>
			</alarmFlagsTest>
		</alarmFlags>
		<alarmFlags ruleid="compressor-3:-hour-counter-threshold-alarm">
			<value><getOid>COMPRESSOR_3:_HOUR_COUNTER_THRESHOLD_ALARM</getOid></value>
			<alarmFlagsTest match="1">
				<name>
					<activeText>Compressor 3: Hour Counter Threshold Alarm</activeText>
					<inactiveText>Compressor 3: Hour Counter Threshold Alarm Cleared</inactiveText>
				</name>
				<severity>warning</severity>
				<category>System</category>
				<description>
					<activeText>A Compressor 3: Hour Counter Threshold Alarm condition exists.</activeText>
					<inactiveText>A Compressor 3: Hour Counter Threshold Alarm condition no longer exists.</inactiveText>
				</description>
			</alarmFlagsTest>
		</alarmFlags>
		<alarmFlags ruleid="compressor-4:-hour-counter-threshold-alarm">
			<value><getOid>COMPRESSOR_4:_HOUR_COUNTER_THRESHOLD_ALARM</getOid></value>
			<alarmFlagsTest match="1">
				<name>
					<activeText>Compressor 4: Hour Counter Threshold Alarm</activeText>
					<inactiveText>Compressor 4: Hour Counter Threshold Alarm Cleared</inactiveText>
				</name>
				<severity>warning</severity>
				<category>System</category>
				<description>
					<activeText>A Compressor 4: Hour Counter Threshold Alarm condition exists.</activeText>
					<inactiveText>A Compressor 4: Hour Counter Threshold Alarm condition no longer exists.</inactiveText>
				</description>
			</alarmFlagsTest>
		</alarmFlags>
		<alarmFlags ruleid="circulating-pump-1:-hour-counter-threshold-alarm">
			<value><getOid>CIRCULATING_PUMP_1:_HOUR_COUNTER_THRESHOLD_ALARM</getOid></value>
			<alarmFlagsTest match="1">
				<name>
					<activeText>Circulating Pump 1: Hour Counter Threshold Alarm</activeText>
					<inactiveText>Circulating Pump 1: Hour Counter Threshold Alarm Cleared</inactiveText>
				</name>
				<severity>warning</severity>
				<category>System</category>
				<description>
					<activeText>A Circulating Pump 1: Hour Counter Threshold Alarm condition exists.</activeText>
					<inactiveText>A Circulating Pump 1: Hour Counter Threshold Alarm condition no longer exists.</inactiveText>
				</description>
			</alarmFlagsTest>
		</alarmFlags>
		<alarmFlags ruleid="circulating-pump-2:-hour-counter-threshold-alarm">
			<value><getOid>CIRCULATING_PUMP_2:_HOUR_COUNTER_THRESHOLD_ALARM</getOid></value>
			<alarmFlagsTest match="1">
				<name>
					<activeText>Circulating Pump 2: Hour Counter Threshold Alarm</activeText>
					<inactiveText>Circulating Pump 2: Hour Counter Threshold Alarm Cleared</inactiveText>
				</name>
				<severity>warning</severity>
				<category>System</category>
				<description>
					<activeText>A Circulating Pump 2: Hour Counter Threshold Alarm condition exists.</activeText>
					<inactiveText>A Circulating Pump 2: Hour Counter Threshold Alarm condition no longer exists.</inactiveText>
				</description>
			</alarmFlagsTest>
		</alarmFlags>
		<stateSensor ruleid="number-of-standby-units">
			<type>state</type>
			<sensorId>NUMBER_OF_STANDBY_UNITS</sensorId>
			<value>
				<getOid>NUMBER_OF_STANDBY_UNITS</getOid>
			</value>
			<label>Number of Standby Units</label>
			<enum>numUnits-em</enum>
			<sensorSet>Status</sensorSet>
		</stateSensor>
		<stateSensor ruleid="water-tank-temp_-sensor-fitted">
			<type>state</type>
			<sensorId>WATER_TANK_TEMP__SENSOR_FITTED</sensorId>
			<value>
				<getOid>WATER_TANK_TEMP__SENSOR_FITTED</getOid>
			</value>
			<label>Water Tank Temp. Sensor Fitted</label>
			<enum>trueFalse-em</enum>
			<sensorSet>Status</sensorSet>
		</stateSensor>
		<stateSensor ruleid="run+standby-circulating-pumps-fitted">
			<type>state</type>
			<sensorId>RUN+STANDBY_CIRCULATING_PUMPS_FITTED</sensorId>
			<value>
				<getOid>RUN+STANDBY_CIRCULATING_PUMPS_FITTED</getOid>
			</value>
			<label>Run+Standby Circulating Pumps Fitted</label>
			<enum>trueFalse-em</enum>
			<sensorSet>Status</sensorSet>
		</stateSensor>
		<alarmFlags ruleid="circuit-1-pump-down-failed">
			<value><getOid>CIRCUIT_1_PUMP-DOWN_FAILED</getOid></value>
			<alarmFlagsTest match="1">
				<name>
					<activeText>Circuit 1 Pump-down Failed</activeText>
					<inactiveText>Circuit 1 Pump-down Failed Cleared</inactiveText>
				</name>
				<severity>warning</severity>
				<category>System</category>
				<description>
					<activeText>A Circuit 1 Pump-down Failed condition exists.</activeText>
					<inactiveText>A Circuit 1 Pump-down Failed condition no longer exists.</inactiveText>
				</description>
			</alarmFlagsTest>
		</alarmFlags>
		<alarmFlags ruleid="circuit-2-pump-down-failed">
			<value><getOid>CIRCUIT_2_PUMP-DOWN_FAILED</getOid></value>
			<alarmFlagsTest match="1">
				<name>
					<activeText>Circuit 2 Pump-down Failed</activeText>
					<inactiveText>Circuit 2 Pump-down Failed Cleared</inactiveText>
				</name>
				<severity>warning</severity>
				<category>System</category>
				<description>
					<activeText>A Circuit 2 Pump-down Failed condition exists.</activeText>
					<inactiveText>A Circuit 2 Pump-down Failed condition no longer exists.</inactiveText>
				</description>
			</alarmFlagsTest>
		</alarmFlags>
		<alarmFlags ruleid="circuit-1-compressor-malfunction">
			<value><getOid>CIRCUIT_1_COMPRESSOR_MALFUNCTION</getOid></value>
			<alarmFlagsTest match="1">
				<name>
					<activeText>Circuit 1 Compressor Malfunction</activeText>
					<inactiveText>Circuit 1 Compressor Malfunction Cleared</inactiveText>
				</name>
				<severity>warning</severity>
				<category>System</category>
				<description>
					<activeText>A Circuit 1 Compressor Malfunction condition exists.</activeText>
					<inactiveText>A Circuit 1 Compressor Malfunction condition no longer exists.</inactiveText>
				</description>
			</alarmFlagsTest>
		</alarmFlags>
		<alarmFlags ruleid="circuit-2-compressor-malfunction">
			<value><getOid>CIRCUIT_2_COMPRESSOR_MALFUNCTION</getOid></value>
			<alarmFlagsTest match="1">
				<name>
					<activeText>Circuit 2 Compressor Malfunction</activeText>
					<inactiveText>Circuit 2 Compressor Malfunction Cleared</inactiveText>
				</name>
				<severity>warning</severity>
				<category>System</category>
				<description>
					<activeText>A Circuit 2 Compressor Malfunction condition exists.</activeText>
					<inactiveText>A Circuit 2 Compressor Malfunction condition no longer exists.</inactiveText>
				</description>
			</alarmFlagsTest>
		</alarmFlags>
		<alarmFlags ruleid="high-condensing-temperature-1">
			<value><getOid>HIGH_CONDENSING_TEMPERATURE_1</getOid></value>
			<alarmFlagsTest match="1">
				<name>
					<activeText>High Condensing Temperature 1</activeText>
					<inactiveText>High Condensing Temperature 1 Cleared</inactiveText>
				</name>
				<severity>warning</severity>
				<category>System</category>
				<description>
					<activeText>A High Condensing Temperature 1 condition exists.</activeText>
					<inactiveText>A High Condensing Temperature 1 condition no longer exists.</inactiveText>
				</description>
			</alarmFlagsTest>
		</alarmFlags>
		<alarmFlags ruleid="high-condensing-temperature-2">
			<value><getOid>HIGH_CONDENSING_TEMPERATURE_2</getOid></value>
			<alarmFlagsTest match="1">
				<name>
					<activeText>High Condensing Temperature 2</activeText>
					<inactiveText>High Condensing Temperature 2 Cleared</inactiveText>
				</name>
				<severity>warning</severity>
				<category>System</category>
				<description>
					<activeText>A High Condensing Temperature 2 condition exists.</activeText>
					<inactiveText>A High Condensing Temperature 2 condition no longer exists.</inactiveText>
				</description>
			</alarmFlagsTest>
		</alarmFlags>
		<alarmFlags ruleid="circuit-1-compressor-operative-limits">
			<value><getOid>CIRCUIT_1_COMPRESSOR_OPERATIVE_LIMITS</getOid></value>
			<alarmFlagsTest match="1">
				<name>
					<activeText>Circuit 1 Compressor Operative Limits</activeText>
					<inactiveText>Circuit 1 Compressor Operative Limits Cleared</inactiveText>
				</name>
				<severity>warning</severity>
				<category>System</category>
				<description>
					<activeText>A Circuit 1 Compressor Operative Limits condition exists.</activeText>
					<inactiveText>A Circuit 1 Compressor Operative Limits condition no longer exists.</inactiveText>
				</description>
			</alarmFlagsTest>
		</alarmFlags>
		<alarmFlags ruleid="circuit-2-compressor-operative-limits">
			<value><getOid>CIRCUIT_2_COMPRESSOR_OPERATIVE_LIMITS</getOid></value>
			<alarmFlagsTest match="1">
				<name>
					<activeText>Circuit 2 Compressor Operative Limits</activeText>
					<inactiveText>Circuit 2 Compressor Operative Limits Cleared</inactiveText>
				</name>
				<severity>warning</severity>
				<category>System</category>
				<description>
					<activeText>A Circuit 2 Compressor Operative Limits condition exists.</activeText>
					<inactiveText>A Circuit 2 Compressor Operative Limits condition no longer exists.</inactiveText>
				</description>
			</alarmFlagsTest>
		</alarmFlags>
		<alarmFlags ruleid="defrost-limits-non-performing">
			<value><getOid>DEFROST_LIMITS_NON-PERFORMING</getOid></value>
			<alarmFlagsTest match="1">
				<name>
					<activeText>Defrost Limits Non-Performing</activeText>
					<inactiveText>Defrost Limits Non-Performing Cleared</inactiveText>
				</name>
				<severity>warning</severity>
				<category>System</category>
				<description>
					<activeText>A Defrost Limits Non-Performing condition exists.</activeText>
					<inactiveText>A Defrost Limits Non-Performing condition no longer exists.</inactiveText>
				</description>
			</alarmFlagsTest>
		</alarmFlags>
		<alarmFlags ruleid="compressor-5-overload-alarm">
			<value><getOid>COMPRESSOR_5_OVERLOAD_ALARM</getOid></value>
			<alarmFlagsTest match="1">
				<name>
					<activeText>Compressor 5 Overload Alarm</activeText>
					<inactiveText>Compressor 5 Overload Alarm Cleared</inactiveText>
				</name>
				<severity>warning</severity>
				<category>System</category>
				<description>
					<activeText>A Compressor 5 Overload Alarm condition exists.</activeText>
					<inactiveText>A Compressor 5 Overload Alarm condition no longer exists.</inactiveText>
				</description>
			</alarmFlagsTest>
		</alarmFlags>
		<alarmFlags ruleid="compressor-6-overload-alarm">
			<value><getOid>COMPRESSOR_6_OVERLOAD_ALARM</getOid></value>
			<alarmFlagsTest match="1">
				<name>
					<activeText>Compressor 6 Overload Alarm</activeText>
					<inactiveText>Compressor 6 Overload Alarm Cleared</inactiveText>
				</name>
				<severity>warning</severity>
				<category>System</category>
				<description>
					<activeText>A Compressor 6 Overload Alarm condition exists.</activeText>
					<inactiveText>A Compressor 6 Overload Alarm condition no longer exists.</inactiveText>
				</description>
			</alarmFlagsTest>
		</alarmFlags>
		<stateSensor ruleid="compressor-5">
			<type>state</type>
			<sensorId>COMPRESSOR_5</sensorId>
			<value>
				<getOid>COMPRESSOR_5</getOid>
			</value>
			<label>Compressor 5</label>
			<enum>onOff-em</enum>
			<sensorSet>Status</sensorSet>
		</stateSensor>
		<stateSensor ruleid="compressor-6">
			<type>state</type>
			<sensorId>COMPRESSOR_6</sensorId>
			<value>
				<getOid>COMPRESSOR_6</getOid>
			</value>
			<label>Compressor 6</label>
			<enum>onOff-em</enum>
			<sensorSet>Status</sensorSet>
		</stateSensor>
		<alarmFlags ruleid="compressor-5:-hour-counter-threshold-alarm">
			<value><getOid>COMPRESSOR_5:_HOUR_COUNTER_THRESHOLD_ALARM</getOid></value>
			<alarmFlagsTest match="1">
				<name>
					<activeText>Compressor 5: Hour Counter Threshold Alarm</activeText>
					<inactiveText>Compressor 5: Hour Counter Threshold Alarm Cleared</inactiveText>
				</name>
				<severity>warning</severity>
				<category>System</category>
				<description>
					<activeText>A Compressor 5: Hour Counter Threshold Alarm condition exists.</activeText>
					<inactiveText>A Compressor 5: Hour Counter Threshold Alarm condition no longer exists.</inactiveText>
				</description>
			</alarmFlagsTest>
		</alarmFlags>
		<alarmFlags ruleid="compressor-6:-hour-counter-threshold-alarm">
			<value><getOid>COMPRESSOR_6:_HOUR_COUNTER_THRESHOLD_ALARM</getOid></value>
			<alarmFlagsTest match="1">
				<name>
					<activeText>Compressor 6: Hour Counter Threshold Alarm</activeText>
					<inactiveText>Compressor 6: Hour Counter Threshold Alarm Cleared</inactiveText>
				</name>
				<severity>warning</severity>
				<category>System</category>
				<description>
					<activeText>A Compressor 6: Hour Counter Threshold Alarm condition exists.</activeText>
					<inactiveText>A Compressor 6: Hour Counter Threshold Alarm condition no longer exists.</inactiveText>
				</description>
			</alarmFlagsTest>
		</alarmFlags>
		<alarmFlags ruleid="exv-circuit-1-alarm">
			<value><getOid>EXV_CIRCUIT_1_ALARM</getOid></value>
			<alarmFlagsTest match="1">
				<name>
					<activeText>EXV Circuit 1 Alarm</activeText>
					<inactiveText>EXV Circuit 1 Alarm Cleared</inactiveText>
				</name>
				<severity>warning</severity>
				<category>System</category>
				<description>
					<activeText>A EXV Circuit 1 Alarm condition exists.</activeText>
					<inactiveText>A EXV Circuit 1 Alarm condition no longer exists.</inactiveText>
				</description>
			</alarmFlagsTest>
		</alarmFlags>
		<alarmFlags ruleid="exv-circuit-2-alarm">
			<value><getOid>EXV_CIRCUIT_2_ALARM</getOid></value>
			<alarmFlagsTest match="1">
				<name>
					<activeText>EXV Circuit 2 Alarm</activeText>
					<inactiveText>EXV Circuit 2 Alarm Cleared</inactiveText>
				</name>
				<severity>warning</severity>
				<category>System</category>
				<description>
					<activeText>A EXV Circuit 2 Alarm condition exists.</activeText>
					<inactiveText>A EXV Circuit 2 Alarm condition no longer exists.</inactiveText>
				</description>
			</alarmFlagsTest>
		</alarmFlags>
		<alarmFlags ruleid="alarm-board-2-not-connected">
			<value><getOid>ALARM_BOARD_2_NOT_CONNECTED</getOid></value>
			<alarmFlagsTest match="1">
				<name>
					<activeText>Alarm Board 2 Not Connected</activeText>
					<inactiveText>Alarm Board 2 Not Connected Cleared</inactiveText>
				</name>
				<severity>warning</severity>
				<category>System</category>
				<description>
					<activeText>A Alarm Board 2 Not Connected condition exists.</activeText>
					<inactiveText>A Alarm Board 2 Not Connected condition no longer exists.</inactiveText>
				</description>
			</alarmFlagsTest>
		</alarmFlags>
		<alarmFlags ruleid="mains-phase-error/voltage-out-of-limit">
			<value><getOid>MAINS_PHASE_ERROR/VOLTAGE_OUT_OF_LIMIT</getOid></value>
			<alarmFlagsTest match="1">
				<name>
					<activeText>Mains Phase Error/Voltage Out of Limit</activeText>
					<inactiveText>Mains Phase Error/Voltage Out of Limit Cleared</inactiveText>
				</name>
				<severity>warning</severity>
				<category>System</category>
				<description>
					<activeText>A Mains Phase Error/Voltage Out of Limit condition exists.</activeText>
					<inactiveText>A Mains Phase Error/Voltage Out of Limit condition no longer exists.</inactiveText>
				</description>
			</alarmFlagsTest>
		</alarmFlags>
		<alarmFlags ruleid="exv-circuit-1-not-connected">
			<value><getOid>EXV_CIRCUIT_1_NOT_CONNECTED</getOid></value>
			<alarmFlagsTest match="1">
				<name>
					<activeText>EXV Circuit 1 Not Connected</activeText>
					<inactiveText>EXV Circuit 1 Not Connected Cleared</inactiveText>
				</name>
				<severity>warning</severity>
				<category>System</category>
				<description>
					<activeText>A EXV Circuit 1 Not Connected condition exists.</activeText>
					<inactiveText>A EXV Circuit 1 Not Connected condition no longer exists.</inactiveText>
				</description>
			</alarmFlagsTest>
		</alarmFlags>
		<alarmFlags ruleid="exv-circuit-2-not-connected">
			<value><getOid>EXV_CIRCUIT_2_NOT_CONNECTED</getOid></value>
			<alarmFlagsTest match="1">
				<name>
					<activeText>EXV Circuit 2 Not Connected</activeText>
					<inactiveText>EXV Circuit 2 Not Connected Cleared</inactiveText>
				</name>
				<severity>warning</severity>
				<category>System</category>
				<description>
					<activeText>A EXV Circuit 2 Not Connected condition exists.</activeText>
					<inactiveText>A EXV Circuit 2 Not Connected condition no longer exists.</inactiveText>
				</description>
			</alarmFlagsTest>
		</alarmFlags>

		<numSensor ruleid="water-outlet-temperature">
			<type>temp</type>
			<sensorId>WATER_OUTLET_TEMPERATURE</sensorId>
			<value>
				<div>
				<op>
					<sub>
					<op><getOid>WATER_OUTLET_TEMPERATURE</getOid></op>
					<op>320</op>
					</sub>
				</op>
				<op>18</op>			
				</div>
			</value>
			<valueInc>0.1</valueInc>
			<label>Water Outlet Temperature</label>
			<sensorSet>Analog</sensorSet>
		</numSensor>
		<numSensor ruleid="water-outlet-temperature-(regulator)">
			<type>temp</type>
			<sensorId>WATER_OUTLET_TEMPERATURE_(REGULATOR)</sensorId>
			<value>
				<div>
				<op>
					<sub>
					<op><getOid>WATER_OUTLET_TEMPERATURE_(REGULATOR)</getOid></op>
					<op>320</op>
					</sub>
				</op>
				<op>18</op>			
				</div>
			</value>
			<valueInc>0.1</valueInc>
			<label>Water Outlet Temperature (Regulator)</label>
			<sensorSet>Analog</sensorSet>
		</numSensor>
		<numSensor ruleid="water-inlet-temperature">
			<type>temp</type>
			<sensorId>WATER_INLET_TEMPERATURE</sensorId>
			<value>
				<div>
				<op>
					<sub>
					<op><getOid>WATER_INLET_TEMPERATURE</getOid></op>
					<op>320</op>
					</sub>
				</op>
				<op>18</op>			
				</div>
			</value>
			<valueInc>0.1</valueInc>
			<label>Water Inlet Temperature</label>
			<sensorSet>Analog</sensorSet>
		</numSensor>
		<numSensor ruleid="water-tank-temperature">
			<type>temp</type>
			<sensorId>WATER_TANK_TEMPERATURE</sensorId>
			<value>
				<div>
				<op>
					<sub>
					<op><getOid>WATER_TANK_TEMPERATURE</getOid></op>
					<op>320</op>
					</sub>
				</op>
				<op>18</op>			
				</div>
			</value>
			<valueInc>0.1</valueInc>
			<label>Water Tank Temperature</label>
			<sensorSet>Analog</sensorSet>
		</numSensor>
		<numSensor ruleid="outdoor-air-temperature">
			<type>temp</type>
			<sensorId>OUTDOOR_AIR_TEMPERATURE</sensorId>
			<value>
				<div>
				<op>
					<sub>
					<op><getOid>OUTDOOR_AIR_TEMPERATURE</getOid></op>
					<op>320</op>
					</sub>
				</op>
				<op>18</op>			
				</div>
			</value>
			<valueInc>0.1</valueInc>
			<label>Outdoor Air Temperature</label>
			<sensorSet>Analog</sensorSet>
		</numSensor>
		<numSensor ruleid="circuit-1-condensing-temperature">
			<type>temp</type>
			<sensorId>CIRCUIT_1_CONDENSING_TEMPERATURE</sensorId>
			<value>
				<div>
				<op>
					<sub>
					<op><getOid>CIRCUIT_1_CONDENSING_TEMPERATURE</getOid></op>
					<op>320</op>
					</sub>
				</op>
				<op>18</op>			
				</div>
			</value>
			<valueInc>0.1</valueInc>
			<label>Circuit 1 Condensing Temperature</label>
			<sensorSet>Analog</sensorSet>
		</numSensor>
		<numSensor ruleid="circuit-2-condensing-temperature">
			<type>temp</type>
			<sensorId>CIRCUIT_2_CONDENSING_TEMPERATURE</sensorId>
			<value>
				<div>
				<op>
					<sub>
					<op><getOid>CIRCUIT_2_CONDENSING_TEMPERATURE</getOid></op>
					<op>320</op>
					</sub>
				</op>
				<op>18</op>			
				</div>
			</value>
			<valueInc>0.1</valueInc>
			<label>Circuit 2 Condensing Temperature</label>
			<sensorSet>Analog</sensorSet>
		</numSensor>
		<numSensor ruleid="circuit-1-evaporating-temperature">
			<type>temp</type>
			<sensorId>CIRCUIT_1_EVAPORATING_TEMPERATURE</sensorId>
			<value>
				<div>
				<op>
					<sub>
					<op><getOid>CIRCUIT_1_EVAPORATING_TEMPERATURE</getOid></op>
					<op>320</op>
					</sub>
				</op>
				<op>18</op>			
				</div>
			</value>
			<valueInc>0.1</valueInc>
			<label>Circuit 1 Evaporating Temperature</label>
			<sensorSet>Analog</sensorSet>
		</numSensor>
		<numSensor ruleid="circuit-2-evaporating-temperature">
			<type>temp</type>
			<sensorId>CIRCUIT_2_EVAPORATING_TEMPERATURE</sensorId>
			<value>
				<div>
				<op>
					<sub>
					<op><getOid>CIRCUIT_2_EVAPORATING_TEMPERATURE</getOid></op>
					<op>320</op>
					</sub>
				</op>
				<op>18</op>			
				</div>
			</value>
			<valueInc>0.1</valueInc>
			<label>Circuit 2 Evaporating Temperature</label>
			<sensorSet>Analog</sensorSet>
		</numSensor>
		<numSensor ruleid="circuit-1-condensing-pressure">
			<type>pressure</type>
			<units>psi</units>
			<sensorId>CIRCUIT_1_CONDENSING_PRESSURE</sensorId>
			<value>
				<mult>
				<op><getOid>CIRCUIT_1_CONDENSING_PRESSURE</getOid></op>
				<op>1.45037738</op>
				</mult>
			</value>
			<valueInc>0.1</valueInc>
			<label>Circuit 1 Condensing Pressure</label>
			<sensorSet>Analog</sensorSet>
		</numSensor>
		<numSensor ruleid="circuit-2-condensing-pressure">
			<type>pressure</type>
			<units>psi</units>
			<sensorId>CIRCUIT_2_CONDENSING_PRESSURE</sensorId>
			<value>
				<mult>
				<op><getOid>CIRCUIT_2_CONDENSING_PRESSURE</getOid></op>
				<op>1.45037738</op>
				</mult>
			</value>
			<valueInc>0.1</valueInc>
			<label>Circuit 2 Condensing Pressure</label>
			<sensorSet>Analog</sensorSet>
		</numSensor>
		<numSensor ruleid="circuit-1-evaporating-pressure">
			<type>pressure</type>
			<units>psi</units>
			<sensorId>CIRCUIT_1_EVAPORATING_PRESSURE</sensorId>
			<value>
				<mult>
				<op><getOid>CIRCUIT_1_EVAPORATING_PRESSURE</getOid></op>
				<op>1.45037738</op>
				</mult>
			</value>
			<valueInc>0.1</valueInc>
			<label>Circuit 1 Evaporating Pressure</label>
			<sensorSet>Analog</sensorSet>
		</numSensor>
		<numSensor ruleid="circuit-2-evaporating-pressure">
			<type>pressure</type>
			<units>psi</units>
			<sensorId>CIRCUIT_2_EVAPORATING_PRESSURE</sensorId>
			<value>
				<mult>
				<op><getOid>CIRCUIT_2_EVAPORATING_PRESSURE</getOid></op>
				<op>1.45037738</op>
				</mult>
			</value>
			<valueInc>0.1</valueInc>
			<label>Circuit 2 Evaporating Pressure</label>
			<sensorSet>Analog</sensorSet>
		</numSensor>
		<numSensor ruleid="fan-speed-modul_-ramp-(circuit-1)">
			<type>num</type>
			<units>percent</units>
			<sensorId>FAN_SPEED_MODUL__RAMP_(CIRCUIT_1)</sensorId>
			<value>
				<mult>
				<op><getOid>FAN_SPEED_MODUL__RAMP_(CIRCUIT_1)</getOid></op>
				<op>0.1</op>
				</mult>
			</value>
			<valueInc>0.1</valueInc>
			<label>Fan Speed Modul. Ramp (Circuit 1)</label>
			<sensorSet>Analog</sensorSet>
		</numSensor>
		<numSensor ruleid="fan-speed-modul_-ramp-(circuit-2)">
			<type>num</type>
			<units>percent</units>
			<sensorId>FAN_SPEED_MODUL__RAMP_(CIRCUIT_2)</sensorId>
			<value>
				<mult>
				<op><getOid>FAN_SPEED_MODUL__RAMP_(CIRCUIT_2)</getOid></op>
				<op>0.1</op>
				</mult>
			</value>
			<valueInc>0.1</valueInc>
			<label>Fan Speed Modul. Ramp (Circuit 2)</label>
			<sensorSet>Analog</sensorSet>
		</numSensor>
		<numSensor ruleid="delivery-water-temp_-summer-std-setpoint">
			<type>temp</type>
			<sensorId>DELIVERY_WATER_TEMP__SUMMER_STD_SETPOINT</sensorId>
			<value>
				<div>
				<op>
					<sub>
					<op><getOid>DELIVERY_WATER_TEMP__SUMMER_STD_SETPOINT</getOid></op>
					<op>320</op>
					</sub>
				</op>
				<op>18</op>			
				</div>
			</value>
			<valueInc>0.1</valueInc>
			<label>Delivery Water Temp. Summer STD Setpoint</label>
			<sensorSet>Analog</sensorSet>
		</numSensor>
		<numSensor ruleid="delivery-water-temp_-summer-opt-setpoint">
			<type>temp</type>
			<sensorId>DELIVERY_WATER_TEMP__SUMMER_OPT_SETPOINT</sensorId>
			<value>
				<div>
				<op>
					<sub>
					<op><getOid>DELIVERY_WATER_TEMP__SUMMER_OPT_SETPOINT</getOid></op>
					<op>320</op>
					</sub>
				</op>
				<op>18</op>			
				</div>
			</value>
			<valueInc>0.1</valueInc>
			<label>Delivery Water Temp. Summer OPT Setpoint</label>
			<sensorSet>Analog</sensorSet>
		</numSensor>
		<numSensor ruleid="delivery-water-temp-actual-setpoint">
			<type>temp</type>
			<sensorId>DELIVERY_WATER_TEMP_ACTUAL_SETPOINT</sensorId>
			<value>
				<div>
				<op>
					<sub>
					<op><getOid>DELIVERY_WATER_TEMP_ACTUAL_SETPOINT</getOid></op>
					<op>320</op>
					</sub>
				</op>
				<op>18</op>			
				</div>
			</value>
			<valueInc>0.1</valueInc>
			<label>Delivery Water Temp. Actual Setpoint</label>
			<sensorSet>Analog</sensorSet>
		</numSensor>
		<numSensor ruleid="delivery-water-temp-max-hysteresi">
			<type>temp</type>
			<sensorId>DELIVERY_WATER_TEMP_MAX_HYSTERESI</sensorId>
			<value>
				<div>
				<op>
					<sub>
					<op><getOid>DELIVERY_WATER_TEMP_MAX_HYSTERESI</getOid></op>
					<op>320</op>
					</sub>
				</op>
				<op>18</op>			
				</div>
			</value>
			<valueInc>0.1</valueInc>
			<label>Delivery Water Temp. Max. Hysteresi</label>
			<sensorSet>Analog</sensorSet>
		</numSensor>
		<numSensor ruleid="delivery-water-temp_-summer-setback-mode-setpoint">
			<type>temp</type>
			<sensorId>DELIVERY_WATER_TEMP__SUMMER_SETBACK_MODE_SETPOINT</sensorId>
			<value>
				<div>
				<op>
					<sub>
					<op><getOid>DELIVERY_WATER_TEMP__SUMMER_SETBACK_MODE_SETPOINT</getOid></op>
					<op>320</op>
					</sub>
				</op>
				<op>18</op>			
				</div>
			</value>
			<valueInc>0.1</valueInc>
			<label>Delivery Water Temp. Summer Setback Mode Setpoint</label>
			<sensorSet>Analog</sensorSet>
		</numSensor>
		<numSensor ruleid="delivery-water-temp_-winter-setpoint">
			<type>temp</type>
			<sensorId>DELIVERY_WATER_TEMP__WINTER_SETPOINT</sensorId>
			<value>
				<div>
				<op>
					<sub>
					<op><getOid>DELIVERY_WATER_TEMP__WINTER_SETPOINT</getOid></op>
					<op>320</op>
					</sub>
				</op>
				<op>18</op>			
				</div>
			</value>
			<valueInc>0.1</valueInc>
			<label>Delivery Water Temp. Winter Setpoint</label>
			<sensorSet>Analog</sensorSet>
		</numSensor>
		<numSensor ruleid="delivery-water-temp_-winter-setback-mode-setpoint">
			<type>temp</type>
			<sensorId>DELIVERY_WATER_TEMP__WINTER_SETBACK_MODE_SETPOINT</sensorId>
			<value>
				<div>
				<op>
					<sub>
					<op><getOid>DELIVERY_WATER_TEMP__WINTER_SETBACK_MODE_SETPOINT</getOid></op>
					<op>320</op>
					</sub>
				</op>
				<op>18</op>			
				</div>
			</value>
			<valueInc>0.1</valueInc>
			<label>Delivery Water Temp. Winter Setback Mode Setpoint</label>
			<sensorSet>Analog</sensorSet>
		</numSensor>
		<numSensor ruleid="cw-inlet-high-temp_-summer-alarm-threshold">
			<type>temp</type>
			<sensorId>CW_INLET_HIGH_TEMP__SUMMER_ALARM_THRESHOLD</sensorId>
			<value>
				<div>
				<op>
					<sub>
					<op><getOid>CW_INLET_HIGH_TEMP__SUMMER_ALARM_THRESHOLD</getOid></op>
					<op>320</op>
					</sub>
				</op>
				<op>18</op>			
				</div>
			</value>
			<valueInc>0.1</valueInc>
			<label>CW Inlet High Temp. Summer Alarm Threshold</label>
			<sensorSet>Analog</sensorSet>
		</numSensor>
		<numSensor ruleid="cw-inlet-low-temp_-summer-alarm-threshold">
			<type>temp</type>
			<sensorId>CW_INLET_LOW_TEMP__SUMMER_ALARM_THRESHOLD</sensorId>
			<value>
				<div>
				<op>
					<sub>
					<op><getOid>CW_INLET_LOW_TEMP__SUMMER_ALARM_THRESHOLD</getOid></op>
					<op>320</op>
					</sub>
				</op>
				<op>18</op>			
				</div>
			</value>
			<valueInc>0.1</valueInc>
			<label>CW Inlet Low Temp. Summer Alarm Threshold</label>
			<sensorSet>Analog</sensorSet>
		</numSensor>
		<numSensor ruleid="cw-inlet-high-temp_-alarm-winter-threshold">
			<type>temp</type>
			<sensorId>CW_INLET_HIGH_TEMP__ALARM_WINTER_THRESHOLD</sensorId>
			<value>
				<div>
				<op>
					<sub>
					<op><getOid>CW_INLET_HIGH_TEMP__ALARM_WINTER_THRESHOLD</getOid></op>
					<op>320</op>
					</sub>
				</op>
				<op>18</op>			
				</div>
			</value>
			<valueInc>0.1</valueInc>
			<label>CW Inlet High Temp. Alarm Winter Threshold</label>
			<sensorSet>Analog</sensorSet>
		</numSensor>
		<numSensor ruleid="cw-inlet-low-temp_-alarm-winter-threshold">
			<type>temp</type>
			<sensorId>CW_INLET_LOW_TEMP__ALARM_WINTER_THRESHOLD</sensorId>
			<value>
				<div>
				<op>
					<sub>
					<op><getOid>CW_INLET_LOW_TEMP__ALARM_WINTER_THRESHOLD</getOid></op>
					<op>320</op>
					</sub>
				</op>
				<op>18</op>			
				</div>
			</value>
			<valueInc>0.1</valueInc>
			<label>CW Inlet Low Temp. Alarm Winter Threshold</label>
			<sensorSet>Analog</sensorSet>
		</numSensor>
		<numSensor ruleid="summer-t_ext_-compens_:-p1-t_ext-setpoint">
			<type>temp</type>
			<sensorId>SUMMER_T_EXT__COMPENS_:_P1_T_EXT_SETPOINT</sensorId>
			<value>
				<div>
				<op>
					<sub>
					<op><getOid>SUMMER_T_EXT__COMPENS_:_P1_T_EXT_SETPOINT</getOid></op>
					<op>320</op>
					</sub>
				</op>
				<op>18</op>			
				</div>
			</value>
			<valueInc>0.1</valueInc>
			<label>Summer T.ext. Compens.: P1 T.Ext Setpoint</label>
			<sensorSet>Analog</sensorSet>
		</numSensor>
		<numSensor ruleid="summer-t_ext_-compens_:-p2-t_wout-setpoint">
			<type>temp</type>
			<sensorId>SUMMER_T_EXT__COMPENS_:_P2_T_WOUT_SETPOINT</sensorId>
			<value>
				<div>
				<op>
					<sub>
					<op><getOid>SUMMER_T_EXT__COMPENS_:_P2_T_WOUT_SETPOINT</getOid></op>
					<op>320</op>
					</sub>
				</op>
				<op>18</op>			
				</div>
			</value>
			<valueInc>0.1</valueInc>
			<label>Summer T.ext. Compens.: P2 T.Wout Setpoint</label>
			<sensorSet>Analog</sensorSet>
		</numSensor>
		<numSensor ruleid="summer-t_ext_-compens_:-p2-t_ext-setpoint">
			<type>temp</type>
			<sensorId>SUMMER_T_EXT__COMPENS_:_P2_T_EXT_SETPOINT</sensorId>
			<value>
				<div>
				<op>
					<sub>
					<op><getOid>SUMMER_T_EXT__COMPENS_:_P2_T_EXT_SETPOINT</getOid></op>
					<op>320</op>
					</sub>
				</op>
				<op>18</op>			
				</div>
			</value>
			<valueInc>0.1</valueInc>
			<label>Summer T.ext. Compens.: P2 T.Ext Setpoint</label>
			<sensorSet>Analog</sensorSet>
		</numSensor>
		<numSensor ruleid="winter-t_ext_-compens_:-p1-t_ext-setpoint">
			<type>temp</type>
			<sensorId>WINTER_T_EXT__COMPENS_:_P1_T_EXT_SETPOINT</sensorId>
			<value>
				<div>
				<op>
					<sub>
					<op><getOid>WINTER_T_EXT__COMPENS_:_P1_T_EXT_SETPOINT</getOid></op>
					<op>320</op>
					</sub>
				</op>
				<op>18</op>			
				</div>
			</value>
			<valueInc>0.1</valueInc>
			<label>Winter T.ext. Compens.: P1 T.Ext Setpoint</label>
			<sensorSet>Analog</sensorSet>
		</numSensor>
		<numSensor ruleid="winter-t_ext_-compens_:-p2-t_wout-setpoint">
			<type>temp</type>
			<sensorId>WINTER_T_EXT__COMPENS_:_P2_T_WOUT_SETPOINT</sensorId>
			<value>
				<div>
				<op>
					<sub>
					<op><getOid>WINTER_T_EXT__COMPENS_:_P2_T_WOUT_SETPOINT</getOid></op>
					<op>320</op>
					</sub>
				</op>
				<op>18</op>			
				</div>
			</value>
			<valueInc>0.1</valueInc>
			<label>Winter T.ext. Compens.: P2 T.Wout Setpoint</label>
			<sensorSet>Analog</sensorSet>
		</numSensor>
		<numSensor ruleid="winter-t_ext_-compens_:-p2-t_ext-setpoint">
			<type>temp</type>
			<sensorId>WINTER_T_EXT__COMPENS_:_P2_T_EXT_SETPOINT</sensorId>
			<value>
				<div>
				<op>
					<sub>
					<op><getOid>WINTER_T_EXT__COMPENS_:_P2_T_EXT_SETPOINT</getOid></op>
					<op>320</op>
					</sub>
				</op>
				<op>18</op>			
				</div>
			</value>
			<valueInc>0.1</valueInc>
			<label>Winter T.ext. Compens.: P2 T.Ext Setpoint</label>
			<sensorSet>Analog</sensorSet>
		</numSensor>
		<numSensor ruleid="free-cooling-activation-setpoint">
			<type>temp</type>
			<sensorId>FREE-COOLING_ACTIVATION_SETPOINT</sensorId>
			<value>
				<div>
				<op>
					<sub>
					<op><getOid>FREE-COOLING_ACTIVATION_SETPOINT</getOid></op>
					<op>320</op>
					</sub>
				</op>
				<op>18</op>			
				</div>
			</value>
			<valueInc>0.1</valueInc>
			<label>Free-Cooling Activation Setpoint</label>
			<sensorSet>Analog</sensorSet>
		</numSensor>
		<numSensor ruleid="superheating-circuit-1">
			<type>temp</type>
			<sensorId>SUPERHEATING_CIRCUIT_1</sensorId>
			<value>
				<div>
				<op>
					<sub>
					<op><getOid>SUPERHEATING_CIRCUIT_1</getOid></op>
					<op>320</op>
					</sub>
				</op>
				<op>18</op>			
				</div>
			</value>
			<valueInc>0.1</valueInc>
			<label>Superheating Circuit 1</label>
			<sensorSet>Analog</sensorSet>
		</numSensor>
		<numSensor ruleid="superheating-circuit-2">
			<type>temp</type>
			<sensorId>SUPERHEATING_CIRCUIT_2</sensorId>
			<value>
				<div>
				<op>
					<sub>
					<op><getOid>SUPERHEATING_CIRCUIT_2</getOid></op>
					<op>320</op>
					</sub>
				</op>
				<op>18</op>			
				</div>
			</value>
			<valueInc>0.1</valueInc>
			<label>Superheating Circuit 2</label>
			<sensorSet>Analog</sensorSet>
		</numSensor>
		<valueMap ruleid="binaryDefaultZero-vm">
			<valueIn>0</valueIn><valueOut>0</valueOut>
			<valueIn>1</valueIn><valueOut>1</valueOut>
			<valueIn>*</valueIn><valueOut>*</valueOut>
		</valueMap>
		<enumMap ruleid="onOff-em">
			<label>Off</label>
			<label>On</label>
		</enumMap>
		<enumMap ruleid="trueFalse-em">
			<label>False</label>
			<label>True</label>
		</enumMap>
		<enumMap ruleid="numUnits-em">
			<label>One</label>
			<label>Two</label>
		</enumMap>

	</device>
	<protocol>
		<modbus>
			<value_ref_id valid="SYSTEM_ON">
				<function>1</function>
				<start_addr>1</start_addr>
				<quantity>1</quantity>
				<type>bit</type>
			</value_ref_id>
			<value_ref_id valid="COMPRESSOR_1">
				<function>1</function>
				<start_addr>2</start_addr>
				<quantity>1</quantity>
				<type>bit</type>
			</value_ref_id>
			<value_ref_id valid="COMPRESSOR_2">
				<function>1</function>
				<start_addr>3</start_addr>
				<quantity>1</quantity>
				<type>bit</type>
			</value_ref_id>
			<value_ref_id valid="COMPRESSOR_3">
				<function>1</function>
				<start_addr>4</start_addr>
				<quantity>1</quantity>
				<type>bit</type>
			</value_ref_id>
			<value_ref_id valid="COMPRESSOR_4">
				<function>1</function>
				<start_addr>5</start_addr>
				<quantity>1</quantity>
				<type>bit</type>
			</value_ref_id>
			<value_ref_id valid="CIRCULATING_PUMP_1">
				<function>1</function>
				<start_addr>6</start_addr>
				<quantity>1</quantity>
				<type>bit</type>
			</value_ref_id>
			<value_ref_id valid="CIRCULATING_PUMP_2">
				<function>1</function>
				<start_addr>7</start_addr>
				<quantity>1</quantity>
				<type>bit</type>
			</value_ref_id>
			<value_ref_id valid="CIRC__1_REFRIGERANT_SHUT-OFF_VALVE">
				<function>1</function>
				<start_addr>8</start_addr>
				<quantity>1</quantity>
				<type>bit</type>
			</value_ref_id>
			<value_ref_id valid="CIRC__2_REFRIGERANT_SHUT-OFF_VALVE">
				<function>1</function>
				<start_addr>9</start_addr>
				<quantity>1</quantity>
				<type>bit</type>
			</value_ref_id>
			<value_ref_id valid="100%_HEAT_RECOVERY">
				<function>1</function>
				<start_addr>10</start_addr>
				<quantity>1</quantity>
				<type>bit</type>
			</value_ref_id>
			<value_ref_id valid="ANTIFREEZE_HEATERS">
				<function>1</function>
				<start_addr>11</start_addr>
				<quantity>1</quantity>
				<type>bit</type>
			</value_ref_id>
			<value_ref_id valid="REGULATING_CONDENSING_FANS">
				<function>1</function>
				<start_addr>12</start_addr>
				<quantity>1</quantity>
				<type>bit</type>
			</value_ref_id>
			<value_ref_id valid="DIRECT_CONDENSING_FANS">
				<function>1</function>
				<start_addr>13</start_addr>
				<quantity>1</quantity>
				<type>bit</type>
			</value_ref_id>
			<value_ref_id valid="CIRCUIT_1_DEFROST">
				<function>1</function>
				<start_addr>14</start_addr>
				<quantity>1</quantity>
				<type>bit</type>
			</value_ref_id>
			<value_ref_id valid="CIRCUIT_2_DEFROST">
				<function>1</function>
				<start_addr>15</start_addr>
				<quantity>1</quantity>
				<type>bit</type>
			</value_ref_id>
			<value_ref_id valid="LOW_POWER_CONSUMPTION_MODE">
				<function>1</function>
				<start_addr>16</start_addr>
				<quantity>1</quantity>
				<type>bit</type>
			</value_ref_id>
			<value_ref_id valid="WINTER_MODE">
				<function>1</function>
				<start_addr>17</start_addr>
				<quantity>1</quantity>
				<type>bit</type>
			</value_ref_id>
			<value_ref_id valid="FREE-COOLING">
				<function>1</function>
				<start_addr>18</start_addr>
				<quantity>1</quantity>
				<type>bit</type>
			</value_ref_id>
			<value_ref_id valid="WRONG_PASSWORD_ALARM">
				<function>1</function>
				<start_addr>19</start_addr>
				<quantity>1</quantity>
				<type>bit</type>
			</value_ref_id>
			<value_ref_id valid="WATER_INLET_HIGH_TEMPERATURE_ALARM">
				<function>1</function>
				<start_addr>20</start_addr>
				<quantity>1</quantity>
				<type>bit</type>
			</value_ref_id>
			<value_ref_id valid="WATER_INLET_LOW_TEMPERATURE_ALARM">
				<function>1</function>
				<start_addr>21</start_addr>
				<quantity>1</quantity>
				<type>bit</type>
			</value_ref_id>
			<value_ref_id valid="LOSS_OF_WATER_FLOW_ALARM">
				<function>1</function>
				<start_addr>22</start_addr>
				<quantity>1</quantity>
				<type>bit</type>
			</value_ref_id>
			<value_ref_id valid="LOW_PRESSURE_1_PREALARM_(AUTO_RESET)">
				<function>1</function>
				<start_addr>23</start_addr>
				<quantity>1</quantity>
				<type>bit</type>
			</value_ref_id>
			<value_ref_id valid="LOW_PRESSURE_2_PREALARM_(AUTO_RESET)">
				<function>1</function>
				<start_addr>24</start_addr>
				<quantity>1</quantity>
				<type>bit</type>
			</value_ref_id>
			<value_ref_id valid="LOW_PRESSURE_1_ALARM">
				<function>1</function>
				<start_addr>25</start_addr>
				<quantity>1</quantity>
				<type>bit</type>
			</value_ref_id>
			<value_ref_id valid="LOW_PRESSURE_2_ALARM">
				<function>1</function>
				<start_addr>26</start_addr>
				<quantity>1</quantity>
				<type>bit</type>
			</value_ref_id>
			<value_ref_id valid="HIGH_PRESSURE_1_ALARM">
				<function>1</function>
				<start_addr>27</start_addr>
				<quantity>1</quantity>
				<type>bit</type>
			</value_ref_id>
			<value_ref_id valid="HIGH_PRESSURE_2_ALARM">
				<function>1</function>
				<start_addr>28</start_addr>
				<quantity>1</quantity>
				<type>bit</type>
			</value_ref_id>
			<value_ref_id valid="COMPRESSOR_1_OVERLOAD_ALARM">
				<function>1</function>
				<start_addr>29</start_addr>
				<quantity>1</quantity>
				<type>bit</type>
			</value_ref_id>
			<value_ref_id valid="COMPRESSOR_2_OVERLOAD_ALARM">
				<function>1</function>
				<start_addr>30</start_addr>
				<quantity>1</quantity>
				<type>bit</type>
			</value_ref_id>
			<value_ref_id valid="COMPRESSOR_3_OVERLOAD_ALARM">
				<function>1</function>
				<start_addr>31</start_addr>
				<quantity>1</quantity>
				<type>bit</type>
			</value_ref_id>
			<value_ref_id valid="COMPRESSOR_4_OVERLOAD_ALARM">
				<function>1</function>
				<start_addr>32</start_addr>
				<quantity>1</quantity>
				<type>bit</type>
			</value_ref_id>
			<value_ref_id valid="CIRCULATING_PUMP_1_OVERLOAD_ALARM">
				<function>1</function>
				<start_addr>33</start_addr>
				<quantity>1</quantity>
				<type>bit</type>
			</value_ref_id>
			<value_ref_id valid="CIRCULATING_PUMP_2_OVERLOAD_ALARM">
				<function>1</function>
				<start_addr>34</start_addr>
				<quantity>1</quantity>
				<type>bit</type>
			</value_ref_id>
			<value_ref_id valid="FREE-COOLING_PUMP_OVERLOAD_ALARM">
				<function>1</function>
				<start_addr>35</start_addr>
				<quantity>1</quantity>
				<type>bit</type>
			</value_ref_id>
			<value_ref_id valid="CIRCUIT_1_ANTIFREEZE_ALARM">
				<function>1</function>
				<start_addr>36</start_addr>
				<quantity>1</quantity>
				<type>bit</type>
			</value_ref_id>
			<value_ref_id valid="CIRCUIT_2_ANTIFREEZE_ALARM">
				<function>1</function>
				<start_addr>37</start_addr>
				<quantity>1</quantity>
				<type>bit</type>
			</value_ref_id>
			<value_ref_id valid="HEAT_RECOVERY_LIMIT_ALARM">
				<function>1</function>
				<start_addr>38</start_addr>
				<quantity>1</quantity>
				<type>bit</type>
			</value_ref_id>
			<value_ref_id valid="HEAT_RECOVERY_LIMIT_PREALARM_(AUTO_RESET)">
				<function>1</function>
				<start_addr>39</start_addr>
				<quantity>1</quantity>
				<type>bit</type>
			</value_ref_id>
			<value_ref_id valid="INTERRUPTED_LAN_ALRAM">
				<function>1</function>
				<start_addr>40</start_addr>
				<quantity>1</quantity>
				<type>bit</type>
			</value_ref_id>
			<value_ref_id valid="WATER_INLET_TEMP__SENSOR_FAILURE/DISCONNECTED">
				<function>1</function>
				<start_addr>41</start_addr>
				<quantity>1</quantity>
				<type>bit</type>
			</value_ref_id>
			<value_ref_id valid="WATER_OUTLET_TEMP__SENSOR_FAILURE/DISCONNECTED">
				<function>1</function>
				<start_addr>42</start_addr>
				<quantity>1</quantity>
				<type>bit</type>
			</value_ref_id>
			<value_ref_id valid="WATER_TANK_TEMP__SENSOR_FAILURE/DISCONNECTED">
				<function>1</function>
				<start_addr>43</start_addr>
				<quantity>1</quantity>
				<type>bit</type>
			</value_ref_id>
			<value_ref_id valid="OUTDOOR_AIR_TEMP__SENSOR_FAILURE/DISCONNECTED">
				<function>1</function>
				<start_addr>44</start_addr>
				<quantity>1</quantity>
				<type>bit</type>
			</value_ref_id>
			<value_ref_id valid="CONDENSING_1_TEMP__SENSOR_FAILURE/DISCONNECTED">
				<function>1</function>
				<start_addr>45</start_addr>
				<quantity>1</quantity>
				<type>bit</type>
			</value_ref_id>
			<value_ref_id valid="CONDENSING_2_TEMP__SENSOR_FAILURE/DISCONNECTED">
				<function>1</function>
				<start_addr>46</start_addr>
				<quantity>1</quantity>
				<type>bit</type>
			</value_ref_id>
			<value_ref_id valid="CONDENSING_1_PRESS__SENSOR_FAILURE/DISCONNECTED">
				<function>1</function>
				<start_addr>47</start_addr>
				<quantity>1</quantity>
				<type>bit</type>
			</value_ref_id>
			<value_ref_id valid="CONDENSING_2_PRESS__SENSOR_FAILURE/DISCONNECTED">
				<function>1</function>
				<start_addr>48</start_addr>
				<quantity>1</quantity>
				<type>bit</type>
			</value_ref_id>
			<value_ref_id valid="EVAPORATING_1_PRESS__SENSOR_FAILURE/DISCONNECTED">
				<function>1</function>
				<start_addr>49</start_addr>
				<quantity>1</quantity>
				<type>bit</type>
			</value_ref_id>
			<value_ref_id valid="EVAPORATING_2_PRESS__SENSOR_FAILURE/DISCONNECTED">
				<function>1</function>
				<start_addr>50</start_addr>
				<quantity>1</quantity>
				<type>bit</type>
			</value_ref_id>
		    <value_ref_id valid="general_alarm_state">
        <function>1</function>
        <start_addr>51</start_addr>
        <quantity>1</quantity>
        <type>bit</type>
      </value_ref_id>

      <value_ref_id valid="second_level_alarm_state">
        <function>1</function>
        <start_addr>52</start_addr>
        <quantity>1</quantity>
        <type>bit</type>
      </value_ref_id>
			<value_ref_id valid="COMPRESSOR_1:_HOUR_COUNTER_THRESHOLD_ALARM">
				<function>1</function>
				<start_addr>53</start_addr>
				<quantity>1</quantity>
				<type>bit</type>
			</value_ref_id>
			<value_ref_id valid="COMPRESSOR_2:_HOUR_COUNTER_THRESHOLD_ALARM">
				<function>1</function>
				<start_addr>54</start_addr>
				<quantity>1</quantity>
				<type>bit</type>
			</value_ref_id>
			<value_ref_id valid="COMPRESSOR_3:_HOUR_COUNTER_THRESHOLD_ALARM">
				<function>1</function>
				<start_addr>55</start_addr>
				<quantity>1</quantity>
				<type>bit</type>
			</value_ref_id>
			<value_ref_id valid="COMPRESSOR_4:_HOUR_COUNTER_THRESHOLD_ALARM">
				<function>1</function>
				<start_addr>56</start_addr>
				<quantity>1</quantity>
				<type>bit</type>
			</value_ref_id>
			<value_ref_id valid="CIRCULATING_PUMP_1:_HOUR_COUNTER_THRESHOLD_ALARM">
				<function>1</function>
				<start_addr>57</start_addr>
				<quantity>1</quantity>
				<type>bit</type>
			</value_ref_id>
			<value_ref_id valid="CIRCULATING_PUMP_2:_HOUR_COUNTER_THRESHOLD_ALARM">
				<function>1</function>
				<start_addr>58</start_addr>
				<quantity>1</quantity>
				<type>bit</type>
			</value_ref_id>
			<value_ref_id valid="NUMBER_OF_STANDBY_UNITS">
				<function>1</function>
				<start_addr>66</start_addr>
				<quantity>1</quantity>
				<type>bit</type>
			</value_ref_id>
			<value_ref_id valid="WATER_TANK_TEMP__SENSOR_FITTED">
				<function>1</function>
				<start_addr>67</start_addr>
				<quantity>1</quantity>
				<type>bit</type>
			</value_ref_id>
			<value_ref_id valid="RUN+STANDBY_CIRCULATING_PUMPS_FITTED">
				<function>1</function>
				<start_addr>70</start_addr>
				<quantity>1</quantity>
				<type>bit</type>
			</value_ref_id>
			<value_ref_id valid="CIRCUIT_1_PUMP-DOWN_FAILED">
				<function>1</function>
				<start_addr>71</start_addr>
				<quantity>1</quantity>
				<type>bit</type>
			</value_ref_id>
			<value_ref_id valid="CIRCUIT_2_PUMP-DOWN_FAILED">
				<function>1</function>
				<start_addr>72</start_addr>
				<quantity>1</quantity>
				<type>bit</type>
			</value_ref_id>
			<value_ref_id valid="CIRCUIT_1_COMPRESSOR_MALFUNCTION">
				<function>1</function>
				<start_addr>73</start_addr>
				<quantity>1</quantity>
				<type>bit</type>
			</value_ref_id>
			<value_ref_id valid="CIRCUIT_2_COMPRESSOR_MALFUNCTION">
				<function>1</function>
				<start_addr>74</start_addr>
				<quantity>1</quantity>
				<type>bit</type>
			</value_ref_id>
			<value_ref_id valid="HIGH_CONDENSING_TEMPERATURE_1">
				<function>1</function>
				<start_addr>75</start_addr>
				<quantity>1</quantity>
				<type>bit</type>
			</value_ref_id>
			<value_ref_id valid="HIGH_CONDENSING_TEMPERATURE_2">
				<function>1</function>
				<start_addr>76</start_addr>
				<quantity>1</quantity>
				<type>bit</type>
			</value_ref_id>
			<value_ref_id valid="CIRCUIT_1_COMPRESSOR_OPERATIVE_LIMITS">
				<function>1</function>
				<start_addr>77</start_addr>
				<quantity>1</quantity>
				<type>bit</type>
			</value_ref_id>
			<value_ref_id valid="CIRCUIT_2_COMPRESSOR_OPERATIVE_LIMITS">
				<function>1</function>
				<start_addr>78</start_addr>
				<quantity>1</quantity>
				<type>bit</type>
			</value_ref_id>
			<value_ref_id valid="DEFROST_LIMITS_NON-PERFORMING">
				<function>1</function>
				<start_addr>79</start_addr>
				<quantity>1</quantity>
				<type>bit</type>
			</value_ref_id>
			<value_ref_id valid="COMPRESSOR_5_OVERLOAD_ALARM">
				<function>1</function>
				<start_addr>80</start_addr>
				<quantity>1</quantity>
				<type>bit</type>
			</value_ref_id>
			<value_ref_id valid="COMPRESSOR_6_OVERLOAD_ALARM">
				<function>1</function>
				<start_addr>81</start_addr>
				<quantity>1</quantity>
				<type>bit</type>
			</value_ref_id>
			<value_ref_id valid="COMPRESSOR_5">
				<function>1</function>
				<start_addr>82</start_addr>
				<quantity>1</quantity>
				<type>bit</type>
			</value_ref_id>
			<value_ref_id valid="COMPRESSOR_6">
				<function>1</function>
				<start_addr>83</start_addr>
				<quantity>1</quantity>
				<type>bit</type>
			</value_ref_id>
			<value_ref_id valid="COMPRESSOR_5:_HOUR_COUNTER_THRESHOLD_ALARM">
				<function>1</function>
				<start_addr>84</start_addr>
				<quantity>1</quantity>
				<type>bit</type>
			</value_ref_id>
			<value_ref_id valid="COMPRESSOR_6:_HOUR_COUNTER_THRESHOLD_ALARM">
				<function>1</function>
				<start_addr>85</start_addr>
				<quantity>1</quantity>
				<type>bit</type>
			</value_ref_id>
			<value_ref_id valid="EXV_CIRCUIT_1_ALARM">
				<function>1</function>
				<start_addr>86</start_addr>
				<quantity>1</quantity>
				<type>bit</type>
			</value_ref_id>
			<value_ref_id valid="EXV_CIRCUIT_2_ALARM">
				<function>1</function>
				<start_addr>87</start_addr>
				<quantity>1</quantity>
				<type>bit</type>
			</value_ref_id>
			<value_ref_id valid="ALARM_BOARD_2_NOT_CONNECTED">
				<function>1</function>
				<start_addr>88</start_addr>
				<quantity>1</quantity>
				<type>bit</type>
			</value_ref_id>
			<value_ref_id valid="MAINS_PHASE_ERROR/VOLTAGE_OUT_OF_LIMIT">
				<function>1</function>
				<start_addr>89</start_addr>
				<quantity>1</quantity>
				<type>bit</type>
			</value_ref_id>
			<value_ref_id valid="EXV_CIRCUIT_1_NOT_CONNECTED">
				<function>1</function>
				<start_addr>90</start_addr>
				<quantity>1</quantity>
				<type>bit</type>
			</value_ref_id>
			<value_ref_id valid="EXV_CIRCUIT_2_NOT_CONNECTED">
				<function>1</function>
				<start_addr>91</start_addr>
				<quantity>1</quantity>
				<type>bit</type>
			</value_ref_id>
			<value_ref_id valid="WATER_OUTLET_TEMPERATURE">
				<function>3</function>
				<start_addr>1</start_addr>
				<quantity>1</quantity>
				<type>int_16</type>
			</value_ref_id>
			<value_ref_id valid="WATER_OUTLET_TEMPERATURE_(REGULATOR)">
				<function>3</function>
				<start_addr>2</start_addr>
				<quantity>1</quantity>
				<type>int_16</type>
			</value_ref_id>
			<value_ref_id valid="WATER_INLET_TEMPERATURE">
				<function>3</function>
				<start_addr>3</start_addr>
				<quantity>1</quantity>
				<type>int_16</type>
			</value_ref_id>
			<value_ref_id valid="WATER_TANK_TEMPERATURE">
				<function>3</function>
				<start_addr>4</start_addr>
				<quantity>1</quantity>
				<type>int_16</type>
			</value_ref_id>
			<value_ref_id valid="OUTDOOR_AIR_TEMPERATURE">
				<function>3</function>
				<start_addr>5</start_addr>
				<quantity>1</quantity>
				<type>int_16</type>
			</value_ref_id>
			<value_ref_id valid="CIRCUIT_1_CONDENSING_TEMPERATURE">
				<function>3</function>
				<start_addr>6</start_addr>
				<quantity>1</quantity>
				<type>int_16</type>
			</value_ref_id>
			<value_ref_id valid="CIRCUIT_2_CONDENSING_TEMPERATURE">
				<function>3</function>
				<start_addr>7</start_addr>
				<quantity>1</quantity>
				<type>int_16</type>
			</value_ref_id>
			<value_ref_id valid="CIRCUIT_1_EVAPORATING_TEMPERATURE">
				<function>3</function>
				<start_addr>8</start_addr>
				<quantity>1</quantity>
				<type>int_16</type>
			</value_ref_id>
			<value_ref_id valid="CIRCUIT_2_EVAPORATING_TEMPERATURE">
				<function>3</function>
				<start_addr>9</start_addr>
				<quantity>1</quantity>
				<type>int_16</type>
			</value_ref_id>
			<value_ref_id valid="CIRCUIT_1_CONDENSING_PRESSURE">
				<function>3</function>
				<start_addr>10</start_addr>
				<quantity>1</quantity>
				<type>uint_16</type>
			</value_ref_id>
			<value_ref_id valid="CIRCUIT_2_CONDENSING_PRESSURE">
				<function>3</function>
				<start_addr>11</start_addr>
				<quantity>1</quantity>
				<type>uint_16</type>
			</value_ref_id>
			<value_ref_id valid="CIRCUIT_1_EVAPORATING_PRESSURE">
				<function>3</function>
				<start_addr>12</start_addr>
				<quantity>1</quantity>
				<type>uint_16</type>
			</value_ref_id>
			<value_ref_id valid="CIRCUIT_2_EVAPORATING_PRESSURE">
				<function>3</function>
				<start_addr>13</start_addr>
				<quantity>1</quantity>
				<type>uint_16</type>
			</value_ref_id>
			<value_ref_id valid="FAN_SPEED_MODUL__RAMP_(CIRCUIT_1)">
				<function>3</function>
				<start_addr>16</start_addr>
				<quantity>1</quantity>
				<type>uint_16</type>
			</value_ref_id>
			<value_ref_id valid="FAN_SPEED_MODUL__RAMP_(CIRCUIT_2)">
				<function>3</function>
				<start_addr>17</start_addr>
				<quantity>1</quantity>
				<type>uint_16</type>
			</value_ref_id>
			<value_ref_id valid="DELIVERY_WATER_TEMP_ACTUAL_SETPOINT">
				<function>3</function>
				<start_addr>18</start_addr>
				<quantity>1</quantity>
				<type>int_16</type>
			</value_ref_id>
			<value_ref_id valid="DELIVERY_WATER_TEMP_MAX_HYSTERESI">
				<function>3</function>
				<start_addr>19</start_addr>
				<quantity>1</quantity>
				<type>int_16</type>
			</value_ref_id>
			<value_ref_id valid="DELIVERY_WATER_TEMP__SUMMER_STD_SETPOINT">
				<function>3</function>
				<start_addr>21</start_addr>
				<quantity>1</quantity>
				<type>int_16</type>
			</value_ref_id>
			<value_ref_id valid="DELIVERY_WATER_TEMP__SUMMER_OPT_SETPOINT">
				<function>3</function>
				<start_addr>22</start_addr>
				<quantity>1</quantity>
				<type>int_16</type>
			</value_ref_id>
			<value_ref_id valid="DELIVERY_WATER_TEMP__SUMMER_SETBACK_MODE_SETPOINT">
				<function>3</function>
				<start_addr>23</start_addr>
				<quantity>1</quantity>
				<type>int_16</type>
			</value_ref_id>
			<value_ref_id valid="DELIVERY_WATER_TEMP__WINTER_SETPOINT">
				<function>3</function>
				<start_addr>24</start_addr>
				<quantity>1</quantity>
				<type>int_16</type>
			</value_ref_id>
			<value_ref_id valid="DELIVERY_WATER_TEMP__WINTER_SETBACK_MODE_SETPOINT">
				<function>3</function>
				<start_addr>25</start_addr>
				<quantity>1</quantity>
				<type>int_16</type>
			</value_ref_id>
			<value_ref_id valid="CW_INLET_HIGH_TEMP__SUMMER_ALARM_THRESHOLD">
				<function>3</function>
				<start_addr>26</start_addr>
				<quantity>1</quantity>
				<type>int_16</type>
			</value_ref_id>
			<value_ref_id valid="CW_INLET_LOW_TEMP__SUMMER_ALARM_THRESHOLD">
				<function>3</function>
				<start_addr>27</start_addr>
				<quantity>1</quantity>
				<type>int_16</type>
			</value_ref_id>
			<value_ref_id valid="CW_INLET_HIGH_TEMP__ALARM_WINTER_THRESHOLD">
				<function>3</function>
				<start_addr>28</start_addr>
				<quantity>1</quantity>
				<type>int_16</type>
			</value_ref_id>
			<value_ref_id valid="CW_INLET_LOW_TEMP__ALARM_WINTER_THRESHOLD">
				<function>3</function>
				<start_addr>29</start_addr>
				<quantity>1</quantity>
				<type>int_16</type>
			</value_ref_id>
			<value_ref_id valid="SUMMER_T_EXT__COMPENS_:_P1_T_EXT_SETPOINT">
				<function>3</function>
				<start_addr>30</start_addr>
				<quantity>1</quantity>
				<type>int_16</type>
			</value_ref_id>
			<value_ref_id valid="SUMMER_T_EXT__COMPENS_:_P2_T_WOUT_SETPOINT">
				<function>3</function>
				<start_addr>31</start_addr>
				<quantity>1</quantity>
				<type>int_16</type>
			</value_ref_id>
			<value_ref_id valid="SUMMER_T_EXT__COMPENS_:_P2_T_EXT_SETPOINT">
				<function>3</function>
				<start_addr>32</start_addr>
				<quantity>1</quantity>
				<type>int_16</type>
			</value_ref_id>
			<value_ref_id valid="WINTER_T_EXT__COMPENS_:_P1_T_EXT_SETPOINT">
				<function>3</function>
				<start_addr>33</start_addr>
				<quantity>1</quantity>
				<type>int_16</type>
			</value_ref_id>
			<value_ref_id valid="WINTER_T_EXT__COMPENS_:_P2_T_WOUT_SETPOINT">
				<function>3</function>
				<start_addr>34</start_addr>
				<quantity>1</quantity>
				<type>int_16</type>
			</value_ref_id>
			<value_ref_id valid="WINTER_T_EXT__COMPENS_:_P2_T_EXT_SETPOINT">
				<function>3</function>
				<start_addr>35</start_addr>
				<quantity>1</quantity>
				<type>int_16</type>
			</value_ref_id>
			<value_ref_id valid="FREE-COOLING_ACTIVATION_SETPOINT">
				<function>3</function>
				<start_addr>36</start_addr>
				<quantity>1</quantity>
				<type>int_16</type>
			</value_ref_id>
			<value_ref_id valid="SUPERHEATING_CIRCUIT_1">
				<function>3</function>
				<start_addr>37</start_addr>
				<quantity>1</quantity>
				<type>int_16</type>
			</value_ref_id>
			<value_ref_id valid="SUPERHEATING_CIRCUIT_2">
				<function>3</function>
				<start_addr>38</start_addr>
				<quantity>1</quantity>
				<type>int_16</type>
			</value_ref_id>

			<packet>
				<function>1</function>
				<start_addr>1</start_addr>
				<quantity>58</quantity>
			</packet>
			<packet>
				<function>1</function>
				<start_addr>66</start_addr>
				<quantity>2</quantity>
			</packet>
			<packet>
				<function>1</function>
				<start_addr>70</start_addr>
				<quantity>22</quantity>
			</packet>
			<packet>
				<function>3</function>
				<start_addr>1</start_addr>
				<quantity>13</quantity>
			</packet>
			<packet>
				<function>3</function>
				<start_addr>16</start_addr>
				<quantity>4</quantity>
			</packet>
			<packet>
				<function>3</function>
				<start_addr>21</start_addr>
				<quantity>18</quantity>
			</packet>

		</modbus>
	</protocol>
</APC_DDF>
